Price,Close,High,Low,Open,Volume
Ticker,^N225,^N225,^N225,^N225,^N225
Datetime,,,,,
2023-08-07 00:00:00+00:00,31968.0703125,31971.94921875,31830.23046875,31921.279296875,0
2023-08-07 01:00:00+00:00,32141.359375,32147.7890625,31929.58984375,31965.939453125,0
2023-08-07 02:00:00+00:00,32190.310546875,32190.310546875,32134.349609375,32144.630859375,0
2023-08-07 03:00:00+00:00,32220.7109375,32237.130859375,32179.669921875,32227.55078125,0
2023-08-07 04:00:00+00:00,32224.310546875,32279.1796875,32146.140625,32220.669921875,0
2023-08-07 05:00:00+00:00,32281.41015625,32306.869140625,32183.609375,32224.44921875,0
2023-08-07 06:00:00+00:00,32254.560546875,32254.560546875,32254.560546875,32254.560546875,0
2023-08-08 00:00:00+00:00,32519.619140625,32528.279296875,32343.900390625,32430.609375,0
2023-08-08 01:00:00+00:00,32275.419921875,32539.880859375,32274.650390625,32519.470703125,0
2023-08-08 02:00:00+00:00,32358.099609375,32366.94921875,32238.58984375,32274.9296875,0
2023-08-08 03:00:00+00:00,32331.640625,32397.2890625,32331.3203125,32371.580078125,0
2023-08-08 04:00:00+00:00,32349.08984375,32380.4609375,32316.060546875,32332.0,0
2023-08-08 05:00:00+00:00,32365.720703125,32426.240234375,32338.7109375,32349.099609375,0
2023-08-08 06:00:00+00:00,32377.2890625,32377.2890625,32361.9296875,32361.9296875,0
2023-08-09 00:00:00+00:00,32323.900390625,32380.2109375,32220.05078125,32346.3203125,0
2023-08-09 01:00:00+00:00,32303.83984375,32407.849609375,32297.98046875,32315.48046875,0
2023-08-09 02:00:00+00:00,32241.630859375,32350.51953125,32241.630859375,32303.05078125,0
2023-08-09 03:00:00+00:00,32200.7109375,32230.970703125,32181.0390625,32203.580078125,0
2023-08-09 04:00:00+00:00,32234.8203125,32274.619140625,32175.640625,32201.529296875,0
2023-08-09 05:00:00+00:00,32247.2890625,32283.390625,32231.630859375,32234.580078125,0
2023-08-09 06:00:00+00:00,32204.330078125,32204.330078125,32204.330078125,32204.330078125,0
2023-08-10 00:00:00+00:00,32248.05078125,32258.619140625,32015.9609375,32015.9609375,0
2023-08-10 01:00:00+00:00,32233.900390625,32270.91015625,32178.619140625,32250.759765625,0
2023-08-10 02:00:00+00:00,32338.94921875,32353.130859375,32233.810546875,32233.810546875,0
2023-08-10 03:00:00+00:00,32387.33984375,32402.810546875,32342.240234375,32359.26953125,0
2023-08-10 04:00:00+00:00,32433.9609375,32444.529296875,32362.470703125,32389.83984375,0
2023-08-10 05:00:00+00:00,32503.9609375,32504.849609375,32428.7890625,32434.359375,0
2023-08-10 06:00:00+00:00,32473.650390625,32502.55078125,32473.650390625,32502.55078125,0
2023-08-14 00:00:00+00:00,32388.169921875,32613.990234375,32366.779296875,32456.720703125,0
2023-08-14 01:00:00+00:00,32327.19921875,32403.859375,32261.630859375,32385.2890625,0
2023-08-14 02:00:00+00:00,32160.30078125,32327.470703125,32157.80078125,32326.220703125,0
2023-08-14 03:00:00+00:00,32123.810546875,32170.0703125,32057.7109375,32153.390625,0
2023-08-14 04:00:00+00:00,32041.439453125,32123.490234375,32038.669921875,32123.490234375,0
2023-08-14 05:00:00+00:00,32083.25,32132.94921875,32031.5390625,32042.98046875,0
2023-08-14 06:00:00+00:00,32059.91015625,32085.2890625,32059.91015625,32085.2890625,0
2023-08-15 00:00:00+00:00,32328.859375,32403.9296875,32292.880859375,32372.529296875,0
2023-08-15 01:00:00+00:00,32340.669921875,32354.8203125,32232.849609375,32327.640625,0
2023-08-15 02:00:00+00:00,32315.609375,32345.669921875,32257.369140625,32345.669921875,0
2023-08-15 03:00:00+00:00,32341.650390625,32346.259765625,32295.58984375,32330.259765625,0
2023-08-15 04:00:00+00:00,32296.640625,32373.279296875,32296.640625,32341.0703125,0
2023-08-15 05:00:00+00:00,32240.75,32297.669921875,32218.2890625,32296.359375,0
2023-08-15 06:00:00+00:00,32238.890625,32238.890625,32217.51953125,32217.51953125,0
2023-08-16 00:00:00+00:00,31885.650390625,31997.279296875,31784.91015625,31965.580078125,0
2023-08-16 01:00:00+00:00,31885.05078125,31941.310546875,31853.279296875,31885.5390625,0
2023-08-16 02:00:00+00:00,31906.25,31921.16015625,31841.099609375,31885.310546875,0
2023-08-16 03:00:00+00:00,31902.380859375,31951.6796875,31878.849609375,31934.869140625,0
2023-08-16 04:00:00+00:00,31862.75,31917.1796875,31818.9609375,31901.259765625,0
2023-08-16 05:00:00+00:00,31787.80078125,31863.240234375,31780.720703125,31863.240234375,0
2023-08-16 06:00:00+00:00,31766.8203125,31795.779296875,31766.8203125,31795.779296875,0
2023-08-17 00:00:00+00:00,31455.689453125,31647.73046875,31417.470703125,31621.98046875,0
2023-08-17 01:00:00+00:00,31415.05078125,31456.30078125,31309.6796875,31454.55078125,0
2023-08-17 02:00:00+00:00,31478.900390625,31493.939453125,31400.5703125,31414.640625,0
2023-08-17 03:00:00+00:00,31628.5390625,31628.779296875,31565.73046875,31583.66015625,0
2023-08-17 04:00:00+00:00,31620.169921875,31704.080078125,31604.3203125,31628.939453125,0
2023-08-17 05:00:00+00:00,31601.259765625,31654.26953125,31534.580078125,31620.7890625,0
2023-08-17 06:00:00+00:00,31626.0,31626.0,31612.439453125,31612.439453125,0
2023-08-18 00:00:00+00:00,31356.76953125,31466.609375,31275.25,31321.259765625,0
2023-08-18 01:00:00+00:00,31571.689453125,31588.16015625,31339.470703125,31357.650390625,0
2023-08-18 02:00:00+00:00,31565.2109375,31644.890625,31554.16015625,31570.9609375,0
2023-08-18 03:00:00+00:00,31479.0390625,31488.560546875,31406.359375,31471.189453125,0
2023-08-18 04:00:00+00:00,31432.7890625,31508.470703125,31391.98046875,31479.33984375,0
2023-08-18 05:00:00+00:00,31455.689453125,31455.689453125,31321.169921875,31432.83984375,0
2023-08-18 06:00:00+00:00,31450.759765625,31474.369140625,31450.759765625,31474.369140625,0
2023-08-21 00:00:00+00:00,31669.970703125,31717.51953125,31501.2109375,31552.849609375,0
2023-08-21 01:00:00+00:00,31585.759765625,31674.2109375,31409.859375,31669.2109375,0
2023-08-21 02:00:00+00:00,31748.880859375,31758.69921875,31564.119140625,31584.91015625,0
2023-08-21 03:00:00+00:00,31675.740234375,31724.400390625,31662.7890625,31694.6796875,0
2023-08-21 04:00:00+00:00,31613.130859375,31697.189453125,31613.130859375,31673.900390625,0
2023-08-21 05:00:00+00:00,31549.150390625,31642.609375,31525.080078125,31610.099609375,0
2023-08-21 06:00:00+00:00,31565.640625,31565.640625,31534.849609375,31534.849609375,0
2023-08-22 00:00:00+00:00,31865.740234375,31906.099609375,31769.05078125,31792.599609375,0
2023-08-22 01:00:00+00:00,31751.55078125,31867.240234375,31693.759765625,31867.029296875,0
2023-08-22 02:00:00+00:00,31776.060546875,31798.640625,31727.130859375,31751.83984375,0
2023-08-22 03:00:00+00:00,31840.380859375,31843.630859375,31771.609375,31808.69921875,0
2023-08-22 04:00:00+00:00,31803.0,31842.599609375,31780.5703125,31839.970703125,0
2023-08-22 05:00:00+00:00,31873.30078125,31879.41015625,31803.9296875,31803.9296875,0
2023-08-22 06:00:00+00:00,31856.7109375,31888.23046875,31856.7109375,31888.23046875,0
2023-08-23 00:00:00+00:00,31919.1796875,31936.529296875,31717.91015625,31717.91015625,0
2023-08-23 01:00:00+00:00,31931.94921875,31950.9296875,31892.01953125,31919.400390625,0
2023-08-23 02:00:00+00:00,31962.990234375,31966.400390625,31909.740234375,31933.490234375,0
2023-08-23 03:00:00+00:00,31900.9609375,31966.1796875,31875.51953125,31926.5,0
2023-08-23 04:00:00+00:00,31927.619140625,31927.76953125,31875.109375,31900.30078125,0
2023-08-23 05:00:00+00:00,32029.859375,32039.599609375,31926.91015625,31926.91015625,0
2023-08-23 06:00:00+00:00,32010.259765625,32033.630859375,32010.259765625,32033.630859375,0
2023-08-24 00:00:00+00:00,32116.599609375,32199.119140625,32082.359375,32130.51953125,0
2023-08-24 01:00:00+00:00,32114.369140625,32173.30078125,32063.140625,32117.869140625,0
2023-08-24 02:00:00+00:00,32146.330078125,32178.73046875,32104.150390625,32114.83984375,0
2023-08-24 03:00:00+00:00,32153.7890625,32205.01953125,32132.7890625,32193.66015625,0
2023-08-24 04:00:00+00:00,32272.08984375,32280.849609375,32145.0,32157.25,0
2023-08-24 05:00:00+00:00,32259.810546875,32297.91015625,32248.08984375,32270.060546875,0
2023-08-24 06:00:00+00:00,32287.2109375,32287.2109375,32244.5390625,32244.5390625,0
2023-08-25 00:00:00+00:00,31764.859375,31885.529296875,31729.30078125,31840.91015625,0
2023-08-25 01:00:00+00:00,31728.150390625,31826.439453125,31635.220703125,31763.259765625,0
2023-08-25 02:00:00+00:00,31666.359375,31742.369140625,31660.630859375,31728.099609375,0
2023-08-25 03:00:00+00:00,31702.83984375,31702.83984375,31640.640625,31667.16015625,0
2023-08-25 04:00:00+00:00,31630.359375,31703.1796875,31629.9296875,31701.580078125,0
2023-08-25 05:00:00+00:00,31640.080078125,31650.5390625,31572.060546875,31629.990234375,0
2023-08-25 06:00:00+00:00,31624.279296875,31662.859375,31624.279296875,31662.859375,0
2023-08-28 00:00:00+00:00,32011.419921875,32020.3203125,31881.9296875,31915.6796875,0
2023-08-28 01:00:00+00:00,32134.2890625,32134.470703125,32013.76953125,32013.76953125,0
2023-08-28 02:00:00+00:00,32154.029296875,32156.740234375,32107.919921875,32137.189453125,0
2023-08-28 03:00:00+00:00,32135.4296875,32170.900390625,32128.16015625,32133.48046875,0
2023-08-28 04:00:00+00:00,32148.75,32154.4609375,32116.169921875,32134.76953125,0
2023-08-28 05:00:00+00:00,32197.759765625,32205.48046875,32115.26953125,32155.44921875,0
2023-08-28 06:00:00+00:00,32169.990234375,32187.5703125,32169.990234375,32187.5703125,0
2023-08-29 00:00:00+00:00,32330.349609375,32389.119140625,32248.619140625,32280.5703125,0
2023-08-29 01:00:00+00:00,32187.509765625,32329.91015625,32187.509765625,32329.91015625,0
2023-08-29 02:00:00+00:00,32225.720703125,32254.19921875,32186.5703125,32193.890625,0
2023-08-29 03:00:00+00:00,32274.970703125,32295.55078125,32248.619140625,32266.7109375,0
2023-08-29 04:00:00+00:00,32279.4609375,32295.2109375,32258.650390625,32275.099609375,0
2023-08-29 05:00:00+00:00,32206.720703125,32287.490234375,32195.099609375,32280.009765625,0
2023-08-29 06:00:00+00:00,32226.970703125,32226.970703125,32200.5703125,32200.5703125,0
2023-08-30 00:00:00+00:00,32390.330078125,32486.119140625,32367.919921875,32432.94921875,0
2023-08-30 01:00:00+00:00,32520.7890625,32522.91015625,32351.7109375,32388.130859375,0
2023-08-30 02:00:00+00:00,32529.720703125,32557.44921875,32508.8203125,32519.490234375,0
2023-08-30 03:00:00+00:00,32474.580078125,32513.5390625,32474.060546875,32484.880859375,0
2023-08-30 04:00:00+00:00,32411.1796875,32476.01953125,32411.1796875,32473.220703125,0
2023-08-30 05:00:00+00:00,32352.5703125,32408.44921875,32300.560546875,32406.2890625,0
2023-08-30 06:00:00+00:00,32333.4609375,32360.919921875,32333.4609375,32360.919921875,0
2023-08-31 00:00:00+00:00,32458.08984375,32488.7890625,32359.150390625,32361.01953125,0
2023-08-31 01:00:00+00:00,32505.720703125,32534.849609375,32435.109375,32458.240234375,0
2023-08-31 02:00:00+00:00,32517.23046875,32533.41015625,32493.759765625,32506.150390625,0
2023-08-31 03:00:00+00:00,32574.630859375,32605.169921875,32475.869140625,32482.490234375,0
2023-08-31 04:00:00+00:00,32654.669921875,32692.759765625,32561.890625,32574.599609375,0
2023-08-31 05:00:00+00:00,32586.900390625,32690.080078125,32579.0703125,32654.560546875,0
2023-08-31 06:00:00+00:00,32619.33984375,32619.33984375,32604.669921875,32604.669921875,0
2023-09-01 00:00:00+00:00,32750.76953125,32773.83984375,32499.439453125,32521.150390625,0
2023-09-01 01:00:00+00:00,32816.421875,32824.7109375,32738.5390625,32751.259765625,0
2023-09-01 02:00:00+00:00,32820.80078125,32845.4609375,32812.1484375,32817.3984375,0
2023-09-01 03:00:00+00:00,32749.44921875,32807.328125,32738.9296875,32751.400390625,0
2023-09-01 04:00:00+00:00,32783.78125,32814.6015625,32747.609375,32750.099609375,0
2023-09-01 05:00:00+00:00,32723.8203125,32793.328125,32717.5390625,32782.328125,0
2023-09-01 06:00:00+00:00,32710.619140625,32723.599609375,32710.619140625,32723.599609375,0
2023-09-04 00:00:00+00:00,32822.30078125,32858.51953125,32714.939453125,32797.3203125,0
2023-09-04 01:00:00+00:00,32831.6796875,32861.8984375,32777.55078125,32821.21875,0
2023-09-04 02:00:00+00:00,32899.98828125,32900.05078125,32832.671875,32832.671875,0
2023-09-04 03:00:00+00:00,32876.328125,32904.98046875,32867.328125,32885.71875,0
2023-09-04 04:00:00+00:00,32861.3984375,32876.37109375,32846.23828125,32876.37109375,0
2023-09-04 05:00:00+00:00,32916.19921875,32916.30859375,32849.41015625,32862.05078125,0
2023-09-04 06:00:00+00:00,32939.1796875,32939.1796875,32914.578125,32914.578125,0
2023-09-05 00:00:00+00:00,32799.078125,33002.58984375,32798.4609375,32941.41015625,0
2023-09-05 01:00:00+00:00,32848.51953125,32909.30859375,32784.3203125,32799.08984375,0
2023-09-05 02:00:00+00:00,32870.0,32908.1796875,32833.33984375,32848.96875,0
2023-09-05 03:00:00+00:00,32886.890625,32937.25,32886.890625,32914.87890625,0
2023-09-05 04:00:00+00:00,32951.98046875,32958.55078125,32872.5,32886.55078125,0
2023-09-05 05:00:00+00:00,32997.3203125,33012.33984375,32932.921875,32951.7109375,0
2023-09-05 06:00:00+00:00,33036.76171875,33036.76171875,33006.37890625,33006.37890625,0
2023-09-06 00:00:00+00:00,33220.48046875,33221.55859375,33088.21875,33115.05859375,0
2023-09-06 01:00:00+00:00,33134.98046875,33279.0,33095.91015625,33227.8203125,0
2023-09-06 02:00:00+00:00,33262.48046875,33262.48046875,33137.578125,33137.578125,0
2023-09-06 03:00:00+00:00,33266.359375,33282.1484375,33212.87109375,33220.12109375,0
2023-09-06 04:00:00+00:00,33164.8984375,33276.71875,33163.08984375,33265.21875,0
2023-09-06 05:00:00+00:00,33250.640625,33253.44921875,33138.921875,33165.3515625,0
2023-09-06 06:00:00+00:00,33241.01953125,33265.78125,33241.01953125,33265.78125,0
2023-09-07 00:00:00+00:00,33257.05859375,33322.44921875,33118.55078125,33118.55078125,0
2023-09-07 01:00:00+00:00,33169.859375,33299.76953125,33096.46875,33254.44140625,0
2023-09-07 02:00:00+00:00,33204.8203125,33206.69921875,33155.01171875,33168.37890625,0
2023-09-07 03:00:00+00:00,33152.171875,33201.3984375,33141.58984375,33181.390625,0
2023-09-07 04:00:00+00:00,33017.2109375,33163.3515625,32995.19921875,33152.9609375,0
2023-09-07 05:00:00+00:00,33021.78125,33062.5,32986.3515625,33016.671875,0
2023-09-07 06:00:00+00:00,32991.078125,33014.21875,32991.078125,33014.21875,0
2023-09-08 00:00:00+00:00,32689.349609375,32920.4296875,32535.580078125,32916.25,0
2023-09-08 01:00:00+00:00,32655.640625,32749.9296875,32629.73046875,32688.75,0
2023-09-08 02:00:00+00:00,32681.310546875,32682.51953125,32599.58984375,32655.41015625,0
2023-09-08 03:00:00+00:00,32565.580078125,32631.810546875,32563.349609375,32610.150390625,0
2023-09-08 04:00:00+00:00,32525.33984375,32612.80078125,32522.66015625,32565.630859375,0
2023-09-08 05:00:00+00:00,32587.76953125,32613.380859375,32512.80078125,32525.349609375,0
2023-09-08 06:00:00+00:00,32606.83984375,32606.83984375,32594.369140625,32594.369140625,0
2023-09-11 00:00:00+00:00,32523.5390625,32746.140625,32480.470703125,32690.5390625,0
2023-09-11 01:00:00+00:00,32554.970703125,32586.990234375,32410.310546875,32525.44921875,0
2023-09-11 02:00:00+00:00,32544.0390625,32593.259765625,32486.75,32554.58984375,0
2023-09-11 03:00:00+00:00,32447.5,32516.58984375,32425.490234375,32480.75,0
2023-09-11 04:00:00+00:00,32429.26953125,32484.75,32414.580078125,32448.310546875,0
2023-09-11 05:00:00+00:00,32469.26953125,32473.0,32391.689453125,32429.140625,0
2023-09-11 06:00:00+00:00,32467.759765625,32482.869140625,32467.759765625,32482.869140625,0
2023-09-12 00:00:00+00:00,32607.009765625,32749.349609375,32605.029296875,32629.16015625,0
2023-09-12 01:00:00+00:00,32513.26953125,32618.470703125,32486.48046875,32605.669921875,0
2023-09-12 02:00:00+00:00,32665.7109375,32672.4609375,32508.619140625,32514.400390625,0
2023-09-12 03:00:00+00:00,32730.109375,32748.609375,32681.779296875,32691.830078125,0
2023-09-12 04:00:00+00:00,32745.0,32756.779296875,32685.919921875,32730.189453125,0
2023-09-12 05:00:00+00:00,32793.8203125,32796.78125,32696.55078125,32744.779296875,0
2023-09-12 06:00:00+00:00,32776.37109375,32799.69140625,32776.37109375,32799.69140625,0
2023-09-13 00:00:00+00:00,32871.12890625,32872.44140625,32715.55078125,32742.2890625,0
2023-09-13 01:00:00+00:00,32706.609375,32865.390625,32663.720703125,32864.44140625,0
2023-09-13 02:00:00+00:00,32675.890625,32757.69921875,32672.060546875,32706.580078125,0
2023-09-13 03:00:00+00:00,32640.3203125,32678.83984375,32616.650390625,32667.5,0
2023-09-13 04:00:00+00:00,32806.48046875,32820.9296875,32630.19921875,32640.4609375,0
2023-09-13 05:00:00+00:00,32705.779296875,32827.19921875,32670.0,32823.25,0
2023-09-13 06:00:00+00:00,32706.51953125,32706.51953125,32686.349609375,32686.349609375,0
2023-09-14 00:00:00+00:00,32955.2890625,32977.69921875,32851.23828125,32925.5390625,0
2023-09-14 01:00:00+00:00,33059.19921875,33085.859375,32938.51953125,32955.421875,0
2023-09-14 02:00:00+00:00,33049.01171875,33061.4609375,33007.12109375,33059.26171875,0
2023-09-14 03:00:00+00:00,33102.98046875,33109.5390625,33062.87890625,33078.7890625,0
2023-09-14 04:00:00+00:00,33174.69921875,33189.23046875,33101.6015625,33102.3515625,0
2023-09-14 05:00:00+00:00,33192.12890625,33244.44921875,33165.96875,33174.328125,0
2023-09-14 06:00:00+00:00,33168.1015625,33187.2109375,33168.1015625,33187.2109375,0
2023-09-15 00:00:00+00:00,33521.87109375,33531.05859375,33391.4609375,33428.44140625,0
2023-09-15 01:00:00+00:00,33544.578125,33548.8515625,33423.578125,33527.76171875,0
2023-09-15 02:00:00+00:00,33613.51953125,33634.30859375,33544.2109375,33544.2109375,0
2023-09-15 03:00:00+00:00,33603.21875,33616.98046875,33551.37890625,33598.78125,0
2023-09-15 04:00:00+00:00,33601.98828125,33622.69921875,33529.66015625,33604.03125,0
2023-09-15 05:00:00+00:00,33589.390625,33625.05859375,33486.2109375,33601.9609375,0
2023-09-15 06:00:00+00:00,33533.08984375,33551.0390625,33533.08984375,33551.0390625,0
2023-09-19 00:00:00+00:00,33289.78125,33337.23046875,33231.2890625,33296.23046875,0
2023-09-19 01:00:00+00:00,33150.62890625,33319.9609375,33133.58984375,33289.0,0
2023-09-19 02:00:00+00:00,33129.23046875,33181.921875,33128.859375,33156.6015625,0
2023-09-19 03:00:00+00:00,33211.55859375,33223.75,33190.62109375,33218.7890625,0
2023-09-19 04:00:00+00:00,33191.9296875,33244.6796875,33178.51953125,33211.87890625,0
2023-09-19 05:00:00+00:00,33258.01171875,33258.01171875,33155.37109375,33191.171875,0
2023-09-19 06:00:00+00:00,33242.58984375,33279.109375,33242.58984375,33279.109375,0
2023-09-20 00:00:00+00:00,33170.109375,33263.44921875,33139.80078125,33261.3515625,0
2023-09-20 01:00:00+00:00,33195.71875,33267.140625,33159.71875,33169.58984375,0
2023-09-20 02:00:00+00:00,33122.2109375,33206.48046875,33111.6796875,33194.91015625,0
2023-09-20 03:00:00+00:00,33065.46875,33096.69140625,33048.4296875,33096.0390625,0
2023-09-20 04:00:00+00:00,33065.5,33096.3515625,33051.75,33064.75,0
2023-09-20 05:00:00+00:00,33016.69921875,33103.41015625,32993.12890625,33066.69921875,0
2023-09-20 06:00:00+00:00,33023.78125,33023.78125,33008.359375,33008.359375,0
2023-09-21 00:00:00+00:00,32779.0390625,32939.890625,32769.0703125,32865.55859375,0
2023-09-21 01:00:00+00:00,32681.05078125,32803.19921875,32679.279296875,32778.01953125,0
2023-09-21 02:00:00+00:00,32647.720703125,32703.470703125,32642.6796875,32680.5390625,0
2023-09-21 03:00:00+00:00,32625.369140625,32649.76953125,32597.55078125,32626.390625,0
2023-09-21 04:00:00+00:00,32607.80078125,32629.859375,32584.0390625,32625.3203125,0
2023-09-21 05:00:00+00:00,32604.490234375,32628.2109375,32550.650390625,32607.69921875,0
2023-09-21 06:00:00+00:00,32571.029296875,32594.76953125,32571.029296875,32594.76953125,0
2023-09-22 00:00:00+00:00,32246.619140625,32280.51953125,32154.529296875,32189.3203125,0
2023-09-22 01:00:00+00:00,32233.560546875,32295.830078125,32202.330078125,32246.4609375,0
2023-09-22 02:00:00+00:00,32287.4609375,32359.009765625,32233.310546875,32233.310546875,0
2023-09-22 03:00:00+00:00,32478.109375,32535.669921875,32447.91015625,32448.580078125,0
2023-09-22 04:00:00+00:00,32423.400390625,32519.400390625,32362.810546875,32478.560546875,0
2023-09-22 05:00:00+00:00,32386.859375,32516.58984375,32386.859375,32424.560546875,0
2023-09-22 06:00:00+00:00,32402.41015625,32402.41015625,32377.66015625,32377.66015625,0
2023-09-25 00:00:00+00:00,32482.119140625,32527.869140625,32388.279296875,32517.259765625,0
2023-09-25 01:00:00+00:00,32612.33984375,32642.75,32479.890625,32482.5703125,0
2023-09-25 02:00:00+00:00,32590.330078125,32663.8203125,32590.330078125,32610.5,0
2023-09-25 03:00:00+00:00,32664.7890625,32678.19921875,32624.970703125,32652.26953125,0
2023-09-25 04:00:00+00:00,32663.19921875,32720.58984375,32648.859375,32663.4609375,0
2023-09-25 05:00:00+00:00,32697.080078125,32722.220703125,32662.16015625,32664.669921875,0
2023-09-25 06:00:00+00:00,32678.619140625,32707.05078125,32678.619140625,32707.05078125,0
2023-09-26 00:00:00+00:00,32407.80078125,32643.41015625,32366.23046875,32640.05078125,0
2023-09-26 01:00:00+00:00,32408.830078125,32477.8203125,32392.529296875,32404.470703125,0
2023-09-26 02:00:00+00:00,32379.849609375,32442.619140625,32372.140625,32414.720703125,0
2023-09-26 03:00:00+00:00,32408.740234375,32415.98046875,32372.060546875,32379.630859375,0
2023-09-26 04:00:00+00:00,32397.630859375,32412.51953125,32347.73046875,32407.76953125,0
2023-09-26 05:00:00+00:00,32354.98046875,32410.2890625,32319.05078125,32397.5390625,0
2023-09-26 06:00:00+00:00,32315.05078125,32344.01953125,32315.05078125,32344.01953125,0
2023-09-27 00:00:00+00:00,31995.029296875,32103.669921875,31960.3203125,32023.369140625,0
2023-09-27 01:00:00+00:00,32117.169921875,32132.33984375,31978.310546875,31988.8203125,0
2023-09-27 02:00:00+00:00,32163.7109375,32188.51953125,32117.720703125,32118.849609375,0
2023-09-27 03:00:00+00:00,32190.9296875,32200.470703125,32128.390625,32138.779296875,0
2023-09-27 04:00:00+00:00,32249.869140625,32253.369140625,32179.2109375,32191.19921875,0
2023-09-27 05:00:00+00:00,32330.75,32335.109375,32217.0390625,32249.98046875,0
2023-09-27 06:00:00+00:00,32371.900390625,32371.900390625,32351.33984375,32351.33984375,0
2023-09-28 00:00:00+00:00,32078.759765625,32150.650390625,31986.880859375,32119.369140625,0
2023-09-28 01:00:00+00:00,32126.369140625,32164.44921875,32066.76953125,32078.5703125,0
2023-09-28 02:00:00+00:00,31813.009765625,32139.009765625,31797.380859375,32126.66015625,0
2023-09-28 03:00:00+00:00,31747.310546875,31761.640625,31674.419921875,31730.419921875,0
2023-09-28 04:00:00+00:00,31791.349609375,31797.830078125,31700.619140625,31745.720703125,0
2023-09-28 05:00:00+00:00,31850.80078125,31962.150390625,31787.140625,31790.48046875,0
2023-09-28 06:00:00+00:00,31872.51953125,31872.51953125,31849.55078125,31849.55078125,0
2023-09-29 00:00:00+00:00,31801.2109375,32027.4609375,31781.330078125,32018.640625,0
2023-09-29 01:00:00+00:00,31792.439453125,31864.349609375,31767.060546875,31801.58984375,0
2023-09-29 02:00:00+00:00,31836.240234375,31846.05078125,31737.130859375,31793.109375,0
2023-09-29 03:00:00+00:00,31857.0703125,31931.66015625,31854.7109375,31857.650390625,0
2023-09-29 04:00:00+00:00,31738.080078125,31880.01953125,31717.740234375,31857.029296875,0
2023-09-29 05:00:00+00:00,31850.599609375,31907.76953125,31719.98046875,31737.76953125,0
2023-09-29 06:00:00+00:00,31857.619140625,31857.619140625,31845.609375,31845.609375,0
2023-10-02 00:00:00+00:00,32351.650390625,32401.580078125,32062.69921875,32101.970703125,0
2023-10-02 01:00:00+00:00,32343.23046875,32379.25,32323.66015625,32356.310546875,0
2023-10-02 02:00:00+00:00,32305.66015625,32357.150390625,32300.689453125,32342.69921875,0
2023-10-02 03:00:00+00:00,32066.2890625,32242.599609375,32053.73046875,32239.580078125,0
2023-10-02 04:00:00+00:00,31884.0390625,32083.33984375,31840.759765625,32068.150390625,0
2023-10-02 05:00:00+00:00,31784.060546875,31931.580078125,31775.609375,31886.859375,0
2023-10-02 06:00:00+00:00,31759.880859375,31784.9296875,31759.880859375,31784.9296875,0
2023-10-03 00:00:00+00:00,31405.310546875,31607.970703125,31306.0703125,31607.970703125,0
2023-10-03 01:00:00+00:00,31314.640625,31426.98046875,31260.990234375,31404.859375,0
2023-10-03 02:00:00+00:00,31365.919921875,31378.25,31277.390625,31315.609375,0
2023-10-03 03:00:00+00:00,31310.919921875,31379.599609375,31301.890625,31340.310546875,0
2023-10-03 04:00:00+00:00,31231.130859375,31310.6796875,31221.509765625,31310.6796875,0
2023-10-03 05:00:00+00:00,31209.580078125,31249.73046875,31157.400390625,31231.66015625,0
2023-10-03 06:00:00+00:00,31237.939453125,31237.939453125,31214.4296875,31214.4296875,0
2023-10-04 00:00:00+00:00,30717.599609375,30830.849609375,30672.560546875,30765.029296875,0
2023-10-04 01:00:00+00:00,30688.5,30760.58984375,30581.609375,30714.779296875,0
2023-10-04 02:00:00+00:00,30634.890625,30696.44921875,30608.6796875,30678.30078125,0
2023-10-04 03:00:00+00:00,30591.029296875,30725.810546875,30538.359375,30710.76953125,0
2023-10-04 04:00:00+00:00,30704.41015625,30779.83984375,30547.640625,30594.970703125,0
2023-10-04 05:00:00+00:00,30539.939453125,30729.69921875,30487.669921875,30704.609375,0
2023-10-04 06:00:00+00:00,30526.880859375,30544.5703125,30526.880859375,30544.5703125,0
2023-10-05 00:00:00+00:00,30753.859375,30753.859375,30565.3203125,30733.650390625,0
2023-10-05 01:00:00+00:00,30832.169921875,30841.05078125,30700.55078125,30748.01953125,0
2023-10-05 02:00:00+00:00,30886.509765625,30890.5703125,30782.1796875,30838.7890625,0
2023-10-05 03:00:00+00:00,30988.169921875,30999.08984375,30914.310546875,30919.4609375,0
2023-10-05 04:00:00+00:00,31043.0390625,31083.900390625,30988.66015625,30989.98046875,0
2023-10-05 05:00:00+00:00,31057.55078125,31059.650390625,30934.23046875,31043.0390625,0
2023-10-05 06:00:00+00:00,31075.359375,31075.359375,31052.150390625,31052.150390625,0
2023-10-06 00:00:00+00:00,31081.849609375,31102.029296875,30928.16015625,31003.94921875,0
2023-10-06 01:00:00+00:00,31044.439453125,31160.44921875,31019.189453125,31081.810546875,0
2023-10-06 02:00:00+00:00,30998.80078125,31073.279296875,30990.16015625,31044.66015625,0
2023-10-06 03:00:00+00:00,31021.390625,31024.91015625,30970.439453125,30988.490234375,0
2023-10-06 04:00:00+00:00,31061.490234375,31104.939453125,31020.69921875,31020.69921875,0
2023-10-06 05:00:00+00:00,31024.330078125,31100.80078125,31005.560546875,31062.1796875,0
2023-10-06 06:00:00+00:00,30994.669921875,31021.4296875,30994.669921875,31021.4296875,0
2023-10-10 00:00:00+00:00,31670.119140625,31683.80078125,31314.669921875,31314.669921875,0
2023-10-10 01:00:00+00:00,31674.580078125,31748.3203125,31656.05078125,31671.9296875,0
2023-10-10 02:00:00+00:00,31766.75,31766.76953125,31659.869140625,31674.859375,0
2023-10-10 03:00:00+00:00,31708.140625,31717.009765625,31675.58984375,31692.359375,0
2023-10-10 04:00:00+00:00,31761.55078125,31808.900390625,31696.720703125,31707.55078125,0
2023-10-10 05:00:00+00:00,31765.119140625,31818.259765625,31742.939453125,31761.5390625,0
2023-10-10 06:00:00+00:00,31746.529296875,31763.880859375,31746.529296875,31763.880859375,0
2023-10-11 00:00:00+00:00,31876.720703125,31949.490234375,31804.08984375,31847.099609375,0
2023-10-11 01:00:00+00:00,31905.990234375,31930.169921875,31827.609375,31862.759765625,0
2023-10-11 02:00:00+00:00,31917.48046875,31930.740234375,31854.080078125,31905.16015625,0
2023-10-11 03:00:00+00:00,31961.150390625,31973.400390625,31905.30078125,31918.26953125,0
2023-10-11 04:00:00+00:00,31977.2109375,32037.0703125,31957.330078125,31961.91015625,0
2023-10-11 05:00:00+00:00,31936.720703125,32028.0,31936.720703125,31975.51953125,0
2023-10-11 06:00:00+00:00,31936.509765625,31936.509765625,31926.0,31926.0,0
2023-10-12 00:00:00+00:00,32328.810546875,32355.400390625,32120.939453125,32120.939453125,0
2023-10-12 01:00:00+00:00,32365.16015625,32383.30078125,32307.30078125,32327.2109375,0
2023-10-12 02:00:00+00:00,32323.279296875,32392.060546875,32323.279296875,32362.529296875,0
2023-10-12 03:00:00+00:00,32446.849609375,32465.5,32370.400390625,32370.400390625,0
2023-10-12 04:00:00+00:00,32462.439453125,32472.4296875,32420.130859375,32447.33984375,0
2023-10-12 05:00:00+00:00,32492.0,32493.630859375,32447.140625,32468.130859375,0
2023-10-12 06:00:00+00:00,32494.66015625,32494.66015625,32475.73046875,32475.73046875,0
2023-10-13 00:00:00+00:00,32376.419921875,32533.080078125,32313.80078125,32328.390625,0
2023-10-13 01:00:00+00:00,32407.80078125,32486.130859375,32344.560546875,32377.119140625,0
2023-10-13 02:00:00+00:00,32356.759765625,32482.779296875,32356.759765625,32409.810546875,0
2023-10-13 03:00:00+00:00,32319.25,32356.0703125,32294.369140625,32346.76953125,0
2023-10-13 04:00:00+00:00,32270.2890625,32379.1796875,32266.9609375,32320.029296875,0
2023-10-13 05:00:00+00:00,32291.419921875,32315.439453125,32249.029296875,32269.919921875,0
2023-10-13 06:00:00+00:00,32315.990234375,32315.990234375,32296.25,32296.25,0
2023-10-16 00:00:00+00:00,31733.4296875,31999.7890625,31693.279296875,31983.0390625,0
2023-10-16 01:00:00+00:00,31745.25,31839.240234375,31732.58984375,31733.689453125,0
2023-10-16 02:00:00+00:00,31786.779296875,31806.33984375,31671.109375,31742.419921875,0
2023-10-16 03:00:00+00:00,31729.8203125,31754.509765625,31699.0390625,31712.439453125,0
2023-10-16 04:00:00+00:00,31718.48046875,31737.05078125,31666.119140625,31729.349609375,0
2023-10-16 05:00:00+00:00,31645.48046875,31719.23046875,31564.310546875,31719.23046875,0
2023-10-16 06:00:00+00:00,31659.029296875,31659.029296875,31645.48046875,31645.48046875,0
2023-10-17 00:00:00+00:00,32102.330078125,32260.76953125,32063.7890625,32063.7890625,0
2023-10-17 01:00:00+00:00,31988.58984375,32150.0390625,31960.0390625,32140.91015625,0
2023-10-17 02:00:00+00:00,31944.310546875,31988.7890625,31912.01953125,31988.7890625,0
2023-10-17 03:00:00+00:00,32004.689453125,32006.73046875,31901.390625,31974.23046875,0
2023-10-17 04:00:00+00:00,31971.630859375,32035.7890625,31937.51953125,32005.439453125,0
2023-10-17 05:00:00+00:00,32025.990234375,32031.349609375,31928.80078125,31971.16015625,0
2023-10-17 06:00:00+00:00,32040.2890625,32040.2890625,31994.80078125,31994.80078125,0
2023-10-18 00:00:00+00:00,31900.7109375,32046.779296875,31866.94921875,32033.810546875,0
2023-10-18 01:00:00+00:00,31923.529296875,32014.4296875,31870.359375,31901.150390625,0
2023-10-18 02:00:00+00:00,31974.2890625,32026.810546875,31921.599609375,31921.599609375,0
2023-10-18 03:00:00+00:00,31956.1796875,31958.810546875,31873.4296875,31928.150390625,0
2023-10-18 04:00:00+00:00,32015.73046875,32094.669921875,31941.69921875,31954.990234375,0
2023-10-18 05:00:00+00:00,32070.439453125,32101.470703125,31975.119140625,31998.44921875,0
2023-10-18 06:00:00+00:00,32042.25,32074.779296875,32042.25,32074.779296875,0
2023-10-19 00:00:00+00:00,31662.30078125,31664.220703125,31510.33984375,31579.5390625,0
2023-10-19 01:00:00+00:00,31490.6796875,31660.189453125,31466.41015625,31650.029296875,0
2023-10-19 02:00:00+00:00,31446.990234375,31521.310546875,31446.990234375,31489.400390625,0
2023-10-19 03:00:00+00:00,31434.380859375,31460.669921875,31399.169921875,31419.4609375,0
2023-10-19 04:00:00+00:00,31535.810546875,31542.91015625,31418.849609375,31433.869140625,0
2023-10-19 05:00:00+00:00,31459.060546875,31537.91015625,31433.76953125,31536.259765625,0
2023-10-19 06:00:00+00:00,31430.619140625,31464.509765625,31430.619140625,31464.509765625,0
2023-10-20 00:00:00+00:00,31191.83984375,31249.9296875,31093.900390625,31164.890625,0
2023-10-20 01:00:00+00:00,31255.279296875,31301.619140625,31118.890625,31190.80078125,0
2023-10-20 02:00:00+00:00,31266.83984375,31335.759765625,31239.990234375,31254.4609375,0
2023-10-20 03:00:00+00:00,31371.3203125,31414.94921875,31344.01953125,31363.259765625,0
2023-10-20 04:00:00+00:00,31362.400390625,31428.970703125,31330.0703125,31371.400390625,0
2023-10-20 05:00:00+00:00,31279.66015625,31373.720703125,31279.66015625,31362.98046875,0
2023-10-20 06:00:00+00:00,31259.359375,31275.19921875,31259.359375,31275.19921875,0
2023-10-23 00:00:00+00:00,31158.359375,31177.41015625,31036.390625,31151.98046875,0
2023-10-23 01:00:00+00:00,31151.470703125,31171.169921875,31064.279296875,31159.5703125,0
2023-10-23 02:00:00+00:00,31007.119140625,31158.990234375,31007.119140625,31152.44921875,0
2023-10-23 03:00:00+00:00,31042.9296875,31077.630859375,31027.490234375,31069.4609375,0
2023-10-23 04:00:00+00:00,31087.23046875,31097.0703125,30974.259765625,31043.25,0
2023-10-23 05:00:00+00:00,31014.419921875,31150.83984375,31014.419921875,31086.029296875,0
2023-10-23 06:00:00+00:00,30999.55078125,30999.55078125,30991.80078125,30991.80078125,0
2023-10-24 00:00:00+00:00,30817.669921875,31210.259765625,30808.2109375,31157.009765625,0
2023-10-24 01:00:00+00:00,30667.0,30906.55078125,30551.669921875,30820.119140625,0
2023-10-24 02:00:00+00:00,30828.58984375,30925.609375,30649.919921875,30668.189453125,0
2023-10-24 03:00:00+00:00,30762.619140625,30850.509765625,30706.2109375,30763.0,0
2023-10-24 04:00:00+00:00,30993.740234375,30995.619140625,30756.94921875,30765.279296875,0
2023-10-24 05:00:00+00:00,31091.75,31155.720703125,30978.779296875,30978.779296875,0
2023-10-24 06:00:00+00:00,31062.349609375,31090.76953125,31062.349609375,31090.76953125,0
2023-10-25 00:00:00+00:00,31339.7109375,31401.529296875,31252.6796875,31302.509765625,0
2023-10-25 01:00:00+00:00,31429.939453125,31456.19921875,31319.810546875,31340.759765625,0
2023-10-25 02:00:00+00:00,31466.919921875,31466.919921875,31393.859375,31430.80078125,0
2023-10-25 03:00:00+00:00,31383.490234375,31437.5390625,31380.970703125,31406.7890625,0
2023-10-25 04:00:00+00:00,31424.80078125,31446.66015625,31361.69921875,31384.060546875,0
2023-10-25 05:00:00+00:00,31237.7890625,31434.75,31195.580078125,31425.060546875,0
2023-10-25 06:00:00+00:00,31269.919921875,31269.919921875,31246.19921875,31246.19921875,0
2023-10-26 00:00:00+00:00,30704.130859375,30943.330078125,30670.220703125,30902.919921875,0
2023-10-26 01:00:00+00:00,30704.73046875,30805.220703125,30660.1796875,30693.919921875,0
2023-10-26 02:00:00+00:00,30602.439453125,30721.26953125,30590.859375,30705.48046875,0
2023-10-26 03:00:00+00:00,30664.80078125,30691.759765625,30612.75,30625.140625,0
2023-10-26 04:00:00+00:00,30642.23046875,30700.44921875,30601.560546875,30660.890625,0
2023-10-26 05:00:00+00:00,30581.75,30697.779296875,30567.609375,30643.640625,0
2023-10-26 06:00:00+00:00,30601.779296875,30601.779296875,30594.369140625,30594.369140625,0
2023-10-27 00:00:00+00:00,30839.150390625,30858.830078125,30687.330078125,30713.7890625,0
2023-10-27 01:00:00+00:00,30943.009765625,30956.400390625,30821.080078125,30838.94921875,0
2023-10-27 02:00:00+00:00,31072.9296875,31081.48046875,30941.349609375,30941.349609375,0
2023-10-27 03:00:00+00:00,30969.439453125,30998.58984375,30928.630859375,30974.720703125,0
2023-10-27 04:00:00+00:00,31013.939453125,31022.130859375,30929.380859375,30969.6796875,0
2023-10-27 05:00:00+00:00,31034.9609375,31034.9609375,30948.08984375,31012.970703125,0
2023-10-27 06:00:00+00:00,30991.689453125,31033.41015625,30991.689453125,31033.41015625,0
2023-10-30 00:00:00+00:00,30707.6796875,30762.5,30591.75,30663.48046875,0
2023-10-30 01:00:00+00:00,30714.01953125,30729.419921875,30584.029296875,30709.720703125,0
2023-10-30 02:00:00+00:00,30609.48046875,30740.220703125,30599.44921875,30715.529296875,0
2023-10-30 03:00:00+00:00,30649.0390625,30683.169921875,30646.73046875,30648.439453125,0
2023-10-30 04:00:00+00:00,30580.5703125,30656.189453125,30538.2890625,30648.849609375,0
2023-10-30 05:00:00+00:00,30691.939453125,30702.619140625,30573.810546875,30579.41015625,0
2023-10-30 06:00:00+00:00,30696.9609375,30696.9609375,30683.759765625,30683.759765625,0
2023-10-31 00:00:00+00:00,30696.1796875,30713.08984375,30552.650390625,30694.9609375,0
2023-10-31 01:00:00+00:00,30648.19921875,30700.48046875,30589.66015625,30693.779296875,0
2023-10-31 02:00:00+00:00,30649.439453125,30668.2109375,30597.189453125,30649.189453125,0
2023-10-31 03:00:00+00:00,30804.400390625,30919.16015625,30651.630859375,30781.439453125,0
2023-10-31 04:00:00+00:00,30799.119140625,30973.66015625,30776.880859375,30803.490234375,0
2023-10-31 05:00:00+00:00,30886.490234375,30893.9609375,30712.880859375,30794.359375,0
2023-10-31 06:00:00+00:00,30858.849609375,30876.259765625,30858.849609375,30876.259765625,0
2023-11-01 00:00:00+00:00,31476.330078125,31559.05078125,31301.509765625,31311.220703125,0
2023-11-01 01:00:00+00:00,31437.470703125,31547.169921875,31418.189453125,31478.609375,0
2023-11-01 02:00:00+00:00,31475.619140625,31481.439453125,31376.4609375,31436.640625,0
2023-11-01 03:00:00+00:00,31491.630859375,31537.029296875,31487.490234375,31492.76953125,0
2023-11-01 04:00:00+00:00,31568.259765625,31568.259765625,31443.0390625,31488.5703125,0
2023-11-01 05:00:00+00:00,31584.810546875,31600.779296875,31494.0,31537.890625,0
2023-11-01 06:00:00+00:00,31601.650390625,31601.650390625,31569.69921875,31569.69921875,0
2023-11-02 00:00:00+00:00,32006.529296875,32087.130859375,31921.599609375,31987.01953125,0
2023-11-02 01:00:00+00:00,32002.75,32023.7109375,31946.439453125,32006.390625,0
2023-11-02 02:00:00+00:00,31954.48046875,32016.509765625,31932.83984375,32000.580078125,0
2023-11-02 03:00:00+00:00,31952.76953125,31971.80078125,31878.359375,31900.33984375,0
2023-11-02 04:00:00+00:00,31919.75,31960.44921875,31879.869140625,31953.439453125,0
2023-11-02 05:00:00+00:00,31968.609375,31992.58984375,31910.359375,31922.029296875,0
2023-11-02 06:00:00+00:00,31949.890625,31971.619140625,31949.890625,31971.619140625,0
2023-11-06 00:00:00+00:00,32683.529296875,32700.8203125,32395.5,32450.8203125,0
2023-11-06 01:00:00+00:00,32716.16015625,32765.259765625,32642.650390625,32684.0390625,0
2023-11-06 02:00:00+00:00,32720.51953125,32766.5390625,32714.759765625,32716.16015625,0
2023-11-06 03:00:00+00:00,32724.390625,32740.830078125,32671.099609375,32684.83984375,0
2023-11-06 04:00:00+00:00,32685.6796875,32746.58984375,32674.33984375,32725.830078125,0
2023-11-06 05:00:00+00:00,32684.01953125,32714.330078125,32641.580078125,32685.4296875,0
2023-11-06 06:00:00+00:00,32708.48046875,32708.48046875,32708.48046875,32708.48046875,0
2023-11-07 00:00:00+00:00,32471.599609375,32591.109375,32437.740234375,32551.76953125,0
2023-11-07 01:00:00+00:00,32459.849609375,32539.1796875,32423.689453125,32468.51953125,0
2023-11-07 02:00:00+00:00,32394.859375,32464.990234375,32394.859375,32460.640625,0
2023-11-07 03:00:00+00:00,32338.1796875,32406.0390625,32325.51953125,32377.44921875,0
2023-11-07 04:00:00+00:00,32293.470703125,32345.240234375,32281.390625,32340.009765625,0
2023-11-07 05:00:00+00:00,32258.259765625,32325.8203125,32250.9296875,32292.7890625,0
2023-11-07 06:00:00+00:00,32271.8203125,32271.8203125,32253.109375,32253.109375,0
2023-11-08 00:00:00+00:00,32376.419921875,32512.169921875,32358.599609375,32457.23046875,0
2023-11-08 01:00:00+00:00,32371.7109375,32385.91015625,32269.08984375,32375.810546875,0
2023-11-08 02:00:00+00:00,32329.390625,32385.830078125,32312.330078125,32369.2109375,0
2023-11-08 03:00:00+00:00,32084.94921875,32311.859375,32049.33984375,32289.390625,0
2023-11-08 04:00:00+00:00,32245.349609375,32269.80078125,32085.759765625,32088.859375,0
2023-11-08 05:00:00+00:00,32172.51953125,32270.01953125,32172.51953125,32243.259765625,0
2023-11-08 06:00:00+00:00,32166.48046875,32179.30078125,32166.48046875,32179.30078125,0
2023-11-09 00:00:00+00:00,32370.58984375,32378.69921875,32193.19921875,32316.390625,0
2023-11-09 01:00:00+00:00,32373.119140625,32497.740234375,32367.7109375,32367.7109375,0
2023-11-09 02:00:00+00:00,32454.919921875,32460.310546875,32367.5703125,32373.169921875,0
2023-11-09 03:00:00+00:00,32497.890625,32499.279296875,32431.0703125,32454.609375,0
2023-11-09 04:00:00+00:00,32639.19921875,32648.390625,32494.369140625,32499.779296875,0
2023-11-09 05:00:00+00:00,32675.48046875,32723.7109375,32629.859375,32638.55078125,0
2023-11-09 06:00:00+00:00,32646.4609375,32675.830078125,32646.4609375,32675.830078125,0
2023-11-10 00:00:00+00:00,32369.400390625,32522.5703125,32248.240234375,32491.240234375,0
2023-11-10 01:00:00+00:00,32326.869140625,32447.44921875,32326.869140625,32368.0703125,0
2023-11-10 02:00:00+00:00,32450.029296875,32495.880859375,32307.140625,32324.189453125,0
2023-11-10 03:00:00+00:00,32419.419921875,32451.51953125,32397.30078125,32427.439453125,0
2023-11-10 04:00:00+00:00,32529.349609375,32582.25,32416.08984375,32419.880859375,0
2023-11-10 05:00:00+00:00,32579.80078125,32598.9296875,32517.560546875,32531.48046875,0
2023-11-10 06:00:00+00:00,32568.109375,32596.359375,32568.109375,32596.359375,0
2023-11-13 00:00:00+00:00,32730.810546875,32913.30859375,32726.44921875,32818.1484375,0
2023-11-13 01:00:00+00:00,32711.75,32771.5390625,32673.25,32733.330078125,0
2023-11-13 02:00:00+00:00,32750.41015625,32784.9609375,32698.169921875,32711.880859375,0
2023-11-13 03:00:00+00:00,32558.5,32639.400390625,32558.5,32631.7890625,0
2023-11-13 04:00:00+00:00,32533.91015625,32605.140625,32529.330078125,32556.94921875,0
2023-11-13 05:00:00+00:00,32560.9296875,32592.4296875,32499.279296875,32533.3203125,0
2023-11-13 06:00:00+00:00,32585.109375,32585.109375,32539.759765625,32539.759765625,0
2023-11-14 00:00:00+00:00,32678.810546875,32822.828125,32678.810546875,32760.509765625,0
2023-11-14 01:00:00+00:00,32824.25,32836.23046875,32667.400390625,32679.220703125,0
2023-11-14 02:00:00+00:00,32757.439453125,32836.26953125,32731.009765625,32825.87890625,0
2023-11-14 03:00:00+00:00,32813.7890625,32818.5703125,32695.130859375,32695.130859375,0
2023-11-14 04:00:00+00:00,32793.23046875,32813.83984375,32765.80078125,32811.109375,0
2023-11-14 05:00:00+00:00,32720.869140625,32793.7890625,32707.44921875,32792.6484375,0
2023-11-14 06:00:00+00:00,32695.9296875,32724.94921875,32695.9296875,32724.94921875,0
2023-11-15 00:00:00+00:00,33333.08984375,33367.6015625,33096.9296875,33112.30859375,0
2023-11-15 01:00:00+00:00,33321.640625,33381.08984375,33264.01953125,33325.58984375,0
2023-11-15 02:00:00+00:00,33341.55859375,33358.0390625,33292.08984375,33321.8203125,0
2023-11-15 03:00:00+00:00,33469.4609375,33474.30859375,33412.51953125,33424.01953125,0
2023-11-15 04:00:00+00:00,33443.19140625,33488.71875,33430.55859375,33469.421875,0
2023-11-15 05:00:00+00:00,33514.2109375,33556.51953125,33428.71875,33441.73828125,0
2023-11-15 06:00:00+00:00,33519.69921875,33531.3515625,33519.69921875,33531.3515625,0
2023-11-16 00:00:00+00:00,33503.1484375,33614.12890625,33399.58984375,33399.58984375,0
2023-11-16 01:00:00+00:00,33278.1015625,33513.7890625,33278.1015625,33503.1015625,0
2023-11-16 02:00:00+00:00,33292.01953125,33317.23828125,33233.83984375,33273.2890625,0
2023-11-16 03:00:00+00:00,33250.890625,33315.44921875,33239.76953125,33288.51953125,0
2023-11-16 04:00:00+00:00,33399.76953125,33401.8203125,33248.30859375,33254.26171875,0
2023-11-16 05:00:00+00:00,33398.87109375,33469.1015625,33390.05078125,33401.80859375,0
2023-11-16 06:00:00+00:00,33424.41015625,33424.41015625,33405.21875,33405.21875,0
2023-11-17 00:00:00+00:00,33482.01953125,33529.8203125,33263.671875,33344.8515625,0
2023-11-17 01:00:00+00:00,33446.28125,33517.66015625,33409.0,33481.6015625,0
2023-11-17 02:00:00+00:00,33422.9296875,33465.140625,33394.48828125,33447.640625,0
2023-11-17 03:00:00+00:00,33498.0703125,33506.640625,33436.421875,33448.359375,0
2023-11-17 04:00:00+00:00,33507.21875,33513.5703125,33453.609375,33498.01953125,0
2023-11-17 05:00:00+00:00,33580.7890625,33582.6015625,33478.30859375,33507.23828125,0
2023-11-17 06:00:00+00:00,33585.19921875,33599.62890625,33585.19921875,33599.62890625,0
2023-11-20 00:00:00+00:00,33690.69921875,33853.4609375,33525.94140625,33559.62109375,0
2023-11-20 01:00:00+00:00,33568.0390625,33695.51171875,33520.80078125,33691.73828125,0
2023-11-20 02:00:00+00:00,33562.41015625,33618.2109375,33552.2109375,33566.94921875,0
2023-11-20 03:00:00+00:00,33414.2890625,33562.5703125,33411.44140625,33543.48046875,0
2023-11-20 04:00:00+00:00,33412.23046875,33453.171875,33352.69140625,33414.23828125,0
2023-11-20 05:00:00+00:00,33373.69921875,33482.37890625,33366.62109375,33416.0,0
2023-11-20 06:00:00+00:00,33388.03125,33388.03125,33357.12890625,33357.12890625,0
2023-11-21 00:00:00+00:00,33302.46875,33460.3203125,33298.0390625,33453.1484375,0
2023-11-21 01:00:00+00:00,33373.140625,33391.55078125,33254.73046875,33302.83984375,0
2023-11-21 02:00:00+00:00,33338.2890625,33401.73046875,33336.73828125,33372.8984375,0
2023-11-21 03:00:00+00:00,33369.71875,33429.80078125,33342.94140625,33357.6796875,0
2023-11-21 04:00:00+00:00,33390.078125,33430.28125,33352.2109375,33369.83984375,0
2023-11-21 05:00:00+00:00,33365.01953125,33432.890625,33332.55078125,33390.05078125,0
2023-11-21 06:00:00+00:00,33354.140625,33354.140625,33354.140625,33354.140625,0
2023-11-22 00:00:00+00:00,33449.33984375,33475.55078125,33182.98828125,33182.98828125,0
2023-11-22 01:00:00+00:00,33569.87890625,33593.5,33437.609375,33449.109375,0
2023-11-22 02:00:00+00:00,33560.01171875,33572.1015625,33513.5,33571.7109375,0
2023-11-22 03:00:00+00:00,33485.87890625,33536.71875,33467.71875,33518.078125,0
2023-11-22 04:00:00+00:00,33483.0390625,33487.328125,33433.37890625,33486.25,0
2023-11-22 05:00:00+00:00,33437.87109375,33519.30859375,33408.1015625,33483.26171875,0
2023-11-22 06:00:00+00:00,33451.828125,33451.828125,33451.828125,33451.828125,0
2023-11-24 00:00:00+00:00,33762.28125,33783.48046875,33657.94921875,33752.05078125,0
2023-11-24 01:00:00+00:00,33814.03125,33815.80859375,33727.30078125,33762.3203125,0
2023-11-24 02:00:00+00:00,33715.55078125,33817.859375,33711.16015625,33816.55859375,0
2023-11-24 03:00:00+00:00,33737.69140625,33763.3984375,33679.4609375,33679.4609375,0
2023-11-24 04:00:00+00:00,33659.21875,33737.671875,33633.28125,33736.01953125,0
2023-11-24 05:00:00+00:00,33631.76953125,33683.80078125,33622.5703125,33658.859375,0
2023-11-24 06:00:00+00:00,33625.53125,33662.05859375,33625.53125,33662.05859375,0
2023-11-27 00:00:00+00:00,33674.87890625,33811.41015625,33659.55859375,33710.03125,0
2023-11-27 01:00:00+00:00,33527.78125,33694.19140625,33514.76953125,33675.55078125,0
2023-11-27 02:00:00+00:00,33479.7109375,33540.78125,33469.94921875,33527.578125,0
2023-11-27 03:00:00+00:00,33462.98828125,33472.3984375,33397.0390625,33432.80078125,0
2023-11-27 04:00:00+00:00,33478.80859375,33487.8984375,33404.26171875,33462.58984375,0
2023-11-27 05:00:00+00:00,33418.76171875,33491.71875,33404.62109375,33479.2890625,0
2023-11-27 06:00:00+00:00,33447.671875,33447.671875,33422.12109375,33422.12109375,0
2023-11-28 00:00:00+00:00,33353.73828125,33545.8515625,33305.51171875,33520.390625,0
2023-11-28 01:00:00+00:00,33329.48046875,33402.8515625,33298.0390625,33345.03125,0
2023-11-28 02:00:00+00:00,33370.3984375,33416.640625,33328.1796875,33329.359375,0
2023-11-28 03:00:00+00:00,33358.3984375,33388.98828125,33346.44140625,33376.921875,0
2023-11-28 04:00:00+00:00,33397.44921875,33399.30078125,33319.37109375,33359.12890625,0
2023-11-28 05:00:00+00:00,33412.01953125,33452.25,33360.5390625,33396.94140625,0
2023-11-28 06:00:00+00:00,33408.390625,33419.9609375,33408.390625,33419.9609375,0
2023-11-29 00:00:00+00:00,33196.9296875,33380.71875,33179.0703125,33244.4296875,0
2023-11-29 01:00:00+00:00,33408.6796875,33433.94921875,33191.44921875,33194.69140625,0
2023-11-29 02:00:00+00:00,33450.3203125,33480.9296875,33406.640625,33406.640625,0
2023-11-29 03:00:00+00:00,33479.37890625,33516.23046875,33433.98046875,33455.48046875,0
2023-11-29 04:00:00+00:00,33382.12890625,33480.578125,33381.359375,33476.87890625,0
2023-11-29 05:00:00+00:00,33297.62890625,33390.859375,33288.78125,33386.55078125,0
2023-11-29 06:00:00+00:00,33321.21875,33321.21875,33301.62890625,33301.62890625,0
2023-11-30 00:00:00+00:00,33316.23046875,33337.30078125,33171.0390625,33260.140625,0
2023-11-30 01:00:00+00:00,33179.1015625,33321.51171875,33161.0703125,33312.41015625,0
2023-11-30 02:00:00+00:00,33255.37109375,33323.46875,33174.0,33176.91015625,0
2023-11-30 03:00:00+00:00,33327.6484375,33372.7890625,33282.26171875,33283.66015625,0
2023-11-30 04:00:00+00:00,33377.55859375,33410.3515625,33312.30859375,33328.6015625,0
2023-11-30 05:00:00+00:00,33464.1015625,33466.1015625,33365.9296875,33377.80859375,0
2023-11-30 06:00:00+00:00,33486.890625,33486.890625,33486.890625,33486.890625,0
2023-12-01 00:00:00+00:00,33448.48828125,33551.5703125,33419.2890625,33537.44140625,0
2023-12-01 01:00:00+00:00,33449.1015625,33535.25,33397.421875,33446.73828125,0
2023-12-01 02:00:00+00:00,33461.7109375,33469.05859375,33419.8515625,33443.1484375,0
2023-12-01 03:00:00+00:00,33504.1796875,33521.1015625,33455.76953125,33505.9296875,0
2023-12-01 04:00:00+00:00,33485.05078125,33516.390625,33470.80078125,33503.94140625,0
2023-12-01 05:00:00+00:00,33446.1796875,33509.01171875,33428.6015625,33485.05859375,0
2023-12-01 06:00:00+00:00,33431.51171875,33467.44921875,33431.51171875,33467.44921875,0
2023-12-04 00:00:00+00:00,33261.80859375,33324.37890625,33023.0390625,33318.0703125,0
2023-12-04 01:00:00+00:00,33272.12890625,33312.828125,33185.91015625,33260.25,0
2023-12-04 02:00:00+00:00,33216.05078125,33275.69921875,33164.12890625,33273.2890625,0
2023-12-04 03:00:00+00:00,33197.44140625,33199.69921875,33135.640625,33148.1484375,0
2023-12-04 04:00:00+00:00,33271.921875,33278.58984375,33181.6015625,33197.71875,0
2023-12-04 05:00:00+00:00,33202.08984375,33272.30859375,33184.640625,33271.69921875,0
2023-12-04 06:00:00+00:00,33231.26953125,33231.26953125,33198.51171875,33198.51171875,0
2023-12-05 00:00:00+00:00,32839.19921875,33089.8203125,32839.19921875,33022.37890625,0
2023-12-05 01:00:00+00:00,32754.25,32869.078125,32726.6796875,32839.890625,0
2023-12-05 02:00:00+00:00,32782.140625,32804.05078125,32740.599609375,32754.51953125,0
2023-12-05 03:00:00+00:00,32830.5390625,32831.53125,32777.8515625,32786.91015625,0
2023-12-05 04:00:00+00:00,32844.578125,32903.578125,32798.48828125,32831.66015625,0
2023-12-05 05:00:00+00:00,32791.1484375,32878.08984375,32779.140625,32844.37109375,0
2023-12-05 06:00:00+00:00,32775.8203125,32790.51171875,32775.8203125,32790.51171875,0
2023-12-06 00:00:00+00:00,33229.46875,33233.5703125,32914.08984375,32928.921875,0
2023-12-06 01:00:00+00:00,33306.25,33319.87109375,33214.9296875,33226.08984375,0
2023-12-06 02:00:00+00:00,33339.26171875,33343.51171875,33295.55859375,33306.71875,0
2023-12-06 03:00:00+00:00,33353.921875,33381.30078125,33341.3984375,33364.609375,0
2023-12-06 04:00:00+00:00,33385.5703125,33396.28125,33342.7890625,33354.01171875,0
2023-12-06 05:00:00+00:00,33452.12890625,33452.12890625,33374.6484375,33385.2109375,0
2023-12-06 06:00:00+00:00,33445.8984375,33445.8984375,33422.69140625,33422.69140625,0
2023-12-07 00:00:00+00:00,33096.23046875,33195.87109375,33076.6484375,33165.71875,0
2023-12-07 01:00:00+00:00,32899.78125,33129.6484375,32876.4296875,33095.828125,0
2023-12-07 02:00:00+00:00,32899.94140625,32946.44140625,32887.23828125,32899.421875,0
2023-12-07 03:00:00+00:00,32872.03125,32885.01953125,32828.53125,32861.890625,0
2023-12-07 04:00:00+00:00,32879.8203125,32916.55078125,32836.98828125,32871.6796875,0
2023-12-07 05:00:00+00:00,32870.6484375,32897.421875,32814.69140625,32879.859375,0
2023-12-07 06:00:00+00:00,32858.30859375,32894.3203125,32858.30859375,32894.3203125,0
2023-12-08 00:00:00+00:00,32474.939453125,32604.349609375,32439.919921875,32600.470703125,0
2023-12-08 01:00:00+00:00,32315.58984375,32476.0703125,32306.970703125,32476.0703125,0
2023-12-08 02:00:00+00:00,32305.330078125,32333.240234375,32287.05078125,32313.630859375,0
2023-12-08 03:00:00+00:00,32321.080078125,32354.4609375,32271.05078125,32290.7890625,0
2023-12-08 04:00:00+00:00,32268.4296875,32364.009765625,32253.7890625,32324.80078125,0
2023-12-08 05:00:00+00:00,32282.099609375,32282.099609375,32205.380859375,32266.619140625,0
2023-12-08 06:00:00+00:00,32307.859375,32307.859375,32293.98046875,32293.98046875,0
2023-12-11 00:00:00+00:00,32849.828125,32933.078125,32650.099609375,32665.08984375,0
2023-12-11 01:00:00+00:00,32847.2890625,32884.46875,32785.0703125,32851.4296875,0
2023-12-11 02:00:00+00:00,32817.609375,32881.171875,32816.91015625,32846.80078125,0
2023-12-11 03:00:00+00:00,32759.140625,32793.3203125,32732.69921875,32771.55859375,0
2023-12-11 04:00:00+00:00,32768.87109375,32827.48046875,32752.919921875,32760.91015625,0
2023-12-11 05:00:00+00:00,32819.41015625,32844.53125,32735.560546875,32769.1484375,0
2023-12-11 06:00:00+00:00,32791.80078125,32810.421875,32791.80078125,32810.421875,0
2023-12-12 00:00:00+00:00,33038.37890625,33172.12890625,32991.05859375,33107.6484375,0
2023-12-12 01:00:00+00:00,32975.83984375,33041.55078125,32942.19921875,33037.26953125,0
2023-12-12 02:00:00+00:00,32983.37109375,32997.1015625,32952.21875,32975.91015625,0
2023-12-12 03:00:00+00:00,32913.69140625,32984.48046875,32889.19921875,32959.83984375,0
2023-12-12 04:00:00+00:00,32830.55078125,32915.51171875,32825.3203125,32913.75,0
2023-12-12 05:00:00+00:00,32864.03125,32879.80078125,32800.23828125,32829.12890625,0
2023-12-12 06:00:00+00:00,32843.69921875,32843.69921875,32843.69921875,32843.69921875,0
2023-12-13 00:00:00+00:00,33068.71875,33089.1796875,32931.98828125,32973.46875,0
2023-12-13 01:00:00+00:00,33006.41015625,33104.46875,32986.66015625,33070.87890625,0
2023-12-13 02:00:00+00:00,32987.69140625,33067.859375,32983.94140625,33005.73828125,0
2023-12-13 03:00:00+00:00,32982.23046875,33001.671875,32959.08984375,32961.01171875,0
2023-12-13 04:00:00+00:00,32947.0703125,32986.94921875,32864.37890625,32978.51953125,0
2023-12-13 05:00:00+00:00,32942.30078125,33001.62890625,32921.05078125,32945.66015625,0
2023-12-13 06:00:00+00:00,32926.3515625,32954.87890625,32926.3515625,32954.87890625,0
2023-12-14 00:00:00+00:00,32734.5390625,33120.55078125,32709.2109375,33032.30078125,0
2023-12-14 01:00:00+00:00,32797.2109375,32816.28125,32708.76953125,32734.75,0
2023-12-14 02:00:00+00:00,32801.1484375,32874.69921875,32783.41015625,32804.44140625,0
2023-12-14 03:00:00+00:00,32584.41015625,32738.6796875,32515.0390625,32722.6796875,0
2023-12-14 04:00:00+00:00,32692.880859375,32740.76953125,32579.75,32583.529296875,0
2023-12-14 05:00:00+00:00,32675.94921875,32731.759765625,32637.369140625,32693.390625,0
2023-12-14 06:00:00+00:00,32686.25,32686.25,32669.009765625,32669.009765625,0
2023-12-15 00:00:00+00:00,33047.78125,33077.55859375,32732.66015625,32760.560546875,0
2023-12-15 01:00:00+00:00,33097.26953125,33122.328125,32975.73828125,33050.390625,0
2023-12-15 02:00:00+00:00,33080.37109375,33119.1015625,33059.96875,33096.46875,0
2023-12-15 03:00:00+00:00,33081.421875,33086.48046875,33047.390625,33056.55078125,0
2023-12-15 04:00:00+00:00,32970.69921875,33088.6015625,32938.6015625,33080.3515625,0
2023-12-15 05:00:00+00:00,32995.421875,33013.6484375,32877.5,32971.1796875,0
2023-12-15 06:00:00+00:00,32970.55078125,32970.55078125,32964.78125,32964.78125,0
2023-12-18 00:00:00+00:00,32605.400390625,32790.578125,32583.029296875,32769.23046875,0
2023-12-18 01:00:00+00:00,32563.830078125,32612.0390625,32545.91015625,32605.1796875,0
2023-12-18 02:00:00+00:00,32620.75,32628.26953125,32541.23046875,32565.970703125,0
2023-12-18 03:00:00+00:00,32712.16015625,32712.16015625,32617.330078125,32633.8203125,0
2023-12-18 04:00:00+00:00,32730.5,32747.509765625,32688.26953125,32711.990234375,0
2023-12-18 05:00:00+00:00,32751.509765625,32776.2109375,32727.060546875,32730.640625,0
2023-12-18 06:00:00+00:00,32758.98046875,32779.609375,32758.98046875,32779.609375,0
2023-12-19 00:00:00+00:00,32796.8203125,32840.26953125,32654.4296875,32774.2109375,0
2023-12-19 01:00:00+00:00,32764.189453125,32798.25,32698.76953125,32798.25,0
2023-12-19 02:00:00+00:00,32799.78125,32816.328125,32761.619140625,32764.830078125,0
2023-12-19 03:00:00+00:00,33099.48828125,33194.640625,33081.48046875,33105.19921875,0
2023-12-19 04:00:00+00:00,33094.5,33116.26953125,33026.58984375,33098.48828125,0
2023-12-19 05:00:00+00:00,33194.7109375,33210.69921875,33070.08984375,33093.26953125,0
2023-12-19 06:00:00+00:00,33219.390625,33219.390625,33206.98046875,33206.98046875,0
2023-12-20 00:00:00+00:00,33668.78125,33689.55859375,33467.3203125,33467.3203125,0
2023-12-20 01:00:00+00:00,33779.73046875,33783.109375,33604.03125,33666.9296875,0
2023-12-20 02:00:00+00:00,33799.41015625,33824.05859375,33775.078125,33780.8203125,0
2023-12-20 03:00:00+00:00,33775.12109375,33812.0390625,33754.69921875,33782.05078125,0
2023-12-20 04:00:00+00:00,33735.109375,33784.828125,33702.80859375,33773.421875,0
2023-12-20 05:00:00+00:00,33721.2109375,33783.78125,33709.55859375,33735.23828125,0
2023-12-20 06:00:00+00:00,33675.94140625,33694.80078125,33675.94140625,33694.80078125,0
2023-12-21 00:00:00+00:00,33157.55078125,33337.83984375,33147.69140625,33276.80859375,0
2023-12-21 01:00:00+00:00,33153.03125,33237.46875,33128.5703125,33158.55859375,0
2023-12-21 02:00:00+00:00,33171.4296875,33178.1796875,33101.1484375,33154.69140625,0
2023-12-21 03:00:00+00:00,33132.828125,33164.94140625,33131.44921875,33155.41015625,0
2023-12-21 04:00:00+00:00,33122.1796875,33151.109375,33097.7890625,33132.390625,0
2023-12-21 05:00:00+00:00,33140.25,33174.859375,33106.80078125,33122.87890625,0
2023-12-21 06:00:00+00:00,33140.46875,33149.1015625,33140.46875,33149.1015625,0
2023-12-22 00:00:00+00:00,33246.66015625,33375.19140625,33166.46875,33257.94921875,0
2023-12-22 01:00:00+00:00,33215.98828125,33293.37890625,33210.8984375,33246.44140625,0
2023-12-22 02:00:00+00:00,33204.890625,33252.01171875,33188.73828125,33215.609375,0
2023-12-22 03:00:00+00:00,33208.0703125,33251.1484375,33178.21875,33240.8203125,0
2023-12-22 04:00:00+00:00,33177.0390625,33210.609375,33154.48046875,33208.46875,0
2023-12-22 05:00:00+00:00,33176.05859375,33204.3203125,33152.87890625,33177.48046875,0
2023-12-22 06:00:00+00:00,33169.05078125,33169.05078125,33151.69921875,33151.69921875,0
2023-12-25 00:00:00+00:00,33305.26171875,33414.51171875,33267.1796875,33414.51171875,0
2023-12-25 01:00:00+00:00,33280.3984375,33318.91015625,33240.859375,33304.4296875,0
2023-12-25 02:00:00+00:00,33291.390625,33312.078125,33280.19921875,33280.19921875,0
2023-12-25 03:00:00+00:00,33268.2890625,33292.28125,33257.5703125,33273.6484375,0
2023-12-25 04:00:00+00:00,33263.98828125,33273.46875,33221.5703125,33268.421875,0
2023-12-25 05:00:00+00:00,33277.37890625,33290.5703125,33242.1484375,33264.28125,0
2023-12-25 06:00:00+00:00,33254.03125,33278.640625,33254.03125,33278.640625,0
2023-12-26 00:00:00+00:00,33279.80859375,33312.26171875,33212.1796875,33295.6796875,0
2023-12-26 01:00:00+00:00,33241.80078125,33300.6796875,33220.890625,33280.26953125,0
2023-12-26 02:00:00+00:00,33253.2109375,33253.76953125,33225.6484375,33241.421875,0
2023-12-26 03:00:00+00:00,33227.73828125,33261.28125,33222.75,33251.58984375,0
2023-12-26 04:00:00+00:00,33231.71875,33233.359375,33181.359375,33228.73828125,0
2023-12-26 05:00:00+00:00,33265.55078125,33278.94140625,33226.51953125,33230.94921875,0
2023-12-26 06:00:00+00:00,33305.8515625,33305.8515625,33281.671875,33281.671875,0
2023-12-27 00:00:00+00:00,33697.3515625,33717.96875,33521.51953125,33532.96875,0
2023-12-27 01:00:00+00:00,33702.390625,33755.75,33667.44140625,33697.828125,0
2023-12-27 02:00:00+00:00,33658.3203125,33733.23828125,33656.62109375,33703.33984375,0
2023-12-27 03:00:00+00:00,33714.51953125,33715.8203125,33638.6015625,33642.609375,0
2023-12-27 04:00:00+00:00,33698.1015625,33720.46875,33678.73046875,33716.33984375,0
2023-12-27 05:00:00+00:00,33683.28125,33738.87109375,33668.08984375,33698.8203125,0
2023-12-27 06:00:00+00:00,33681.23828125,33681.23828125,33679.94921875,33679.94921875,0
2023-12-28 00:00:00+00:00,33501.46875,33512.5390625,33411.23828125,33477.46875,0
2023-12-28 01:00:00+00:00,33490.94140625,33553.87890625,33490.94140625,33510.48828125,0
2023-12-28 02:00:00+00:00,33503.94140625,33512.890625,33452.26953125,33490.94921875,0
2023-12-28 03:00:00+00:00,33548.609375,33558.28125,33525.53125,33541.94140625,0
2023-12-28 04:00:00+00:00,33529.828125,33557.19921875,33511.0,33547.66015625,0
2023-12-28 05:00:00+00:00,33533.5390625,33571.73046875,33522.26171875,33530.1484375,0
2023-12-28 06:00:00+00:00,33539.62109375,33539.62109375,33538.0,33538.0,0
2023-12-29 00:00:00+00:00,33495.62890625,33652.7109375,33458.640625,33458.640625,0
2023-12-29 01:00:00+00:00,33479.55859375,33499.9609375,33407.76171875,33495.12109375,0
2023-12-29 02:00:00+00:00,33470.37109375,33496.05078125,33427.55859375,33476.171875,0
2023-12-29 03:00:00+00:00,33439.69140625,33490.26953125,33438.859375,33466.4296875,0
2023-12-29 04:00:00+00:00,33373.21875,33441.4296875,33334.44921875,33440.1015625,0
2023-12-29 05:00:00+00:00,33410.76953125,33410.76953125,33305.171875,33372.5703125,0
2023-12-29 06:00:00+00:00,33464.171875,33464.171875,33444.109375,33444.109375,0
2024-01-04 00:00:00+00:00,32930.30078125,33193.05078125,32693.1796875,33193.05078125,0
2024-01-04 01:00:00+00:00,33116.19140625,33165.69140625,32903.5703125,32926.98046875,0
2024-01-04 02:00:00+00:00,33048.578125,33138.01171875,33044.2890625,33115.8515625,0
2024-01-04 03:00:00+00:00,33146.87109375,33152.1015625,33085.3984375,33103.33984375,0
2024-01-04 04:00:00+00:00,33247.62109375,33260.83984375,33138.609375,33147.359375,0
2024-01-04 05:00:00+00:00,33276.1796875,33299.390625,33242.08984375,33246.76171875,0
2024-01-04 06:00:00+00:00,33288.2890625,33288.2890625,33270.1484375,33270.1484375,0
2024-01-05 00:00:00+00:00,33382.25,33424.94921875,33257.4296875,33397.51953125,0
2024-01-05 01:00:00+00:00,33463.94921875,33478.5,33378.30859375,33384.80078125,0
2024-01-05 02:00:00+00:00,33442.62109375,33464.9609375,33415.7109375,33464.9609375,0
2024-01-05 03:00:00+00:00,33515.21875,33568.0390625,33502.30859375,33515.91015625,0
2024-01-05 04:00:00+00:00,33477.58984375,33557.78125,33462.62890625,33515.19140625,0
2024-01-05 05:00:00+00:00,33422.6015625,33511.48046875,33392.25,33474.62109375,0
2024-01-05 06:00:00+00:00,33377.421875,33406.9296875,33377.421875,33406.9296875,0
2024-01-09 00:00:00+00:00,33954.48828125,33990.28125,33672.6015625,33704.828125,0
2024-01-09 01:00:00+00:00,33812.87109375,33964.4296875,33811.859375,33955.3984375,0
2024-01-09 02:00:00+00:00,33858.62890625,33869.609375,33797.46875,33813.51953125,0
2024-01-09 03:00:00+00:00,33751.671875,33810.19921875,33725.94140625,33800.1796875,0
2024-01-09 04:00:00+00:00,33702.671875,33759.2109375,33600.3203125,33751.26171875,0
2024-01-09 05:00:00+00:00,33772.6796875,33799.98046875,33702.96875,33703.08984375,0
2024-01-09 06:00:00+00:00,33763.1796875,33798.76953125,33763.1796875,33798.76953125,0
2024-01-10 00:00:00+00:00,34168.55078125,34233.80859375,33885.73828125,33896.328125,0
2024-01-10 01:00:00+00:00,34360.94921875,34364.58984375,34164.75,34164.75,0
2024-01-10 02:00:00+00:00,34386.7890625,34402.44921875,34344.75,34362.0703125,0
2024-01-10 03:00:00+00:00,34438.46875,34465.0390625,34346.2890625,34366.94140625,0
2024-01-10 04:00:00+00:00,34455.21875,34489.7109375,34428.55078125,34438.9609375,0
2024-01-10 05:00:00+00:00,34476.80859375,34539.01953125,34432.12890625,34454.01171875,0
2024-01-10 06:00:00+00:00,34441.71875,34465.69921875,34441.71875,34465.69921875,0
2024-01-11 00:00:00+00:00,34908.12890625,35095.87890625,34849.5703125,34871.328125,0
2024-01-11 01:00:00+00:00,35085.109375,35119.328125,34894.05078125,34907.46875,0
2024-01-11 02:00:00+00:00,35110.51953125,35140.62890625,35064.1015625,35085.19921875,0
2024-01-11 03:00:00+00:00,35112.05859375,35157.55859375,35087.78125,35115.2109375,0
2024-01-11 04:00:00+00:00,35060.44140625,35114.12109375,34993.328125,35112.30078125,0
2024-01-11 05:00:00+00:00,35086.828125,35120.26953125,35052.890625,35058.78125,0
2024-01-11 06:00:00+00:00,35049.859375,35085.1015625,35049.859375,35085.1015625,0
2024-01-12 00:00:00+00:00,35466.01171875,35839.6484375,35427.19921875,35601.6484375,0
2024-01-12 01:00:00+00:00,35429.16015625,35511.578125,35362.23828125,35468.48828125,0
2024-01-12 02:00:00+00:00,35422.94921875,35521.23828125,35407.44921875,35427.8203125,0
2024-01-12 03:00:00+00:00,35442.12890625,35474.73828125,35374.828125,35404.94921875,0
2024-01-12 04:00:00+00:00,35476.6015625,35485.12890625,35405.26953125,35441.69140625,0
2024-01-12 05:00:00+00:00,35553.3203125,35619.76953125,35457.640625,35475.62890625,0
2024-01-12 06:00:00+00:00,35577.109375,35577.109375,35563.30859375,35563.30859375,0
2024-01-15 00:00:00+00:00,35710.91015625,35715.01953125,35544.3203125,35634.12109375,0
2024-01-15 01:00:00+00:00,35786.921875,35869.75,35710.8984375,35710.8984375,0
2024-01-15 02:00:00+00:00,35870.73046875,35875.94140625,35780.25,35786.98046875,0
2024-01-15 03:00:00+00:00,35981.8515625,35996.890625,35918.23828125,35918.23828125,0
2024-01-15 04:00:00+00:00,35935.9609375,36008.23046875,35884.71875,35980.71875,0
2024-01-15 05:00:00+00:00,35925.62109375,35938.53125,35880.44140625,35935.94140625,0
2024-01-15 06:00:00+00:00,35901.7890625,35930.421875,35901.7890625,35930.421875,0
2024-01-16 00:00:00+00:00,35747.078125,35955.6796875,35710.5703125,35909.19921875,0
2024-01-16 01:00:00+00:00,35688.7109375,35766.69140625,35587.53125,35747.5703125,0
2024-01-16 02:00:00+00:00,35792.05859375,35795.78125,35678.80078125,35690.1796875,0
2024-01-16 03:00:00+00:00,35664.359375,35755.5703125,35623.41015625,35755.5703125,0
2024-01-16 04:00:00+00:00,35677.7109375,35688.19140625,35598.9296875,35662.0,0
2024-01-16 05:00:00+00:00,35662.73046875,35726.41015625,35638.94921875,35677.609375,0
2024-01-16 06:00:00+00:00,35619.1796875,35664.1484375,35619.1796875,35664.1484375,0
2024-01-17 00:00:00+00:00,36060.19921875,36099.05859375,35850.1796875,35850.1796875,0
2024-01-17 01:00:00+00:00,35876.71875,36239.21875,35796.0,36059.58984375,0
2024-01-17 02:00:00+00:00,35810.3515625,35942.3203125,35687.51171875,35875.91015625,0
2024-01-17 03:00:00+00:00,35568.76953125,35770.7109375,35543.66015625,35770.7109375,0
2024-01-17 04:00:00+00:00,35712.3515625,35736.33984375,35566.55859375,35568.76953125,0
2024-01-17 05:00:00+00:00,35497.609375,35713.62890625,35476.51953125,35712.140625,0
2024-01-17 06:00:00+00:00,35477.75,35512.94921875,35477.75,35512.94921875,0
2024-01-18 00:00:00+00:00,35601.921875,35633.80859375,35371.25,35371.25,0
2024-01-18 01:00:00+00:00,35699.51171875,35702.94140625,35410.9609375,35600.94921875,0
2024-01-18 02:00:00+00:00,35637.01171875,35728.08984375,35617.71875,35728.08984375,0
2024-01-18 03:00:00+00:00,35634.05078125,35693.01171875,35631.5,35632.3515625,0
2024-01-18 04:00:00+00:00,35453.05859375,35633.69140625,35411.48046875,35633.69140625,0
2024-01-18 05:00:00+00:00,35467.08984375,35503.62109375,35416.4296875,35455.640625,0
2024-01-18 06:00:00+00:00,35466.171875,35466.171875,35448.30078125,35448.30078125,0
2024-01-19 00:00:00+00:00,35973.94140625,36076.23046875,35869.73828125,35913.71875,0
2024-01-19 01:00:00+00:00,36048.98046875,36053.0,35885.4296875,35975.44140625,0
2024-01-19 02:00:00+00:00,36027.41015625,36066.6796875,36001.46875,36048.890625,0
2024-01-19 03:00:00+00:00,35933.171875,35989.94140625,35891.19140625,35989.94140625,0
2024-01-19 04:00:00+00:00,35813.01953125,35949.1015625,35790.0703125,35932.0703125,0
2024-01-19 05:00:00+00:00,35958.890625,35977.37890625,35813.1484375,35813.46875,0
2024-01-19 06:00:00+00:00,35963.26953125,35988.5703125,35963.26953125,35988.5703125,0
2024-01-22 00:00:00+00:00,36527.80859375,36535.359375,36225.91015625,36294.1015625,0
2024-01-22 01:00:00+00:00,36334.08984375,36527.80078125,36332.7109375,36527.80078125,0
2024-01-22 02:00:00+00:00,36375.55859375,36397.8515625,36303.171875,36331.28125,0
2024-01-22 03:00:00+00:00,36397.890625,36428.390625,36342.8515625,36372.76953125,0
2024-01-22 04:00:00+00:00,36446.26953125,36448.12109375,36376.23828125,36397.12890625,0
2024-01-22 05:00:00+00:00,36562.98828125,36566.69921875,36404.44921875,36444.19140625,0
2024-01-22 06:00:00+00:00,36546.94921875,36571.80078125,36546.94921875,36571.80078125,0
2024-01-23 00:00:00+00:00,36752.37109375,36877.41015625,36605.30078125,36605.30078125,0
2024-01-23 01:00:00+00:00,36871.7109375,36871.7109375,36698.41015625,36753.83984375,0
2024-01-23 02:00:00+00:00,36920.26953125,36920.26953125,36818.921875,36871.37890625,0
2024-01-23 03:00:00+00:00,36484.53125,36984.51171875,36436.0703125,36971.078125,0
2024-01-23 04:00:00+00:00,36592.87890625,36696.859375,36486.83984375,36496.9296875,0
2024-01-23 05:00:00+00:00,36506.33984375,36638.3203125,36475.69921875,36591.62109375,0
2024-01-23 06:00:00+00:00,36517.5703125,36517.5703125,36517.5703125,36517.5703125,0
2024-01-24 00:00:00+00:00,36434.87109375,36471.390625,36247.609375,36415.66015625,0
2024-01-24 01:00:00+00:00,36279.25,36432.859375,36265.80859375,36432.859375,0
2024-01-24 02:00:00+00:00,36268.1484375,36302.5703125,36220.41015625,36285.51953125,0
2024-01-24 03:00:00+00:00,36180.83984375,36285.87109375,36104.890625,36265.2890625,0
2024-01-24 04:00:00+00:00,36162.1015625,36198.48046875,36121.87109375,36180.9296875,0
2024-01-24 05:00:00+00:00,36226.0,36276.890625,36133.94140625,36161.109375,0
2024-01-24 06:00:00+00:00,36226.48046875,36226.48046875,36212.890625,36212.890625,0
2024-01-25 00:00:00+00:00,36127.328125,36271.30078125,36069.58984375,36213.140625,0
2024-01-25 01:00:00+00:00,36038.87109375,36199.16015625,35912.5390625,36126.46875,0
2024-01-25 02:00:00+00:00,36162.01171875,36177.76953125,36028.05859375,36038.91015625,0
2024-01-25 03:00:00+00:00,36189.1796875,36198.08984375,36130.73828125,36168.03125,0
2024-01-25 04:00:00+00:00,36252.87890625,36279.359375,36187.66015625,36189.80859375,0
2024-01-25 05:00:00+00:00,36258.33984375,36312.359375,36242.41015625,36253.76171875,0
2024-01-25 06:00:00+00:00,36236.46875,36267.73046875,36236.46875,36267.73046875,0
2024-01-26 00:00:00+00:00,35898.890625,36060.3984375,35808.0390625,36003.0,0
2024-01-26 01:00:00+00:00,35869.83984375,35964.05078125,35818.4609375,35904.05078125,0
2024-01-26 02:00:00+00:00,35835.0703125,35919.12890625,35832.21875,35869.51953125,0
2024-01-26 03:00:00+00:00,35813.94921875,35832.390625,35755.80078125,35813.1796875,0
2024-01-26 04:00:00+00:00,35691.4296875,35808.55859375,35687.578125,35808.55859375,0
2024-01-26 05:00:00+00:00,35731.3203125,35867.78125,35691.98828125,35691.98828125,0
2024-01-26 06:00:00+00:00,35751.0703125,35751.0703125,35734.12109375,35734.12109375,0
2024-01-29 00:00:00+00:00,35926.109375,35969.328125,35813.76953125,35814.2890625,0
2024-01-29 01:00:00+00:00,36102.55859375,36105.8203125,35875.9296875,35920.62890625,0
2024-01-29 02:00:00+00:00,36079.140625,36167.109375,36062.37109375,36101.26953125,0
2024-01-29 03:00:00+00:00,36139.25,36186.87109375,36089.4296875,36091.23828125,0
2024-01-29 04:00:00+00:00,36050.171875,36147.5390625,36050.08984375,36138.44140625,0
2024-01-29 05:00:00+00:00,36032.23828125,36068.33984375,35957.19140625,36067.8515625,0
2024-01-29 06:00:00+00:00,36026.94140625,36062.4296875,36026.94140625,36062.4296875,0
2024-01-30 00:00:00+00:00,36139.16015625,36249.03125,36071.2109375,36196.640625,0
2024-01-30 01:00:00+00:00,36154.3203125,36188.96875,36124.98046875,36139.26171875,0
2024-01-30 02:00:00+00:00,36113.828125,36155.01953125,36048.62109375,36154.609375,0
2024-01-30 03:00:00+00:00,36117.44921875,36146.078125,36064.19140625,36079.76171875,0
2024-01-30 04:00:00+00:00,36141.37890625,36193.73828125,36113.8203125,36117.41015625,0
2024-01-30 05:00:00+00:00,36043.6796875,36141.69921875,36039.30859375,36141.69921875,0
2024-01-30 06:00:00+00:00,36065.859375,36065.859375,36043.6484375,36043.6484375,0
2024-01-31 00:00:00+00:00,35795.94921875,35909.19140625,35704.578125,35747.890625,0
2024-01-31 01:00:00+00:00,35863.75,35874.53125,35739.48828125,35797.41015625,0
2024-01-31 02:00:00+00:00,35876.9609375,35912.80078125,35859.0703125,35864.83984375,0
2024-01-31 03:00:00+00:00,35952.08984375,35989.03125,35900.44140625,35906.01953125,0
2024-01-31 04:00:00+00:00,36081.48046875,36097.0,35947.421875,35952.3203125,0
2024-01-31 05:00:00+00:00,36270.76953125,36270.76953125,36079.3203125,36081.0,0
2024-01-31 06:00:00+00:00,36286.7109375,36292.53125,36286.7109375,36292.53125,0
2024-02-01 00:00:00+00:00,35959.66015625,36146.359375,35944.05078125,36008.55859375,0
2024-02-01 01:00:00+00:00,36021.62890625,36118.390625,35940.05859375,35959.1015625,0
2024-02-01 02:00:00+00:00,36024.2890625,36028.421875,35956.08984375,36021.96875,0
2024-02-01 03:00:00+00:00,36010.328125,36028.4296875,35942.37890625,35987.62109375,0
2024-02-01 04:00:00+00:00,35970.671875,36014.23828125,35924.6015625,36011.08984375,0
2024-02-01 05:00:00+00:00,35969.1015625,36037.87109375,35949.171875,35970.671875,0
2024-02-01 06:00:00+00:00,36011.4609375,36011.4609375,35978.0,35978.0,0
2024-02-02 00:00:00+00:00,36265.55859375,36274.859375,36083.609375,36249.98828125,0
2024-02-02 01:00:00+00:00,36404.46875,36441.08984375,36228.08984375,36265.078125,0
2024-02-02 02:00:00+00:00,36370.6796875,36409.51953125,36302.421875,36404.3984375,0
2024-02-02 03:00:00+00:00,36266.0,36321.8203125,36266.0,36294.16015625,0
2024-02-02 04:00:00+00:00,36230.46875,36278.66015625,36128.9296875,36260.28125,0
2024-02-02 05:00:00+00:00,36180.76171875,36262.8203125,36150.01171875,36231.80078125,0
2024-02-02 06:00:00+00:00,36158.01953125,36179.12109375,36158.01953125,36179.12109375,0
2024-02-05 00:00:00+00:00,36254.3203125,36452.62109375,36235.109375,36419.33984375,0
2024-02-05 01:00:00+00:00,36339.2109375,36340.5703125,36213.0,36253.30078125,0
2024-02-05 02:00:00+00:00,36358.2109375,36379.69140625,36310.48046875,36338.328125,0
2024-02-05 03:00:00+00:00,36353.3203125,36413.8515625,36351.3203125,36398.8203125,0
2024-02-05 04:00:00+00:00,36365.2109375,36375.390625,36314.0390625,36353.828125,0
2024-02-05 05:00:00+00:00,36383.44140625,36412.96875,36346.671875,36367.26953125,0
2024-02-05 06:00:00+00:00,36354.16015625,36378.6015625,36354.16015625,36378.6015625,0
2024-02-06 00:00:00+00:00,36115.30078125,36284.28125,36105.828125,36249.078125,0
2024-02-06 01:00:00+00:00,36128.109375,36170.23046875,36065.98046875,36118.66015625,0
2024-02-06 02:00:00+00:00,36114.05859375,36155.55078125,36109.98828125,36125.98828125,0
2024-02-06 03:00:00+00:00,36166.609375,36166.609375,36106.3515625,36128.83984375,0
2024-02-06 04:00:00+00:00,36256.51953125,36273.01171875,36154.51171875,36166.30078125,0
2024-02-06 05:00:00+00:00,36141.96875,36294.48046875,36125.1796875,36258.55078125,0
2024-02-06 06:00:00+00:00,36160.66015625,36160.66015625,36144.2109375,36144.2109375,0
2024-02-07 00:00:00+00:00,36176.55859375,36192.578125,35906.3203125,36002.98828125,0
2024-02-07 01:00:00+00:00,36105.3984375,36195.5,36068.78125,36178.55078125,0
2024-02-07 02:00:00+00:00,36122.5703125,36141.03125,36082.83984375,36110.5390625,0
2024-02-07 03:00:00+00:00,35893.80078125,36092.0,35854.62890625,36092.0,0
2024-02-07 04:00:00+00:00,36091.51171875,36110.55078125,35890.98828125,35892.53125,0
2024-02-07 05:00:00+00:00,36134.96875,36134.96875,36052.578125,36091.609375,0
2024-02-07 06:00:00+00:00,36119.921875,36138.73046875,36119.921875,36138.73046875,0
2024-02-08 00:00:00+00:00,36363.51953125,36443.62109375,36206.19921875,36258.83984375,0
2024-02-08 01:00:00+00:00,36578.921875,36582.140625,36344.73828125,36362.05859375,0
2024-02-08 02:00:00+00:00,36738.421875,36741.87109375,36571.3984375,36578.48828125,0
2024-02-08 03:00:00+00:00,36745.37109375,36793.609375,36705.6796875,36742.3984375,0
2024-02-08 04:00:00+00:00,36956.12890625,36956.96875,36727.28125,36744.109375,0
2024-02-08 05:00:00+00:00,36901.96875,36954.37890625,36802.94140625,36954.37890625,0
2024-02-08 06:00:00+00:00,36863.28125,36890.5390625,36863.28125,36890.5390625,0
2024-02-09 00:00:00+00:00,37249.62109375,37287.26171875,36807.03125,36915.44140625,0
2024-02-09 01:00:00+00:00,36991.08984375,37266.33984375,36978.6796875,37251.58984375,0
2024-02-09 02:00:00+00:00,37029.91015625,37054.33984375,36932.390625,36993.1484375,0
2024-02-09 03:00:00+00:00,37085.4296875,37124.76171875,36995.328125,37003.75,0
2024-02-09 04:00:00+00:00,36997.609375,37140.078125,36975.421875,37085.890625,0
2024-02-09 05:00:00+00:00,36942.1015625,37033.05078125,36922.109375,36997.21875,0
2024-02-09 06:00:00+00:00,36897.421875,36928.69921875,36897.421875,36928.69921875,0
2024-02-13 00:00:00+00:00,37517.2109375,37634.76171875,37184.1015625,37248.359375,0
2024-02-13 01:00:00+00:00,37657.4296875,37659.05078125,37478.9609375,37522.08984375,0
2024-02-13 02:00:00+00:00,37798.890625,37802.51171875,37654.890625,37655.48828125,0
2024-02-13 03:00:00+00:00,37857.5703125,37894.12890625,37778.140625,37799.171875,0
2024-02-13 04:00:00+00:00,37843.4296875,37930.1015625,37796.66015625,37858.12109375,0
2024-02-13 05:00:00+00:00,37991.8984375,38010.69140625,37813.671875,37841.28125,0
2024-02-13 06:00:00+00:00,37963.96875,37986.01171875,37963.96875,37986.01171875,0
2024-02-14 00:00:00+00:00,37770.80859375,37825.8515625,37639.12109375,37712.87109375,0
2024-02-14 01:00:00+00:00,37677.51171875,37817.80859375,37657.26171875,37770.30078125,0
2024-02-14 02:00:00+00:00,37646.94921875,37697.390625,37627.05078125,37676.1015625,0
2024-02-14 03:00:00+00:00,37638.48828125,37717.01953125,37622.28125,37658.51171875,0
2024-02-14 04:00:00+00:00,37699.78125,37704.51953125,37594.46875,37641.3984375,0
2024-02-14 05:00:00+00:00,37747.76171875,37807.359375,37677.37109375,37699.2109375,0
2024-02-14 06:00:00+00:00,37703.3203125,37721.4609375,37703.3203125,37721.4609375,0
2024-02-15 00:00:00+00:00,38015.3515625,38127.8515625,37962.69921875,38017.828125,0
2024-02-15 01:00:00+00:00,38012.6015625,38063.140625,37951.33984375,38014.94921875,0
2024-02-15 02:00:00+00:00,37948.3515625,38025.41015625,37935.359375,38021.37109375,0
2024-02-15 03:00:00+00:00,38093.76953125,38100.8984375,38018.78125,38018.78125,0
2024-02-15 04:00:00+00:00,38034.80859375,38111.5390625,38021.76171875,38095.41015625,0
2024-02-15 05:00:00+00:00,38165.0703125,38186.44921875,38020.8515625,38034.25,0
2024-02-15 06:00:00+00:00,38157.94140625,38188.73828125,38157.94140625,38188.73828125,0
2024-02-16 00:00:00+00:00,38837.6484375,38859.5703125,38506.5703125,38517.37109375,0
2024-02-16 01:00:00+00:00,38366.33984375,38865.05859375,38361.55078125,38837.41015625,0
2024-02-16 02:00:00+00:00,38505.890625,38516.26171875,38366.12109375,38366.12109375,0
2024-02-16 03:00:00+00:00,38789.12890625,38831.16015625,38573.48828125,38596.19140625,0
2024-02-16 04:00:00+00:00,38555.76171875,38806.4609375,38539.171875,38788.12890625,0
2024-02-16 05:00:00+00:00,38502.5390625,38634.5,38456.7109375,38547.859375,0
2024-02-16 06:00:00+00:00,38487.23828125,38511.33984375,38487.23828125,38511.33984375,0
2024-02-19 00:00:00+00:00,38472.8515625,38555.83984375,38425.94140625,38473.41015625,0
2024-02-19 01:00:00+00:00,38365.5703125,38473.71875,38320.91015625,38473.71875,0
2024-02-19 02:00:00+00:00,38365.58984375,38366.76171875,38281.69921875,38363.94921875,0
2024-02-19 03:00:00+00:00,38351.94921875,38406.48046875,38338.28125,38363.28125,0
2024-02-19 04:00:00+00:00,38456.1015625,38471.28125,38349.0,38352.5,0
2024-02-19 05:00:00+00:00,38454.05859375,38477.171875,38404.41015625,38455.05078125,0
2024-02-19 06:00:00+00:00,38470.37890625,38470.37890625,38438.53125,38438.53125,0
2024-02-20 00:00:00+00:00,38542.71875,38555.58984375,38430.76171875,38510.37109375,0
2024-02-20 01:00:00+00:00,38471.05078125,38742.328125,38446.58984375,38542.98828125,0
2024-02-20 02:00:00+00:00,38438.640625,38470.96875,38387.0,38470.30078125,0
2024-02-20 03:00:00+00:00,38388.96875,38389.30078125,38288.0390625,38351.359375,0
2024-02-20 04:00:00+00:00,38336.359375,38440.26171875,38325.73828125,38390.48828125,0
2024-02-20 05:00:00+00:00,38409.390625,38466.41015625,38336.05078125,38336.05078125,0
2024-02-20 06:00:00+00:00,38363.609375,38398.140625,38363.609375,38398.140625,0
2024-02-21 00:00:00+00:00,38214.5390625,38282.44921875,38130.5703125,38191.96875,0
2024-02-21 01:00:00+00:00,38257.1484375,38339.69921875,38213.94921875,38213.94921875,0
2024-02-21 02:00:00+00:00,38188.8515625,38267.2109375,38173.91015625,38249.91015625,0
2024-02-21 03:00:00+00:00,38160.80859375,38197.0703125,38095.1484375,38163.4296875,0
2024-02-21 04:00:00+00:00,38232.8515625,38265.87109375,38160.37890625,38160.37890625,0
2024-02-21 05:00:00+00:00,38280.0,38283.46875,38222.30078125,38232.69140625,0
2024-02-21 06:00:00+00:00,38262.16015625,38296.78125,38262.16015625,38296.78125,0
2024-02-22 00:00:00+00:00,38845.51953125,38856.44921875,38508.0703125,38508.0703125,0
2024-02-22 01:00:00+00:00,38785.1484375,38924.87890625,38772.33984375,38847.80078125,0
2024-02-22 02:00:00+00:00,38913.83984375,38917.51953125,38785.41015625,38785.41015625,0
2024-02-22 03:00:00+00:00,38996.578125,39029.0,38957.578125,38962.328125,0
2024-02-22 04:00:00+00:00,38885.6484375,38997.921875,38817.33984375,38997.921875,0
2024-02-22 05:00:00+00:00,39113.12890625,39156.96875,38865.828125,38884.75,0
2024-02-22 06:00:00+00:00,39098.6796875,39128.71875,39098.6796875,39128.71875,0
2024-02-26 00:00:00+00:00,39276.1015625,39379.55078125,39194.21875,39320.640625,0
2024-02-26 01:00:00+00:00,39306.53125,39388.078125,39238.1484375,39281.53125,0
2024-02-26 02:00:00+00:00,39309.80078125,39354.87890625,39286.66015625,39311.5703125,0
2024-02-26 03:00:00+00:00,39321.48828125,39347.7109375,39269.2890625,39278.4609375,0
2024-02-26 04:00:00+00:00,39236.80859375,39322.37890625,39217.890625,39322.37890625,0
2024-02-26 05:00:00+00:00,39198.4609375,39275.46875,39181.03125,39237.640625,0
2024-02-26 06:00:00+00:00,39233.7109375,39233.7109375,39185.16015625,39185.16015625,0
2024-02-27 00:00:00+00:00,39371.0390625,39392.6796875,39252.21875,39260.78125,0
2024-02-27 01:00:00+00:00,39321.19921875,39426.2890625,39296.80859375,39371.55859375,0
2024-02-27 02:00:00+00:00,39173.921875,39373.46875,39113.03125,39323.94921875,0
2024-02-27 03:00:00+00:00,39208.01953125,39260.390625,39193.578125,39193.578125,0
2024-02-27 04:00:00+00:00,39167.23046875,39233.58984375,39141.76171875,39207.390625,0
2024-02-27 05:00:00+00:00,39273.8515625,39273.8515625,39151.3515625,39166.73828125,0
2024-02-27 06:00:00+00:00,39239.51953125,39276.98046875,39239.51953125,39276.98046875,0
2024-02-28 00:00:00+00:00,39183.33984375,39283.94921875,39174.1484375,39189.21875,0
2024-02-28 01:00:00+00:00,39125.08984375,39194.23828125,39075.46875,39170.26171875,0
2024-02-28 02:00:00+00:00,39191.98828125,39191.98828125,39105.01953125,39126.390625,0
2024-02-28 03:00:00+00:00,39246.44921875,39265.23046875,39184.078125,39192.28125,0
2024-02-28 04:00:00+00:00,39223.87109375,39259.6484375,39194.8203125,39245.98828125,0
2024-02-28 05:00:00+00:00,39168.28125,39282.421875,39161.53125,39224.078125,0
2024-02-28 06:00:00+00:00,39208.03125,39208.03125,39163.7890625,39163.7890625,0
2024-02-29 00:00:00+00:00,39084.41015625,39086.8203125,38876.80859375,38935.53125,0
2024-02-29 01:00:00+00:00,38994.671875,39159.23828125,38944.3984375,39083.71875,0
2024-02-29 02:00:00+00:00,38953.48828125,39038.1796875,38924.48046875,38991.73046875,0
2024-02-29 03:00:00+00:00,39044.078125,39047.19921875,38886.71875,38903.05859375,0
2024-02-29 04:00:00+00:00,39177.109375,39192.23046875,39028.0390625,39045.28125,0
2024-02-29 05:00:00+00:00,39184.98828125,39250.12109375,39124.51953125,39177.390625,0
2024-02-29 06:00:00+00:00,39166.19140625,39187.1484375,39166.19140625,39187.1484375,0
2024-03-01 00:00:00+00:00,39612.69921875,39619.76171875,39224.640625,39254.69140625,0
2024-03-01 01:00:00+00:00,39858.69921875,39862.69921875,39608.12109375,39608.12109375,0
2024-03-01 02:00:00+00:00,39883.859375,39888.109375,39808.859375,39860.01171875,0
2024-03-01 03:00:00+00:00,39844.01953125,39881.96875,39816.2109375,39872.4609375,0
2024-03-01 04:00:00+00:00,39939.48828125,39945.30078125,39842.26953125,39842.98046875,0
2024-03-01 05:00:00+00:00,39941.16015625,39990.23046875,39908.8515625,39938.12109375,0
2024-03-01 06:00:00+00:00,39910.8203125,39910.8203125,39910.8203125,39910.8203125,0
2024-03-04 00:00:00+00:00,40252.5390625,40301.30078125,40123.359375,40201.76171875,0
2024-03-04 01:00:00+00:00,40226.73046875,40314.640625,40194.33984375,40254.609375,0
2024-03-04 02:00:00+00:00,40226.828125,40243.05859375,40154.30859375,40227.6796875,0
2024-03-04 03:00:00+00:00,40159.83984375,40184.41015625,40076.26953125,40166.41015625,0
2024-03-04 04:00:00+00:00,40100.6015625,40159.6796875,40051.6796875,40159.6796875,0
2024-03-04 05:00:00+00:00,40084.98046875,40114.5390625,40001.55078125,40100.1015625,0
2024-03-04 06:00:00+00:00,40109.23046875,40109.23046875,40059.0703125,40059.0703125,0
2024-03-05 00:00:00+00:00,39913.30859375,40047.4296875,39862.0,39881.73046875,0
2024-03-05 01:00:00+00:00,39900.5703125,39952.2890625,39840.33984375,39912.5703125,0
2024-03-05 02:00:00+00:00,39940.609375,39950.46875,39882.671875,39899.48046875,0
2024-03-05 03:00:00+00:00,40134.05859375,40167.609375,39972.8515625,39978.859375,0
2024-03-05 04:00:00+00:00,40181.01953125,40226.98828125,40127.55859375,40132.921875,0
2024-03-05 05:00:00+00:00,40124.73046875,40213.44921875,40057.73046875,40178.12890625,0
2024-03-05 06:00:00+00:00,40097.62890625,40143.23828125,40097.62890625,40143.23828125,0
2024-03-06 00:00:00+00:00,39945.890625,39975.2109375,39769.0390625,39792.37109375,0
2024-03-06 01:00:00+00:00,40008.8203125,40039.16015625,39929.609375,39940.671875,0
2024-03-06 02:00:00+00:00,39997.66015625,40021.640625,39980.62109375,40011.03125,0
2024-03-06 03:00:00+00:00,40050.12890625,40076.83984375,39999.078125,40075.83984375,0
2024-03-06 04:00:00+00:00,40073.0,40094.171875,40028.78125,40051.37109375,0
2024-03-06 05:00:00+00:00,40113.0703125,40147.76953125,40064.25,40075.48046875,0
2024-03-06 06:00:00+00:00,40090.78125,40105.69140625,40090.78125,40105.69140625,0
2024-03-07 00:00:00+00:00,40202.62890625,40472.109375,40202.62890625,40331.05859375,0
2024-03-07 01:00:00+00:00,39815.3515625,40203.51171875,39794.12890625,40203.140625,0
2024-03-07 02:00:00+00:00,39731.171875,39818.7109375,39680.73046875,39815.16015625,0
2024-03-07 03:00:00+00:00,39887.26171875,39887.26171875,39653.75,39732.6484375,0
2024-03-07 04:00:00+00:00,39714.62890625,39887.3984375,39698.390625,39887.3984375,0
2024-03-07 05:00:00+00:00,39624.30078125,39741.640625,39518.3984375,39714.6484375,0
2024-03-07 06:00:00+00:00,39598.7109375,39613.75,39598.7109375,39613.75,0
2024-03-08 00:00:00+00:00,39728.44140625,39843.3984375,39551.6015625,39809.55859375,0
2024-03-08 01:00:00+00:00,39948.578125,39948.609375,39653.83984375,39727.890625,0
2024-03-08 02:00:00+00:00,39935.23828125,39951.58984375,39855.58984375,39951.58984375,0
2024-03-08 03:00:00+00:00,39906.01171875,39989.328125,39864.58984375,39883.7890625,0
2024-03-08 04:00:00+00:00,39778.890625,39982.87109375,39745.41015625,39900.26953125,0
2024-03-08 05:00:00+00:00,39666.01953125,39786.9296875,39618.12109375,39779.21875,0
2024-03-08 06:00:00+00:00,39688.94140625,39688.94140625,39649.921875,39649.921875,0
2024-03-11 00:00:00+00:00,38742.6796875,39241.28125,38710.01171875,39232.140625,0
2024-03-11 01:00:00+00:00,38714.5,38835.109375,38701.55078125,38741.421875,0
2024-03-11 02:00:00+00:00,38704.1015625,38767.140625,38698.21875,38715.109375,0
2024-03-11 03:00:00+00:00,38616.6796875,38756.359375,38602.140625,38755.359375,0
2024-03-11 04:00:00+00:00,38523.87890625,38648.53125,38496.66015625,38625.91015625,0
2024-03-11 05:00:00+00:00,38836.73046875,38836.73046875,38498.73046875,38524.6015625,0
2024-03-11 06:00:00+00:00,38820.48828125,38868.1015625,38820.48828125,38868.1015625,0
2024-03-12 00:00:00+00:00,38360.609375,38519.921875,38276.83984375,38470.390625,0
2024-03-12 01:00:00+00:00,38371.46875,38458.16015625,38271.37890625,38366.0390625,0
2024-03-12 02:00:00+00:00,38586.921875,38650.78125,38362.109375,38371.078125,0
2024-03-12 03:00:00+00:00,38639.859375,38698.359375,38578.98828125,38679.921875,0
2024-03-12 04:00:00+00:00,38588.6484375,38690.6796875,38544.5,38634.7109375,0
2024-03-12 05:00:00+00:00,38810.73046875,38824.80078125,38586.62890625,38586.62890625,0
2024-03-12 06:00:00+00:00,38797.51171875,38841.80078125,38797.51171875,38841.80078125,0
2024-03-13 00:00:00+00:00,38854.96875,39147.80078125,38827.76171875,39059.94921875,0
2024-03-13 01:00:00+00:00,38723.9296875,38855.1796875,38573.8984375,38855.1796875,0
2024-03-13 02:00:00+00:00,38636.12109375,38803.05859375,38629.1484375,38724.87890625,0
2024-03-13 03:00:00+00:00,38668.44921875,38686.8984375,38452.5703125,38543.3515625,0
2024-03-13 04:00:00+00:00,38748.171875,38772.23046875,38643.8984375,38670.16015625,0
2024-03-13 05:00:00+00:00,38695.390625,38797.26171875,38653.8203125,38749.26171875,0
2024-03-13 06:00:00+00:00,38695.96875,38695.96875,38671.76171875,38671.76171875,0
2024-03-14 00:00:00+00:00,38477.58984375,38621.21875,38400.171875,38591.73046875,0
2024-03-14 01:00:00+00:00,38588.12109375,38615.359375,38407.1796875,38438.4296875,0
2024-03-14 02:00:00+00:00,38625.21875,38635.41015625,38527.0703125,38586.19921875,0
2024-03-14 03:00:00+00:00,38679.12890625,38693.109375,38590.828125,38599.55859375,0
2024-03-14 04:00:00+00:00,38806.80859375,38809.9296875,38677.37109375,38677.37109375,0
2024-03-14 05:00:00+00:00,38822.25,38838.98046875,38745.328125,38805.98046875,0
2024-03-14 06:00:00+00:00,38807.37890625,38840.328125,38807.37890625,38840.328125,0
2024-03-15 00:00:00+00:00,38657.05859375,38753.48828125,38519.94140625,38548.16015625,0
2024-03-15 01:00:00+00:00,38724.6484375,38748.23828125,38579.69921875,38655.3984375,0
2024-03-15 02:00:00+00:00,38751.5390625,38779.359375,38663.8515625,38724.51171875,0
2024-03-15 03:00:00+00:00,38750.01953125,38808.6796875,38716.7890625,38748.91015625,0
2024-03-15 04:00:00+00:00,38597.44921875,38750.328125,38562.8515625,38747.12109375,0
2024-03-15 05:00:00+00:00,38718.87890625,38718.87890625,38596.53125,38596.53125,0
2024-03-15 06:00:00+00:00,38707.640625,38707.640625,38707.640625,38707.640625,0
2024-03-18 00:00:00+00:00,39523.62890625,39523.62890625,38935.46875,38960.98828125,0
2024-03-18 01:00:00+00:00,39594.8515625,39594.8515625,39469.55859375,39515.859375,0
2024-03-18 02:00:00+00:00,39521.4296875,39612.94140625,39496.94140625,39592.80859375,0
2024-03-18 03:00:00+00:00,39573.7109375,39595.4296875,39532.609375,39552.7890625,0
2024-03-18 04:00:00+00:00,39617.01171875,39652.80078125,39563.21875,39572.3984375,0
2024-03-18 05:00:00+00:00,39715.83984375,39722.8515625,39606.23828125,39617.1796875,0
2024-03-18 06:00:00+00:00,39740.44140625,39769.109375,39740.44140625,39769.109375,0
2024-03-19 00:00:00+00:00,39489.76171875,39622.578125,39458.8984375,39622.578125,0
2024-03-19 01:00:00+00:00,39443.4296875,39549.140625,39407.5,39492.26171875,0
2024-03-19 02:00:00+00:00,39596.2890625,39596.2890625,39445.328125,39445.328125,0
2024-03-19 03:00:00+00:00,39699.46875,39908.171875,39449.078125,39568.01171875,0
2024-03-19 04:00:00+00:00,39875.78125,39907.03125,39658.7890625,39719.109375,0
2024-03-19 05:00:00+00:00,39958.390625,39958.421875,39831.75,39876.98828125,0
2024-03-19 06:00:00+00:00,40003.6015625,40003.6015625,39985.51171875,39985.51171875,0
2024-03-21 00:00:00+00:00,40717.2890625,40748.76953125,40487.19921875,40511.55078125,0
2024-03-21 01:00:00+00:00,40569.578125,40744.140625,40452.19140625,40711.55078125,0
2024-03-21 02:00:00+00:00,40670.51953125,40688.3203125,40530.7890625,40565.3984375,0
2024-03-21 03:00:00+00:00,40670.83984375,40681.390625,40596.078125,40654.6484375,0
2024-03-21 04:00:00+00:00,40803.26953125,40812.55078125,40643.53125,40670.078125,0
2024-03-21 05:00:00+00:00,40796.12109375,40823.3203125,40750.01171875,40803.55078125,0
2024-03-21 06:00:00+00:00,40815.66015625,40815.66015625,40795.51171875,40795.51171875,0
2024-03-22 00:00:00+00:00,41040.8203125,41087.75,40903.0390625,40942.87890625,0
2024-03-22 01:00:00+00:00,40909.69921875,41064.7109375,40892.23046875,41045.4296875,0
2024-03-22 02:00:00+00:00,40844.53125,40930.21875,40843.19140625,40910.37109375,0
2024-03-22 03:00:00+00:00,40851.5390625,40860.87109375,40714.140625,40785.66015625,0
2024-03-22 04:00:00+00:00,40912.6796875,40939.8515625,40825.55859375,40851.671875,0
2024-03-22 05:00:00+00:00,40904.19921875,41001.5,40890.4296875,40915.921875,0
2024-03-22 06:00:00+00:00,40888.4296875,40889.5703125,40888.4296875,40889.5703125,0
2024-03-25 00:00:00+00:00,40788.91015625,40837.1796875,40686.08984375,40798.9609375,0
2024-03-25 01:00:00+00:00,40653.9296875,40818.26953125,40594.3515625,40789.6015625,0
2024-03-25 02:00:00+00:00,40621.23828125,40659.98046875,40568.76953125,40654.87109375,0
2024-03-25 03:00:00+00:00,40614.0390625,40649.19140625,40540.26171875,40588.5703125,0
2024-03-25 04:00:00+00:00,40637.44140625,40654.609375,40577.75,40615.76953125,0
2024-03-25 05:00:00+00:00,40442.2890625,40647.44140625,40440.4609375,40637.05859375,0
2024-03-25 06:00:00+00:00,40414.12109375,40417.46875,40414.12109375,40417.46875,0
2024-03-26 00:00:00+00:00,40474.12890625,40529.53125,40308.4296875,40345.0390625,0
2024-03-26 01:00:00+00:00,40404.421875,40510.171875,40369.6484375,40471.62890625,0
2024-03-26 02:00:00+00:00,40364.3984375,40406.16015625,40327.75,40406.16015625,0
2024-03-26 03:00:00+00:00,40389.671875,40394.1484375,40280.8515625,40346.7890625,0
2024-03-26 04:00:00+00:00,40364.6484375,40455.98046875,40355.58984375,40389.73828125,0
2024-03-26 05:00:00+00:00,40449.66015625,40484.23828125,40328.03125,40364.16015625,0
2024-03-26 06:00:00+00:00,40398.03125,40420.640625,40398.03125,40420.640625,0
2024-03-27 00:00:00+00:00,40675.91015625,40677.0,40452.2109375,40517.171875,0
2024-03-27 01:00:00+00:00,40771.1796875,40794.41015625,40589.78125,40674.7890625,0
2024-03-27 02:00:00+00:00,40804.8515625,40811.2109375,40756.98828125,40772.8984375,0
2024-03-27 03:00:00+00:00,40847.0390625,40896.390625,40806.140625,40833.78125,0
2024-03-27 04:00:00+00:00,40897.890625,40897.890625,40806.8203125,40847.1484375,0
2024-03-27 05:00:00+00:00,40758.30859375,40979.359375,40747.46875,40898.25,0
2024-03-27 06:00:00+00:00,40762.73046875,40762.73046875,40750.78125,40750.78125,0
2024-03-28 00:00:00+00:00,40357.66015625,40482.01953125,40289.53125,40324.421875,0
2024-03-28 01:00:00+00:00,40246.25,40385.12890625,40213.2109375,40357.5703125,0
2024-03-28 02:00:00+00:00,40283.44140625,40285.828125,40219.30859375,40244.98828125,0
2024-03-28 03:00:00+00:00,40297.91015625,40324.01171875,40254.69140625,40299.921875,0
2024-03-28 04:00:00+00:00,40278.37109375,40306.75,40238.859375,40292.6484375,0
2024-03-28 05:00:00+00:00,40150.4296875,40283.08984375,40054.05859375,40278.98046875,0
2024-03-28 06:00:00+00:00,40168.0703125,40168.0703125,40160.921875,40160.921875,0
2024-03-29 00:00:00+00:00,40329.578125,40420.87890625,40275.640625,40277.44921875,0
2024-03-29 01:00:00+00:00,40403.37890625,40418.48046875,40294.46875,40332.01953125,0
2024-03-29 02:00:00+00:00,40466.8203125,40466.8203125,40386.078125,40401.6484375,0
2024-03-29 03:00:00+00:00,40297.5390625,40362.2890625,40268.109375,40339.05078125,0
2024-03-29 04:00:00+00:00,40350.44921875,40358.25,40283.7109375,40297.12890625,0
2024-03-29 05:00:00+00:00,40444.0703125,40521.7109375,40320.96875,40350.37890625,0
2024-03-29 06:00:00+00:00,40369.44140625,40393.44140625,40369.44140625,40393.44140625,0
2024-04-01 00:00:00+00:00,40401.890625,40697.21875,40320.66015625,40646.69921875,0
2024-04-01 01:00:00+00:00,39964.078125,40403.8203125,39963.12109375,40403.390625,0
2024-04-01 02:00:00+00:00,39765.21875,39968.01953125,39737.19921875,39963.19140625,0
2024-04-01 03:00:00+00:00,39932.30078125,39954.8203125,39706.44921875,39709.98828125,0
2024-04-01 04:00:00+00:00,39928.4296875,39975.6015625,39869.0703125,39929.98046875,0
2024-04-01 05:00:00+00:00,39836.80859375,39940.6796875,39804.01953125,39929.2109375,0
2024-04-01 06:00:00+00:00,39803.08984375,39828.0390625,39803.08984375,39828.0390625,0
2024-04-02 00:00:00+00:00,40057.03125,40151.05078125,39792.2109375,39892.58984375,0
2024-04-02 01:00:00+00:00,39945.98046875,40065.73046875,39855.98828125,40058.5703125,0
2024-04-02 02:00:00+00:00,39853.19921875,39984.55078125,39838.8984375,39958.76953125,0
2024-04-02 03:00:00+00:00,39773.359375,39917.390625,39727.0703125,39917.390625,0
2024-04-02 04:00:00+00:00,39811.7890625,39829.7109375,39707.87109375,39779.80859375,0
2024-04-02 05:00:00+00:00,39846.1796875,39864.19140625,39765.69140625,39812.109375,0
2024-04-02 06:00:00+00:00,39838.91015625,39849.19921875,39838.91015625,39849.19921875,0
2024-04-03 00:00:00+00:00,39534.828125,39603.7109375,39217.0390625,39503.71875,0
2024-04-03 01:00:00+00:00,39435.890625,39547.76171875,39296.1015625,39547.76171875,0
2024-04-03 02:00:00+00:00,39428.578125,39476.3515625,39360.76953125,39438.6796875,0
2024-04-03 03:00:00+00:00,39597.0703125,39618.05078125,39442.23046875,39469.69921875,0
2024-04-03 04:00:00+00:00,39606.73828125,39625.8984375,39533.609375,39596.5390625,0
2024-04-03 05:00:00+00:00,39465.109375,39617.69921875,39443.48828125,39601.6015625,0
2024-04-03 06:00:00+00:00,39451.8515625,39451.8515625,39446.73828125,39446.73828125,0
2024-04-04 00:00:00+00:00,40099.3515625,40243.01953125,39899.44140625,39928.328125,0
2024-04-04 01:00:00+00:00,40121.9609375,40191.03125,40004.109375,40111.33984375,0
2024-04-04 02:00:00+00:00,40101.8203125,40124.01953125,40018.12890625,40120.46875,0
2024-04-04 03:00:00+00:00,40086.390625,40162.44921875,40082.921875,40135.71875,0
2024-04-04 04:00:00+00:00,39999.91015625,40115.96875,39985.05078125,40085.3515625,0
2024-04-04 05:00:00+00:00,39839.5703125,39999.71875,39798.6015625,39999.71875,0
2024-04-04 06:00:00+00:00,39773.140625,39806.48046875,39773.140625,39806.48046875,0
2024-04-05 00:00:00+00:00,39012.69140625,39274.76171875,38990.1015625,39237.390625,0
2024-04-05 01:00:00+00:00,38808.8203125,39039.6015625,38774.23828125,39012.671875,0
2024-04-05 02:00:00+00:00,38812.23828125,38872.890625,38787.55859375,38807.2890625,0
2024-04-05 03:00:00+00:00,39056.26953125,39056.26953125,38829.87890625,38842.28125,0
2024-04-05 04:00:00+00:00,38927.33984375,39053.26171875,38926.33984375,39053.26171875,0
2024-04-05 05:00:00+00:00,39005.6796875,39011.3515625,38874.69140625,38927.828125,0
2024-04-05 06:00:00+00:00,38992.078125,39014.62109375,38992.078125,39014.62109375,0
2024-04-08 00:00:00+00:00,39436.71875,39492.19921875,39294.30859375,39407.19921875,0
2024-04-08 01:00:00+00:00,39599.25,39615.26171875,39388.26171875,39436.23046875,0
2024-04-08 02:00:00+00:00,39517.80859375,39617.359375,39505.328125,39600.109375,0
2024-04-08 03:00:00+00:00,39232.03125,39409.6484375,39218.609375,39409.6484375,0
2024-04-08 04:00:00+00:00,39299.26171875,39345.66015625,39225.1796875,39230.94140625,0
2024-04-08 05:00:00+00:00,39319.3984375,39326.87109375,39202.2890625,39299.078125,0
2024-04-08 06:00:00+00:00,39347.0390625,39347.0390625,39335.33984375,39335.33984375,0
2024-04-09 00:00:00+00:00,39532.62890625,39649.26953125,39496.94921875,39496.94921875,0
2024-04-09 01:00:00+00:00,39524.05078125,39639.25,39491.390625,39534.3203125,0
2024-04-09 02:00:00+00:00,39540.76171875,39567.51171875,39476.12890625,39524.30859375,0
2024-04-09 03:00:00+00:00,39610.55859375,39636.3515625,39518.9609375,39559.26953125,0
2024-04-09 04:00:00+00:00,39653.4296875,39691.51171875,39579.19140625,39613.37890625,0
2024-04-09 05:00:00+00:00,39738.171875,39764.91015625,39648.08984375,39653.140625,0
2024-04-09 06:00:00+00:00,39773.12890625,39773.12890625,39750.8515625,39750.8515625,0
2024-04-10 00:00:00+00:00,39611.98828125,39703.9296875,39535.23046875,39582.328125,0
2024-04-10 01:00:00+00:00,39625.30859375,39676.08984375,39563.6015625,39612.37890625,0
2024-04-10 02:00:00+00:00,39666.23828125,39693.23828125,39619.87109375,39626.3203125,0
2024-04-10 03:00:00+00:00,39652.3515625,39708.69921875,39649.19921875,39683.8203125,0
2024-04-10 04:00:00+00:00,39642.55078125,39663.33984375,39602.390625,39659.921875,0
2024-04-10 05:00:00+00:00,39551.94921875,39678.66015625,39512.421875,39643.51953125,0
2024-04-10 06:00:00+00:00,39581.80859375,39581.80859375,39572.26171875,39572.26171875,0
2024-04-11 00:00:00+00:00,39287.6015625,39291.37890625,39065.30859375,39090.6796875,0
2024-04-11 01:00:00+00:00,39282.578125,39355.6484375,39229.71875,39289.109375,0
2024-04-11 02:00:00+00:00,39383.73046875,39383.73046875,39277.91015625,39281.44921875,0
2024-04-11 03:00:00+00:00,39418.26171875,39441.75,39384.1796875,39405.828125,0
2024-04-11 04:00:00+00:00,39409.25,39438.140625,39359.69921875,39417.94140625,0
2024-04-11 05:00:00+00:00,39424.44140625,39473.48046875,39386.2109375,39409.46875,0
2024-04-11 06:00:00+00:00,39442.62890625,39442.62890625,39423.96875,39423.96875,0
2024-04-12 00:00:00+00:00,39524.46875,39774.8203125,39514.66015625,39722.01953125,0
2024-04-12 01:00:00+00:00,39702.62890625,39702.80078125,39457.73046875,39523.48828125,0
2024-04-12 02:00:00+00:00,39642.66015625,39708.21875,39635.05859375,39703.3984375,0
2024-04-12 03:00:00+00:00,39594.48046875,39684.578125,39588.1484375,39675.7890625,0
2024-04-12 04:00:00+00:00,39536.98828125,39626.2109375,39532.609375,39594.98828125,0
2024-04-12 05:00:00+00:00,39545.87109375,39589.8203125,39503.0,39537.109375,0
2024-04-12 06:00:00+00:00,39523.55078125,39535.66015625,39523.55078125,39535.66015625,0
2024-04-15 00:00:00+00:00,38971.859375,39115.5703125,38820.94921875,39056.9296875,0
2024-04-15 01:00:00+00:00,39092.73828125,39108.44921875,38922.7890625,38979.4296875,0
2024-04-15 02:00:00+00:00,39114.19140625,39170.3515625,39080.03125,39091.078125,0
2024-04-15 03:00:00+00:00,39083.3515625,39166.7890625,39083.3515625,39092.21875,0
2024-04-15 04:00:00+00:00,39125.37890625,39140.48828125,39069.4609375,39079.91015625,0
2024-04-15 05:00:00+00:00,39204.30078125,39204.30078125,39124.75,39124.75,0
2024-04-15 06:00:00+00:00,39232.80078125,39232.80078125,39210.1484375,39210.1484375,0
2024-04-16 00:00:00+00:00,38605.83984375,38764.8203125,38523.30859375,38750.671875,0
2024-04-16 01:00:00+00:00,38516.08984375,38611.2109375,38461.109375,38601.19921875,0
2024-04-16 02:00:00+00:00,38405.578125,38526.48828125,38405.578125,38515.9609375,0
2024-04-16 03:00:00+00:00,38446.390625,38446.390625,38326.69921875,38382.3515625,0
2024-04-16 04:00:00+00:00,38413.30078125,38446.3984375,38322.3203125,38446.3984375,0
2024-04-16 05:00:00+00:00,38482.140625,38591.05859375,38387.078125,38412.421875,0
2024-04-16 06:00:00+00:00,38471.19921875,38471.19921875,38463.671875,38463.671875,0
2024-04-17 00:00:00+00:00,38250.16015625,38587.609375,38160.828125,38587.46875,0
2024-04-17 01:00:00+00:00,38359.16015625,38371.94921875,38162.01171875,38251.6015625,0
2024-04-17 02:00:00+00:00,38404.44921875,38430.75,38345.859375,38360.609375,0
2024-04-17 03:00:00+00:00,38459.48828125,38502.6015625,38376.171875,38415.69921875,0
2024-04-17 04:00:00+00:00,38334.48828125,38474.01953125,38281.51953125,38458.48828125,0
2024-04-17 05:00:00+00:00,37982.609375,38335.6484375,37976.171875,38335.6484375,0
2024-04-17 06:00:00+00:00,37961.80078125,37996.98046875,37961.80078125,37996.98046875,0
2024-04-18 00:00:00+00:00,37831.94140625,37873.58984375,37644.91015625,37745.0390625,0
2024-04-18 01:00:00+00:00,37955.75,37955.75,37776.3515625,37831.87890625,0
2024-04-18 02:00:00+00:00,38090.87109375,38090.87109375,37924.609375,37955.55859375,0
2024-04-18 03:00:00+00:00,38116.859375,38164.078125,38077.3203125,38136.5703125,0
2024-04-18 04:00:00+00:00,38065.94140625,38187.078125,38055.171875,38116.5703125,0
2024-04-18 05:00:00+00:00,38064.48828125,38216.75,38013.8984375,38073.51953125,0
2024-04-18 06:00:00+00:00,38079.69921875,38079.69921875,38066.01953125,38066.01953125,0
2024-04-19 00:00:00+00:00,37240.1796875,37749.48046875,37226.0703125,37724.46875,0
2024-04-19 01:00:00+00:00,36944.75,37292.83984375,36824.48046875,37241.05859375,0
2024-04-19 02:00:00+00:00,36818.80859375,36955.83984375,36733.05859375,36943.4296875,0
2024-04-19 03:00:00+00:00,37138.19921875,37177.23046875,37003.1484375,37062.98828125,0
2024-04-19 04:00:00+00:00,37083.46875,37213.390625,37011.58984375,37142.8515625,0
2024-04-19 05:00:00+00:00,37096.5,37259.87890625,37064.69140625,37083.98828125,0
2024-04-19 06:00:00+00:00,37068.3515625,37109.23046875,37068.3515625,37109.23046875,0
2024-04-22 00:00:00+00:00,37117.4296875,37511.80078125,37101.08984375,37240.9296875,0
2024-04-22 01:00:00+00:00,37243.05078125,37289.48828125,37052.62890625,37113.7109375,0
2024-04-22 02:00:00+00:00,37334.96875,37400.26171875,37235.55078125,37245.01171875,0
2024-04-22 03:00:00+00:00,37193.66015625,37289.78125,37191.44921875,37289.78125,0
2024-04-22 04:00:00+00:00,37290.87109375,37305.96875,37156.96875,37191.6796875,0
2024-04-22 05:00:00+00:00,37474.87109375,37474.87109375,37174.25,37290.7109375,0
2024-04-22 06:00:00+00:00,37438.609375,37466.87890625,37438.609375,37466.87890625,0
2024-04-23 00:00:00+00:00,37640.7890625,37817.78125,37570.58984375,37797.05859375,0
2024-04-23 01:00:00+00:00,37427.390625,37643.53125,37421.87890625,37643.53125,0
2024-04-23 02:00:00+00:00,37538.05859375,37549.76953125,37397.26953125,37428.9296875,0
2024-04-23 03:00:00+00:00,37547.8515625,37588.48828125,37491.7890625,37505.6484375,0
2024-04-23 04:00:00+00:00,37595.66015625,37637.609375,37533.23046875,37552.01953125,0
2024-04-23 05:00:00+00:00,37550.6796875,37610.66015625,37494.23828125,37595.71875,0
2024-04-23 06:00:00+00:00,37552.16015625,37561.9296875,37552.16015625,37561.9296875,0
2024-04-24 00:00:00+00:00,38297.76171875,38328.25,37857.46875,37871.921875,0
2024-04-24 01:00:00+00:00,38316.01953125,38351.0390625,38170.30078125,38298.25,0
2024-04-24 02:00:00+00:00,38329.390625,38351.44140625,38274.48046875,38316.44140625,0
2024-04-24 03:00:00+00:00,38411.91015625,38424.76171875,38307.0703125,38307.078125,0
2024-04-24 04:00:00+00:00,38407.421875,38417.8984375,38333.41015625,38412.44921875,0
2024-04-24 05:00:00+00:00,38416.5703125,38439.5703125,38356.78125,38407.87109375,0
2024-04-24 06:00:00+00:00,38460.078125,38460.078125,38450.48046875,38450.48046875,0
2024-04-25 00:00:00+00:00,38001.828125,38129.53125,37880.9609375,38065.91015625,0
2024-04-25 01:00:00+00:00,37779.71875,38028.69140625,37722.109375,38003.98046875,0
2024-04-25 02:00:00+00:00,37818.109375,37825.51171875,37745.26171875,37781.30078125,0
2024-04-25 03:00:00+00:00,37691.80859375,37776.640625,37672.69140625,37776.640625,0
2024-04-25 04:00:00+00:00,37692.41015625,37738.80859375,37651.1015625,37691.3984375,0
2024-04-25 05:00:00+00:00,37630.55859375,37692.1015625,37604.23046875,37691.41015625,0
2024-04-25 06:00:00+00:00,37628.48046875,37628.48046875,37613.671875,37613.671875,0
2024-04-26 00:00:00+00:00,37649.80078125,37786.640625,37550.69921875,37725.609375,0
2024-04-26 01:00:00+00:00,37806.578125,37807.578125,37606.96875,37655.73828125,0
2024-04-26 02:00:00+00:00,37780.3515625,37852.96875,37768.51953125,37806.87890625,0
2024-04-26 03:00:00+00:00,37915.73046875,38084.921875,37883.83984375,37926.05859375,0
2024-04-26 04:00:00+00:00,38037.23828125,38086.98046875,37859.9296875,37918.5390625,0
2024-04-26 05:00:00+00:00,37928.140625,38061.328125,37919.8515625,38039.66015625,0
2024-04-26 06:00:00+00:00,37934.76171875,37934.76171875,37929.2890625,37929.2890625,0
2024-04-30 00:00:00+00:00,38391.51953125,38454.421875,38252.7109375,38312.66015625,0
2024-04-30 01:00:00+00:00,38577.69140625,38608.171875,38368.94140625,38394.94140625,0
2024-04-30 02:00:00+00:00,38459.01171875,38581.30859375,38453.0390625,38578.578125,0
2024-04-30 03:00:00+00:00,38412.0703125,38446.76171875,38361.890625,38392.23828125,0
2024-04-30 04:00:00+00:00,38344.26171875,38471.12890625,38319.44921875,38413.87109375,0
2024-04-30 05:00:00+00:00,38372.91015625,38372.91015625,38182.109375,38339.55078125,0
2024-04-30 06:00:00+00:00,38405.66015625,38411.23828125,38405.66015625,38411.23828125,0
2024-05-01 00:00:00+00:00,38129.1015625,38276.55078125,38078.109375,38107.37890625,0
2024-05-01 01:00:00+00:00,38134.0703125,38182.6015625,38036.23828125,38130.19140625,0
2024-05-01 02:00:00+00:00,38189.5390625,38194.75,38081.890625,38135.01171875,0
2024-05-01 03:00:00+00:00,38421.0390625,38427.48828125,38264.80859375,38264.80859375,0
2024-05-01 04:00:00+00:00,38346.078125,38433.33984375,38330.8515625,38419.62109375,0
2024-05-01 05:00:00+00:00,38235.609375,38368.05078125,38235.609375,38346.73046875,0
2024-05-01 06:00:00+00:00,38274.05078125,38274.05078125,38239.390625,38239.390625,0
2024-05-02 00:00:00+00:00,38161.75,38206.609375,37958.19140625,38004.01171875,0
2024-05-02 01:00:00+00:00,38199.4609375,38199.9296875,38114.5703125,38164.21875,0
2024-05-02 02:00:00+00:00,38299.7109375,38300.75,38161.0,38199.109375,0
2024-05-02 03:00:00+00:00,38275.2890625,38355.6015625,38234.98046875,38348.37890625,0
2024-05-02 04:00:00+00:00,38260.23828125,38278.4296875,38214.578125,38276.890625,0
2024-05-02 05:00:00+00:00,38203.7109375,38307.37890625,38203.4609375,38259.1484375,0
2024-05-02 06:00:00+00:00,38236.0703125,38236.0703125,38210.98828125,38210.98828125,0
2024-05-07 00:00:00+00:00,38609.26953125,38863.140625,38578.01953125,38636.23046875,0
2024-05-07 01:00:00+00:00,38682.53125,38687.8203125,38541.96875,38609.359375,0
2024-05-07 02:00:00+00:00,38688.66015625,38697.2109375,38613.671875,38673.25,0
2024-05-07 03:00:00+00:00,38762.19140625,38800.71875,38668.98046875,38670.48828125,0
2024-05-07 04:00:00+00:00,38723.16015625,38821.62109375,38722.171875,38757.83984375,0
2024-05-07 05:00:00+00:00,38786.140625,38786.140625,38677.8203125,38723.78125,0
2024-05-07 06:00:00+00:00,38835.1015625,38835.1015625,38791.578125,38791.578125,0
2024-05-08 00:00:00+00:00,38456.2890625,38749.3515625,38396.87109375,38677.5703125,0
2024-05-08 01:00:00+00:00,38422.5390625,38506.87109375,38388.12109375,38456.171875,0
2024-05-08 02:00:00+00:00,38303.390625,38477.76953125,38283.98046875,38423.58984375,0
2024-05-08 03:00:00+00:00,38309.4296875,38340.9296875,38259.37109375,38259.37109375,0
2024-05-08 04:00:00+00:00,38214.87890625,38307.41015625,38159.8515625,38307.41015625,0
2024-05-08 05:00:00+00:00,38188.44140625,38298.69921875,38185.53125,38215.640625,0
2024-05-08 06:00:00+00:00,38202.37109375,38202.37109375,38184.55078125,38184.55078125,0
2024-05-09 00:00:00+00:00,38287.0,38354.921875,38115.41015625,38242.921875,0
2024-05-09 01:00:00+00:00,38355.328125,38371.44140625,38234.0,38278.37109375,0
2024-05-09 02:00:00+00:00,38392.1015625,38395.9296875,38309.48046875,38355.08984375,0
2024-05-09 03:00:00+00:00,38337.12890625,38429.80859375,38336.0703125,38425.01171875,0
2024-05-09 04:00:00+00:00,38257.05859375,38365.30859375,38244.7109375,38338.19140625,0
2024-05-09 05:00:00+00:00,38072.23828125,38273.37109375,38072.23828125,38259.9296875,0
2024-05-09 06:00:00+00:00,38073.98046875,38079.96875,38073.98046875,38079.96875,0
2024-05-10 00:00:00+00:00,38620.421875,38741.87890625,38321.98046875,38361.7890625,0
2024-05-10 01:00:00+00:00,38347.6796875,38669.1484375,38274.80078125,38618.98828125,0
2024-05-10 02:00:00+00:00,38311.62890625,38383.96875,38293.05078125,38349.9296875,0
2024-05-10 03:00:00+00:00,38245.0703125,38283.75,38180.4296875,38253.76171875,0
2024-05-10 04:00:00+00:00,38207.58984375,38249.98828125,38126.91015625,38244.62890625,0
2024-05-10 05:00:00+00:00,38257.69140625,38257.69140625,38133.8984375,38207.48046875,0
2024-05-10 06:00:00+00:00,38229.109375,38268.4609375,38229.109375,38268.4609375,0
2024-05-13 00:00:00+00:00,38181.21875,38235.76171875,38053.83984375,38211.609375,0
2024-05-13 01:00:00+00:00,38118.46875,38180.8203125,37969.578125,38180.8203125,0
2024-05-13 02:00:00+00:00,38243.58984375,38273.3984375,38118.87109375,38118.87109375,0
2024-05-13 03:00:00+00:00,38126.3515625,38248.08984375,38125.609375,38248.08984375,0
2024-05-13 04:00:00+00:00,38103.828125,38157.3203125,38052.8203125,38126.2109375,0
2024-05-13 05:00:00+00:00,38167.73828125,38190.0,38082.21875,38103.98046875,0
2024-05-13 06:00:00+00:00,38179.4609375,38179.4609375,38163.71875,38163.71875,0
2024-05-14 00:00:00+00:00,38351.69140625,38477.6796875,38275.23046875,38287.98828125,0
2024-05-14 01:00:00+00:00,38234.328125,38367.6796875,38166.03125,38351.69140625,0
2024-05-14 02:00:00+00:00,38199.1015625,38248.6796875,38141.98046875,38236.4296875,0
2024-05-14 03:00:00+00:00,38170.390625,38170.390625,38084.7109375,38109.66015625,0
2024-05-14 04:00:00+00:00,38246.3984375,38289.3984375,38171.671875,38171.671875,0
2024-05-14 05:00:00+00:00,38309.62109375,38333.96875,38205.94921875,38245.87890625,0
2024-05-14 06:00:00+00:00,38356.05859375,38356.05859375,38314.5,38314.5,0
2024-05-15 00:00:00+00:00,38530.26171875,38816.6015625,38525.3515625,38533.08984375,0
2024-05-15 01:00:00+00:00,38512.2109375,38591.421875,38466.109375,38531.33984375,0
2024-05-15 02:00:00+00:00,38491.1484375,38557.73046875,38448.12109375,38512.96875,0
2024-05-15 03:00:00+00:00,38490.58984375,38613.30078125,38485.01953125,38605.609375,0
2024-05-15 04:00:00+00:00,38399.16015625,38490.78125,38386.890625,38490.78125,0
2024-05-15 05:00:00+00:00,38380.640625,38409.4609375,38335.609375,38398.62890625,0
2024-05-15 06:00:00+00:00,38385.73046875,38385.73046875,38375.87890625,38375.87890625,0
2024-05-16 00:00:00+00:00,38606.828125,38897.53125,38513.328125,38645.9609375,0
2024-05-16 01:00:00+00:00,38632.1484375,38754.5703125,38576.9609375,38609.16015625,0
2024-05-16 02:00:00+00:00,38669.5703125,38686.41015625,38586.73046875,38631.55859375,0
2024-05-16 03:00:00+00:00,38696.80078125,38733.55859375,38671.37890625,38701.359375,0
2024-05-16 04:00:00+00:00,38771.55859375,38799.1015625,38678.171875,38696.6796875,0
2024-05-16 05:00:00+00:00,38904.671875,38949.37890625,38722.28125,38771.9296875,0
2024-05-16 06:00:00+00:00,38920.26171875,38920.26171875,38905.421875,38905.421875,0
2024-05-17 00:00:00+00:00,38575.26953125,38688.94921875,38540.328125,38561.0390625,0
2024-05-17 01:00:00+00:00,38790.73046875,38799.9296875,38561.87890625,38576.2890625,0
2024-05-17 02:00:00+00:00,38782.078125,38799.55078125,38736.078125,38791.4296875,0
2024-05-17 03:00:00+00:00,38806.62890625,38842.48828125,38716.5,38739.6484375,0
2024-05-17 04:00:00+00:00,38747.9296875,38821.140625,38747.9296875,38808.48046875,0
2024-05-17 05:00:00+00:00,38770.44921875,38777.12890625,38685.140625,38748.16015625,0
2024-05-17 06:00:00+00:00,38787.37890625,38787.37890625,38753.73828125,38753.73828125,0
2024-05-20 00:00:00+00:00,39232.921875,39233.03125,38703.69921875,38761.7109375,0
2024-05-20 01:00:00+00:00,39374.76171875,39437.16015625,39221.5,39231.01953125,0
2024-05-20 02:00:00+00:00,39346.921875,39383.828125,39249.05859375,39379.2109375,0
2024-05-20 03:00:00+00:00,39170.46875,39241.640625,39138.58984375,39221.390625,0
2024-05-20 04:00:00+00:00,39141.26171875,39219.8203125,39117.44921875,39171.21875,0
2024-05-20 05:00:00+00:00,39090.0,39153.28125,39018.23046875,39141.53125,0
2024-05-20 06:00:00+00:00,39069.6796875,39091.1484375,39069.6796875,39091.1484375,0
2024-05-21 00:00:00+00:00,39215.55859375,39346.1484375,39196.66015625,39232.16015625,0
2024-05-21 01:00:00+00:00,39127.9296875,39239.30859375,39119.69140625,39214.98046875,0
2024-05-21 02:00:00+00:00,39135.91015625,39143.609375,39087.51953125,39127.62109375,0
2024-05-21 03:00:00+00:00,39097.828125,39193.19921875,39096.55078125,39167.328125,0
2024-05-21 04:00:00+00:00,39047.98828125,39103.44140625,39022.87109375,39097.94921875,0
2024-05-21 05:00:00+00:00,38950.6015625,39048.0,38942.328125,39048.0,0
2024-05-21 06:00:00+00:00,38946.9296875,38946.9296875,38942.28125,38942.28125,0
2024-05-22 00:00:00+00:00,38669.71875,38854.98828125,38645.828125,38823.91015625,0
2024-05-22 01:00:00+00:00,38696.4296875,38737.609375,38624.9609375,38669.83984375,0
2024-05-22 02:00:00+00:00,38719.3515625,38758.01171875,38692.4296875,38694.73828125,0
2024-05-22 03:00:00+00:00,38755.5,38773.98828125,38665.05078125,38704.078125,0
2024-05-22 04:00:00+00:00,38609.55859375,38763.3203125,38607.578125,38754.12890625,0
2024-05-22 05:00:00+00:00,38615.828125,38669.33984375,38592.94140625,38610.390625,0
2024-05-22 06:00:00+00:00,38617.1015625,38617.1015625,38604.9296875,38604.9296875,0
2024-05-23 00:00:00+00:00,38825.8984375,38938.671875,38617.4296875,38803.12890625,0
2024-05-23 01:00:00+00:00,38844.1796875,38923.3984375,38799.640625,38827.23046875,0
2024-05-23 02:00:00+00:00,38913.48046875,38922.98046875,38831.87890625,38844.28125,0
2024-05-23 03:00:00+00:00,39079.30859375,39084.12109375,38981.75,39032.83984375,0
2024-05-23 04:00:00+00:00,39082.671875,39129.46875,39048.55078125,39084.87109375,0
2024-05-23 05:00:00+00:00,39110.73828125,39124.9609375,39018.5703125,39083.890625,0
2024-05-23 06:00:00+00:00,39103.21875,39112.9609375,39103.21875,39112.9609375,0
2024-05-24 00:00:00+00:00,38566.8984375,38611.80859375,38367.69921875,38506.03125,0
2024-05-24 01:00:00+00:00,38594.9609375,38710.53125,38550.37890625,38564.16015625,0
2024-05-24 02:00:00+00:00,38649.1484375,38658.05859375,38595.41015625,38595.41015625,0
2024-05-24 03:00:00+00:00,38635.0703125,38710.7109375,38627.80859375,38677.609375,0
2024-05-24 04:00:00+00:00,38714.80078125,38740.8203125,38629.359375,38633.171875,0
2024-05-24 05:00:00+00:00,38617.2109375,38735.73046875,38566.51171875,38717.03125,0
2024-05-24 06:00:00+00:00,38646.109375,38646.109375,38620.640625,38620.640625,0
2024-05-27 00:00:00+00:00,38739.80859375,38802.73828125,38691.69140625,38766.2109375,0
2024-05-27 01:00:00+00:00,38733.03125,38764.078125,38667.9296875,38740.12109375,0
2024-05-27 02:00:00+00:00,38758.9609375,38762.3515625,38709.12890625,38729.5703125,0
2024-05-27 03:00:00+00:00,38727.828125,38771.390625,38715.12109375,38715.12109375,0
2024-05-27 04:00:00+00:00,38772.05859375,38773.23046875,38689.23828125,38729.890625,0
2024-05-27 05:00:00+00:00,38888.71875,38888.71875,38771.30078125,38771.30078125,0
2024-05-27 06:00:00+00:00,38900.01953125,38900.01953125,38887.140625,38887.140625,0
2024-05-28 00:00:00+00:00,38866.98828125,38981.96875,38786.859375,38879.1484375,0
2024-05-28 01:00:00+00:00,38805.078125,38878.7890625,38756.12890625,38864.46875,0
2024-05-28 02:00:00+00:00,38783.26953125,38826.05078125,38768.53125,38804.80078125,0
2024-05-28 03:00:00+00:00,38827.23046875,38845.69921875,38765.2890625,38780.55078125,0
2024-05-28 04:00:00+00:00,38812.4296875,38868.6015625,38807.0703125,38826.98046875,0
2024-05-28 05:00:00+00:00,38863.1015625,38882.0390625,38786.94140625,38810.859375,0
2024-05-28 06:00:00+00:00,38855.37109375,38856.69921875,38855.37109375,38856.69921875,0
2024-05-29 00:00:00+00:00,38819.890625,39141.98828125,38808.12890625,38880.5,0
2024-05-29 01:00:00+00:00,38719.80859375,38874.859375,38675.109375,38823.55078125,0
2024-05-29 02:00:00+00:00,38789.51953125,38805.01171875,38712.109375,38720.73046875,0
2024-05-29 03:00:00+00:00,38680.25,38756.8515625,38666.4609375,38721.21875,0
2024-05-29 04:00:00+00:00,38657.421875,38700.5703125,38640.44140625,38681.30859375,0
2024-05-29 05:00:00+00:00,38529.6015625,38672.26953125,38524.23828125,38657.62890625,0
2024-05-29 06:00:00+00:00,38556.87109375,38556.87109375,38528.08984375,38528.08984375,0
2024-05-30 00:00:00+00:00,37633.6796875,38138.03125,37617.0,38112.76953125,0
2024-05-30 01:00:00+00:00,37906.87109375,37962.96875,37640.76953125,37644.37890625,0
2024-05-30 02:00:00+00:00,37974.46875,37989.44140625,37886.87109375,37906.51171875,0
2024-05-30 03:00:00+00:00,38064.671875,38101.30078125,38029.19140625,38058.671875,0
2024-05-30 04:00:00+00:00,38071.94140625,38111.87109375,38007.73046875,38066.0390625,0
2024-05-30 05:00:00+00:00,37990.5,38095.7109375,37893.30078125,38072.640625,0
2024-05-30 06:00:00+00:00,38054.12890625,38054.12890625,38019.30859375,38019.30859375,0
2024-05-31 00:00:00+00:00,38292.0,38311.44921875,38087.609375,38173.21875,0
2024-05-31 01:00:00+00:00,38174.66015625,38333.76953125,38116.51953125,38288.19921875,0
2024-05-31 02:00:00+00:00,38119.9609375,38218.140625,38110.0703125,38175.78125,0
2024-05-31 03:00:00+00:00,38369.19140625,38390.5390625,38245.55078125,38245.55078125,0
2024-05-31 04:00:00+00:00,38426.23046875,38426.48046875,38361.73046875,38369.640625,0
2024-05-31 05:00:00+00:00,38506.0703125,38526.9296875,38409.05078125,38425.80859375,0
2024-05-31 06:00:00+00:00,38487.8984375,38487.8984375,38486.390625,38486.390625,0
2024-06-03 00:00:00+00:00,38953.3515625,39032.5,38734.94921875,38734.94921875,0
2024-06-03 01:00:00+00:00,38860.25,39014.73828125,38836.37890625,38950.03125,0
2024-06-03 02:00:00+00:00,38849.6484375,38899.921875,38836.12109375,38859.71875,0
2024-06-03 03:00:00+00:00,38964.2109375,38964.328125,38815.87109375,38832.12109375,0
2024-06-03 04:00:00+00:00,38928.859375,38968.33984375,38914.9609375,38962.1796875,0
2024-06-03 05:00:00+00:00,38943.359375,38987.25,38894.05859375,38929.390625,0
2024-06-03 06:00:00+00:00,38923.03125,38933.7109375,38923.03125,38933.7109375,0
2024-06-04 00:00:00+00:00,38744.4609375,38840.921875,38687.48828125,38702.5390625,0
2024-06-04 01:00:00+00:00,38717.890625,38750.94921875,38591.7890625,38745.1015625,0
2024-06-04 02:00:00+00:00,38749.25,38767.53125,38682.921875,38722.2109375,0
2024-06-04 03:00:00+00:00,38823.51953125,38841.3203125,38743.08984375,38747.5703125,0
2024-06-04 04:00:00+00:00,38823.30078125,38895.05859375,38809.6484375,38822.73046875,0
2024-06-04 05:00:00+00:00,38814.37890625,38862.0,38752.25,38820.55078125,0
2024-06-04 06:00:00+00:00,38837.4609375,38837.4609375,38799.48828125,38799.48828125,0
2024-06-05 00:00:00+00:00,38370.140625,38656.41015625,38350.69140625,38654.08984375,0
2024-06-05 01:00:00+00:00,38430.62109375,38483.21875,38343.98046875,38371.08984375,0
2024-06-05 02:00:00+00:00,38527.6015625,38559.98046875,38430.12109375,38430.12109375,0
2024-06-05 03:00:00+00:00,38406.9296875,38491.16015625,38386.19140625,38474.73828125,0
2024-06-05 04:00:00+00:00,38398.51171875,38451.3203125,38384.71875,38405.94921875,0
2024-06-05 05:00:00+00:00,38460.96875,38488.37890625,38356.46875,38398.03125,0
2024-06-05 06:00:00+00:00,38490.171875,38490.171875,38449.0390625,38449.0390625,0
2024-06-06 00:00:00+00:00,38977.03125,39011.9296875,38835.6015625,38841.66015625,0
2024-06-06 01:00:00+00:00,38962.9609375,38989.96875,38855.4296875,38976.03125,0
2024-06-06 02:00:00+00:00,38841.75,38967.05859375,38835.23046875,38965.578125,0
2024-06-06 03:00:00+00:00,38762.44921875,38853.28125,38757.33984375,38786.0,0
2024-06-06 04:00:00+00:00,38748.3984375,38773.73828125,38693.5,38762.4296875,0
2024-06-06 05:00:00+00:00,38734.359375,38810.25,38730.12109375,38748.03125,0
2024-06-06 06:00:00+00:00,38703.51171875,38720.37890625,38703.51171875,38720.37890625,0
2024-06-07 00:00:00+00:00,38669.3984375,38747.26953125,38597.55078125,38597.55078125,0
2024-06-07 01:00:00+00:00,38569.98828125,38711.140625,38567.7890625,38669.78125,0
2024-06-07 02:00:00+00:00,38661.0390625,38669.1015625,38560.8515625,38569.76171875,0
2024-06-07 03:00:00+00:00,38638.8984375,38695.01953125,38621.41015625,38695.01953125,0
2024-06-07 04:00:00+00:00,38609.19921875,38662.12890625,38595.55078125,38639.26171875,0
2024-06-07 05:00:00+00:00,38657.73828125,38670.2109375,38595.8984375,38609.9296875,0
2024-06-07 06:00:00+00:00,38683.9296875,38683.9296875,38672.7109375,38672.7109375,0
2024-06-10 00:00:00+00:00,38843.7890625,38895.25,38689.78125,38689.78125,0
2024-06-10 01:00:00+00:00,38880.4609375,38911.08984375,38805.76953125,38842.5390625,0
2024-06-10 02:00:00+00:00,38872.19140625,38902.76953125,38846.41015625,38881.078125,0
2024-06-10 03:00:00+00:00,38936.1796875,39023.390625,38911.171875,38991.390625,0
2024-06-10 04:00:00+00:00,39044.109375,39049.5,38874.1796875,38935.71875,0
2024-06-10 05:00:00+00:00,39052.140625,39081.5390625,39012.1015625,39045.19140625,0
2024-06-10 06:00:00+00:00,39038.16015625,39046.48046875,39038.16015625,39046.48046875,0
2024-06-11 00:00:00+00:00,39291.03125,39336.66015625,39137.16015625,39175.58984375,0
2024-06-11 01:00:00+00:00,39174.1015625,39289.58984375,39137.5390625,39289.58984375,0
2024-06-11 02:00:00+00:00,39155.16015625,39186.75,39120.30859375,39172.91015625,0
2024-06-11 03:00:00+00:00,39166.828125,39188.94140625,39102.19140625,39141.51953125,0
2024-06-11 04:00:00+00:00,39159.69140625,39221.75,39135.171875,39170.03125,0
2024-06-11 05:00:00+00:00,39107.71875,39190.0703125,39074.87890625,39159.6484375,0
2024-06-11 06:00:00+00:00,39134.7890625,39134.7890625,39107.078125,39107.078125,0
2024-06-12 00:00:00+00:00,38935.08984375,38938.5,38824.08984375,38865.1484375,0
2024-06-12 01:00:00+00:00,38819.51171875,38934.3203125,38809.359375,38934.3203125,0
2024-06-12 02:00:00+00:00,38826.328125,38859.94140625,38814.171875,38817.9296875,0
2024-06-12 03:00:00+00:00,38876.69921875,38919.12109375,38870.078125,38873.671875,0
2024-06-12 04:00:00+00:00,38907.12890625,38918.55078125,38866.890625,38875.890625,0
2024-06-12 05:00:00+00:00,38875.62109375,38945.98828125,38875.62109375,38906.6015625,0
2024-06-12 06:00:00+00:00,38876.7109375,38889.80859375,38876.7109375,38889.80859375,0
2024-06-13 00:00:00+00:00,38991.328125,39252.44140625,38921.08984375,39182.05859375,0
2024-06-13 01:00:00+00:00,38903.078125,39025.890625,38878.58984375,38991.01171875,0
2024-06-13 02:00:00+00:00,38831.359375,38947.51953125,38830.73046875,38905.30078125,0
2024-06-13 03:00:00+00:00,38847.9296875,38861.66015625,38755.01171875,38762.578125,0
2024-06-13 04:00:00+00:00,38843.8203125,38853.140625,38757.8203125,38848.5,0
2024-06-13 05:00:00+00:00,38689.7890625,38843.73828125,38689.7890625,38843.73828125,0
2024-06-13 06:00:00+00:00,38720.46875,38720.46875,38712.51953125,38712.51953125,0
2024-06-14 00:00:00+00:00,38609.01171875,38727.1015625,38554.75,38587.5703125,0
2024-06-14 01:00:00+00:00,38713.78125,38723.671875,38567.5390625,38604.58984375,0
2024-06-14 02:00:00+00:00,38709.01953125,38741.609375,38694.890625,38713.71875,0
2024-06-14 03:00:00+00:00,38977.140625,39006.921875,38853.80078125,38898.05078125,0
2024-06-14 04:00:00+00:00,38833.76953125,39025.69921875,38809.640625,38977.4609375,0
2024-06-14 05:00:00+00:00,38855.0,38900.0,38832.80078125,38832.87890625,0
2024-06-14 06:00:00+00:00,38814.55859375,38840.30078125,38814.55859375,38840.30078125,0
2024-06-17 00:00:00+00:00,38067.98046875,38442.69921875,38060.890625,38440.98046875,0
2024-06-17 01:00:00+00:00,38077.69140625,38077.69140625,37956.48828125,38068.7890625,0
2024-06-17 02:00:00+00:00,38106.41015625,38139.0,38078.6484375,38078.6484375,0
2024-06-17 03:00:00+00:00,38008.66015625,38106.48046875,38001.21875,38077.94921875,0
2024-06-17 04:00:00+00:00,37977.01171875,38012.62109375,37950.19921875,38008.8984375,0
2024-06-17 05:00:00+00:00,38089.73828125,38121.390625,37966.23046875,37976.6015625,0
2024-06-17 06:00:00+00:00,38102.44140625,38102.44140625,38102.44140625,38102.44140625,0
2024-06-18 00:00:00+00:00,38350.05078125,38473.71875,38344.921875,38433.48046875,0
2024-06-18 01:00:00+00:00,38475.26953125,38485.23828125,38332.890625,38338.6484375,0
2024-06-18 02:00:00+00:00,38504.109375,38519.01953125,38477.140625,38477.828125,0
2024-06-18 03:00:00+00:00,38449.48046875,38449.578125,38390.421875,38424.94140625,0
2024-06-18 04:00:00+00:00,38408.421875,38451.5390625,38396.609375,38448.16015625,0
2024-06-18 05:00:00+00:00,38439.23828125,38439.23828125,38375.9296875,38408.03125,0
2024-06-18 06:00:00+00:00,38482.109375,38482.109375,38449.80078125,38449.80078125,0
2024-06-19 00:00:00+00:00,38685.16015625,38797.96875,38653.91015625,38653.91015625,0
2024-06-19 01:00:00+00:00,38728.421875,38757.109375,38656.30078125,38683.62890625,0
2024-06-19 02:00:00+00:00,38707.2109375,38731.1015625,38669.53125,38727.4609375,0
2024-06-19 03:00:00+00:00,38585.21875,38619.55859375,38565.0390625,38615.2890625,0
2024-06-19 04:00:00+00:00,38468.51171875,38603.30859375,38453.41015625,38589.12109375,0
2024-06-19 05:00:00+00:00,38525.46875,38531.44921875,38466.94921875,38467.62109375,0
2024-06-19 06:00:00+00:00,38570.76171875,38570.76171875,38545.62109375,38545.62109375,0
2024-06-20 00:00:00+00:00,38331.2890625,38483.76171875,38291.5,38410.3203125,0
2024-06-20 01:00:00+00:00,38329.76953125,38355.3203125,38263.078125,38335.6015625,0
2024-06-20 02:00:00+00:00,38324.1015625,38335.890625,38279.48828125,38328.08984375,0
2024-06-20 03:00:00+00:00,38443.91015625,38457.8984375,38368.94921875,38368.94921875,0
2024-06-20 04:00:00+00:00,38583.46875,38592.6015625,38419.26171875,38445.5390625,0
2024-06-20 05:00:00+00:00,38629.6484375,38637.62109375,38561.78125,38582.359375,0
2024-06-20 06:00:00+00:00,38633.01953125,38633.01953125,38622.62890625,38622.62890625,0
2024-06-21 00:00:00+00:00,38651.2890625,38795.6796875,38579.9296875,38608.66015625,0
2024-06-21 01:00:00+00:00,38641.71875,38770.16015625,38613.6484375,38649.73046875,0
2024-06-21 02:00:00+00:00,38626.94921875,38705.921875,38613.6015625,38635.21875,0
2024-06-21 03:00:00+00:00,38593.6015625,38593.6015625,38532.12890625,38589.26953125,0
2024-06-21 04:00:00+00:00,38643.8515625,38646.671875,38587.44921875,38594.26171875,0
2024-06-21 05:00:00+00:00,38619.33984375,38650.6796875,38577.23828125,38643.8515625,0
2024-06-21 06:00:00+00:00,38596.46875,38596.46875,38588.9609375,38588.9609375,0
2024-06-24 00:00:00+00:00,38743.80078125,38751.69140625,38416.0703125,38497.421875,0
2024-06-24 01:00:00+00:00,38717.25,38744.609375,38498.109375,38744.609375,0
2024-06-24 02:00:00+00:00,38689.21875,38773.3984375,38665.46875,38718.05078125,0
2024-06-24 03:00:00+00:00,38733.26171875,38781.23046875,38710.98046875,38776.48046875,0
2024-06-24 04:00:00+00:00,38875.30859375,38897.421875,38731.7890625,38734.76953125,0
2024-06-24 05:00:00+00:00,38799.44140625,38905.46875,38799.44140625,38875.859375,0
2024-06-24 06:00:00+00:00,38804.6484375,38804.6484375,38763.62109375,38763.62109375,0
2024-06-25 00:00:00+00:00,38830.328125,38938.609375,38809.76953125,38833.8984375,0
2024-06-25 01:00:00+00:00,39000.16015625,39014.62109375,38758.0703125,38828.33984375,0
2024-06-25 02:00:00+00:00,39001.390625,39028.6484375,38994.7109375,39000.3515625,0
2024-06-25 03:00:00+00:00,39080.9609375,39110.5703125,39034.140625,39110.5703125,0
2024-06-25 04:00:00+00:00,39082.28125,39083.578125,39025.25,39080.6484375,0
2024-06-25 05:00:00+00:00,39194.66015625,39215.0703125,39070.828125,39083.76953125,0
2024-06-25 06:00:00+00:00,39173.1484375,39186.37890625,39173.1484375,39186.37890625,0
2024-06-26 00:00:00+00:00,39412.87109375,39415.51171875,39233.55859375,39364.73046875,0
2024-06-26 01:00:00+00:00,39664.78125,39684.37109375,39357.421875,39412.05078125,0
2024-06-26 02:00:00+00:00,39726.390625,39726.390625,39656.30078125,39663.98046875,0
2024-06-26 03:00:00+00:00,39700.6484375,39788.62890625,39676.19140625,39731.671875,0
2024-06-26 04:00:00+00:00,39636.921875,39718.1015625,39628.30859375,39700.28125,0
2024-06-26 05:00:00+00:00,39689.3984375,39734.96875,39635.8515625,39635.8515625,0
2024-06-26 06:00:00+00:00,39667.0703125,39694.21875,39667.0703125,39694.21875,0
2024-06-27 00:00:00+00:00,39266.41015625,39439.23828125,39236.140625,39434.46875,0
2024-06-27 01:00:00+00:00,39220.51171875,39286.8203125,39193.51171875,39263.46875,0
2024-06-27 02:00:00+00:00,39286.51953125,39289.21875,39202.55859375,39221.359375,0
2024-06-27 03:00:00+00:00,39248.921875,39315.05078125,39231.5390625,39299.8203125,0
2024-06-27 04:00:00+00:00,39284.05078125,39289.890625,39213.44921875,39250.5703125,0
2024-06-27 05:00:00+00:00,39267.8515625,39348.01953125,39246.640625,39283.0703125,0
2024-06-27 06:00:00+00:00,39341.5390625,39341.5390625,39296.2890625,39296.2890625,0
2024-06-28 00:00:00+00:00,39708.890625,39748.1484375,39534.890625,39593.01171875,0
2024-06-28 01:00:00+00:00,39748.46875,39783.69921875,39619.6796875,39708.26171875,0
2024-06-28 02:00:00+00:00,39727.91015625,39759.80859375,39692.78125,39749.8515625,0
2024-06-28 03:00:00+00:00,39680.80859375,39684.4296875,39610.3515625,39649.2109375,0
2024-06-28 04:00:00+00:00,39545.28125,39680.30859375,39534.66015625,39680.30859375,0
2024-06-28 05:00:00+00:00,39573.76953125,39573.76953125,39485.73046875,39545.328125,0
2024-06-28 06:00:00+00:00,39583.078125,39583.078125,39578.87109375,39578.87109375,0
2024-07-01 00:00:00+00:00,39759.33984375,39942.69140625,39742.8203125,39839.8203125,0
2024-07-01 01:00:00+00:00,39721.078125,39763.0390625,39676.80859375,39758.46875,0
2024-07-01 02:00:00+00:00,39687.3984375,39723.53125,39645.69140625,39722.94921875,0
2024-07-01 03:00:00+00:00,39599.51171875,39723.1484375,39579.0390625,39695.890625,0
2024-07-01 04:00:00+00:00,39602.921875,39631.1015625,39559.44140625,39602.2890625,0
2024-07-01 05:00:00+00:00,39602.08984375,39625.5703125,39537.1015625,39603.16015625,0
2024-07-01 06:00:00+00:00,39631.05859375,39631.05859375,39621.87109375,39621.87109375,0
2024-07-02 00:00:00+00:00,39637.23828125,39637.73828125,39457.62109375,39543.609375,0
2024-07-02 01:00:00+00:00,39821.5390625,39929.671875,39636.62890625,39636.62890625,0
2024-07-02 02:00:00+00:00,39780.578125,39855.4296875,39765.359375,39824.140625,0
2024-07-02 03:00:00+00:00,39807.26171875,39814.9296875,39625.48046875,39669.96875,0
2024-07-02 04:00:00+00:00,40055.69140625,40113.48046875,39804.87890625,39806.30078125,0
2024-07-02 05:00:00+00:00,40032.671875,40084.58984375,39997.421875,40054.98828125,0
2024-07-02 06:00:00+00:00,40074.69140625,40074.69140625,40026.87890625,40026.87890625,0
2024-07-03 00:00:00+00:00,40326.21875,40420.53125,40172.8515625,40225.828125,0
2024-07-03 01:00:00+00:00,40345.98828125,40407.3984375,40231.9296875,40325.33984375,0
2024-07-03 02:00:00+00:00,40425.37109375,40441.6796875,40327.23046875,40345.1015625,0
2024-07-03 03:00:00+00:00,40470.171875,40521.3984375,40420.62109375,40420.62109375,0
2024-07-03 04:00:00+00:00,40530.19921875,40540.73046875,40434.109375,40464.51171875,0
2024-07-03 05:00:00+00:00,40585.26171875,40694.2109375,40530.37890625,40530.37890625,0
2024-07-03 06:00:00+00:00,40580.76171875,40580.76171875,40580.76171875,40580.76171875,0
2024-07-04 00:00:00+00:00,40712.171875,40861.3515625,40666.96875,40747.58984375,0
2024-07-04 01:00:00+00:00,40634.828125,40772.94921875,40634.828125,40711.08984375,0
2024-07-04 02:00:00+00:00,40666.78125,40675.01171875,40604.1484375,40634.46875,0
2024-07-04 03:00:00+00:00,40820.171875,40820.171875,40710.44921875,40712.51953125,0
2024-07-04 04:00:00+00:00,40927.1484375,40939.62890625,40782.1015625,40820.62109375,0
2024-07-04 05:00:00+00:00,40943.30078125,40971.23046875,40890.94140625,40926.5390625,0
2024-07-04 06:00:00+00:00,40913.6484375,40939.171875,40913.6484375,40939.171875,0
2024-07-05 00:00:00+00:00,40883.87109375,41100.12890625,40815.62109375,41009.359375,0
2024-07-05 01:00:00+00:00,40964.46875,41022.859375,40848.69921875,40885.8203125,0
2024-07-05 02:00:00+00:00,41051.48828125,41063.0390625,40936.69140625,40966.171875,0
2024-07-05 03:00:00+00:00,40789.26171875,40904.28125,40746.890625,40877.69921875,0
2024-07-05 04:00:00+00:00,40845.12109375,40903.9609375,40784.16015625,40788.078125,0
2024-07-05 05:00:00+00:00,40872.578125,40872.8515625,40792.75,40843.55859375,0
2024-07-05 06:00:00+00:00,40912.37109375,40912.37109375,40863.76171875,40863.76171875,0
2024-07-08 00:00:00+00:00,40817.859375,40956.30859375,40816.078125,40863.140625,0
2024-07-08 01:00:00+00:00,40931.05078125,40936.58984375,40785.7109375,40818.3515625,0
2024-07-08 02:00:00+00:00,40999.80078125,41005.4609375,40903.7109375,40930.23828125,0
2024-07-08 03:00:00+00:00,41028.1015625,41112.23828125,41010.87890625,41018.671875,0
2024-07-08 04:00:00+00:00,40961.3515625,41030.26171875,40937.94921875,41023.828125,0
2024-07-08 05:00:00+00:00,40825.8984375,40953.328125,40825.8984375,40953.328125,0
2024-07-08 06:00:00+00:00,40780.69921875,40794.03125,40780.69921875,40794.03125,0
2024-07-09 00:00:00+00:00,41090.2890625,41239.05859375,40942.44140625,40953.41015625,0
2024-07-09 01:00:00+00:00,41265.640625,41366.05078125,41068.37890625,41091.1484375,0
2024-07-09 02:00:00+00:00,41386.80078125,41386.80078125,41239.109375,41265.609375,0
2024-07-09 03:00:00+00:00,41592.98828125,41592.98828125,41459.421875,41459.421875,0
2024-07-09 04:00:00+00:00,41740.5,41740.71875,41596.171875,41602.96875,0
2024-07-09 05:00:00+00:00,41636.3515625,41769.3515625,41636.3515625,41748.9296875,0
2024-07-09 06:00:00+00:00,41580.171875,41619.08984375,41580.171875,41619.08984375,0
2024-07-10 00:00:00+00:00,41574.921875,41604.19140625,41430.37890625,41444.328125,0
2024-07-10 01:00:00+00:00,41642.23046875,41740.9609375,41568.03125,41571.98828125,0
2024-07-10 02:00:00+00:00,41635.53125,41698.9609375,41611.76171875,41642.1484375,0
2024-07-10 03:00:00+00:00,41548.640625,41640.8203125,41513.71875,41599.30078125,0
2024-07-10 04:00:00+00:00,41668.80859375,41675.6484375,41537.7109375,41552.171875,0
2024-07-10 05:00:00+00:00,41861.609375,41889.16015625,41670.48828125,41671.5,0
2024-07-10 06:00:00+00:00,41831.98828125,41848.51171875,41831.98828125,41848.51171875,0
2024-07-11 00:00:00+00:00,42227.921875,42426.76953125,42209.421875,42343.71875,0
2024-07-11 01:00:00+00:00,42237.44140625,42276.87890625,42102.4609375,42228.01171875,0
2024-07-11 02:00:00+00:00,42179.83984375,42235.3203125,42164.3984375,42235.3203125,0
2024-07-11 03:00:00+00:00,42280.5,42300.37109375,42171.26171875,42198.5390625,0
2024-07-11 04:00:00+00:00,42240.87109375,42299.4609375,42224.05078125,42281.171875,0
2024-07-11 05:00:00+00:00,42280.87890625,42385.8984375,42240.30078125,42240.30078125,0
2024-07-11 06:00:00+00:00,42224.01953125,42257.16015625,42224.01953125,42257.16015625,0
2024-07-12 00:00:00+00:00,41188.8515625,41754.76171875,41188.8515625,41668.859375,0
2024-07-12 01:00:00+00:00,41451.328125,41453.62890625,41188.2890625,41188.2890625,0
2024-07-12 02:00:00+00:00,41388.921875,41452.3984375,41331.78125,41444.80078125,0
2024-07-12 03:00:00+00:00,41260.01171875,41399.609375,41260.01171875,41327.5390625,0
2024-07-12 04:00:00+00:00,41227.078125,41298.71875,41224.30078125,41260.28125,0
2024-07-12 05:00:00+00:00,41230.671875,41298.51953125,41192.91015625,41227.41015625,0
2024-07-12 06:00:00+00:00,41190.6796875,41254.46875,41190.6796875,41254.46875,0
2024-07-16 00:00:00+00:00,41424.41015625,41520.0703125,41220.6484375,41366.7890625,0
2024-07-16 01:00:00+00:00,41358.41015625,41434.609375,41247.05078125,41424.73828125,0
2024-07-16 02:00:00+00:00,41399.71875,41445.16015625,41352.0703125,41358.8984375,0
2024-07-16 03:00:00+00:00,41385.890625,41417.44921875,41343.26953125,41359.8984375,0
2024-07-16 04:00:00+00:00,41272.0703125,41393.390625,41269.48828125,41385.55078125,0
2024-07-16 05:00:00+00:00,41242.19140625,41332.71875,41242.19140625,41271.69921875,0
2024-07-16 06:00:00+00:00,41275.078125,41275.078125,41237.9609375,41237.9609375,0
2024-07-17 00:00:00+00:00,41365.05859375,41461.25,41306.1796875,41416.1796875,0
2024-07-17 01:00:00+00:00,41330.76953125,41466.44921875,41308.359375,41363.73046875,0
2024-07-17 02:00:00+00:00,41307.359375,41360.0,41282.37890625,41330.6796875,0
2024-07-17 03:00:00+00:00,41199.328125,41363.859375,41121.46875,41316.62890625,0
2024-07-17 04:00:00+00:00,41099.03125,41222.9609375,41054.71875,41193.33984375,0
2024-07-17 05:00:00+00:00,41109.30859375,41217.078125,41081.3515625,41097.7109375,0
2024-07-17 06:00:00+00:00,41097.69140625,41190.41015625,41097.69140625,41190.41015625,0
2024-07-18 00:00:00+00:00,40325.1015625,40587.62890625,40112.55859375,40521.7109375,0
2024-07-18 01:00:00+00:00,40355.7890625,40408.1796875,40239.33984375,40325.25,0
2024-07-18 02:00:00+00:00,40277.859375,40395.6015625,40246.37109375,40354.9609375,0
2024-07-18 03:00:00+00:00,40278.109375,40333.80859375,40197.21875,40329.6015625,0
2024-07-18 04:00:00+00:00,40214.2109375,40339.859375,40178.921875,40278.3203125,0
2024-07-18 05:00:00+00:00,40119.05859375,40277.5703125,40119.05859375,40214.1015625,0
2024-07-18 06:00:00+00:00,40126.3515625,40126.3515625,40104.21875,40104.21875,0
2024-07-19 00:00:00+00:00,40166.51953125,40212.73046875,39824.578125,39965.91015625,0
2024-07-19 01:00:00+00:00,39990.859375,40212.8984375,39975.30078125,40165.76171875,0
2024-07-19 02:00:00+00:00,39952.62109375,40063.76171875,39949.0390625,39985.0703125,0
2024-07-19 03:00:00+00:00,39981.80078125,39983.078125,39873.3515625,39939.33984375,0
2024-07-19 04:00:00+00:00,40063.671875,40073.7109375,39944.28125,39985.421875,0
2024-07-19 05:00:00+00:00,40053.26953125,40118.75,39971.98046875,40062.69140625,0
2024-07-19 06:00:00+00:00,40063.7890625,40106.6015625,40063.7890625,40106.6015625,0
2024-07-22 00:00:00+00:00,39646.6015625,39973.19921875,39610.5390625,39947.94921875,0
2024-07-22 01:00:00+00:00,39647.87109375,39820.171875,39555.05078125,39646.37109375,0
2024-07-22 02:00:00+00:00,39593.80859375,39693.69921875,39567.6484375,39645.80859375,0
2024-07-22 03:00:00+00:00,39575.21875,39710.3203125,39552.7890625,39671.37890625,0
2024-07-22 04:00:00+00:00,39636.6484375,39643.2109375,39519.390625,39576.671875,0
2024-07-22 05:00:00+00:00,39559.51171875,39650.96875,39520.3984375,39637.12109375,0
2024-07-22 06:00:00+00:00,39599.0,39599.0,39559.8984375,39559.8984375,0
2024-07-23 00:00:00+00:00,39663.609375,39927.890625,39654.48046875,39864.08984375,0
2024-07-23 01:00:00+00:00,39701.30859375,39825.6484375,39630.078125,39663.140625,0
2024-07-23 02:00:00+00:00,39676.33984375,39712.48046875,39604.578125,39700.96875,0
2024-07-23 03:00:00+00:00,39576.609375,39608.1796875,39542.48046875,39554.8515625,0
2024-07-23 04:00:00+00:00,39601.26171875,39648.76171875,39519.91015625,39577.62109375,0
2024-07-23 05:00:00+00:00,39615.23046875,39679.640625,39580.76953125,39599.62890625,0
2024-07-23 06:00:00+00:00,39594.390625,39617.921875,39594.390625,39617.921875,0
2024-07-24 00:00:00+00:00,39614.0703125,39643.26953125,39263.80859375,39336.73828125,0
2024-07-24 01:00:00+00:00,39492.51171875,39633.73046875,39451.2890625,39613.3203125,0
2024-07-24 02:00:00+00:00,39508.83984375,39534.76171875,39429.33984375,39487.0703125,0
2024-07-24 03:00:00+00:00,39317.171875,39401.890625,39312.41015625,39397.55859375,0
2024-07-24 04:00:00+00:00,39185.80078125,39322.1015625,39133.1484375,39320.83984375,0
2024-07-24 05:00:00+00:00,39109.9609375,39263.37109375,39096.5,39184.41015625,0
2024-07-24 06:00:00+00:00,39154.8515625,39154.8515625,39127.1484375,39127.1484375,0
2024-07-25 00:00:00+00:00,38121.3515625,38557.7890625,38039.62890625,38524.19921875,0
2024-07-25 01:00:00+00:00,38034.76171875,38153.9609375,37959.0703125,38118.26953125,0
2024-07-25 02:00:00+00:00,38165.19140625,38165.19140625,37962.328125,38035.37890625,0
2024-07-25 03:00:00+00:00,38021.640625,38051.8984375,37911.01953125,37994.94921875,0
2024-07-25 04:00:00+00:00,37972.8984375,38158.140625,37968.26171875,38021.44140625,0
2024-07-25 05:00:00+00:00,37871.640625,38014.8203125,37825.578125,37973.48828125,0
2024-07-25 06:00:00+00:00,37869.51171875,37879.3984375,37869.51171875,37879.3984375,0
2024-07-26 00:00:00+00:00,37934.73046875,37971.4296875,37668.9296875,37792.87109375,0
2024-07-26 01:00:00+00:00,37916.30078125,38045.578125,37800.44921875,37937.16015625,0
2024-07-26 02:00:00+00:00,38057.609375,38105.9609375,37913.828125,37915.37890625,0
2024-07-26 03:00:00+00:00,37979.73828125,38084.98046875,37935.7109375,38084.98046875,0
2024-07-26 04:00:00+00:00,37863.62109375,37980.390625,37852.37890625,37977.30078125,0
2024-07-26 05:00:00+00:00,37633.87109375,37925.1015625,37611.19140625,37865.53125,0
2024-07-26 06:00:00+00:00,37667.41015625,37667.41015625,37629.12109375,37629.12109375,0
2024-07-29 00:00:00+00:00,38646.1796875,38707.48828125,38010.01171875,38139.12109375,0
2024-07-29 01:00:00+00:00,38551.25,38719.69921875,38481.25,38638.55859375,0
2024-07-29 02:00:00+00:00,38415.75,38582.62890625,38358.5390625,38551.12109375,0
2024-07-29 03:00:00+00:00,38514.98828125,38593.23046875,38457.62890625,38457.62890625,0
2024-07-29 04:00:00+00:00,38589.7109375,38646.33984375,38515.73828125,38516.46875,0
2024-07-29 05:00:00+00:00,38499.03125,38675.5703125,38463.30859375,38591.16015625,0
2024-07-29 06:00:00+00:00,38468.62890625,38545.83984375,38468.62890625,38545.83984375,0
2024-07-30 00:00:00+00:00,38322.62109375,38349.87109375,38154.01171875,38241.3515625,0
2024-07-30 01:00:00+00:00,38125.6796875,38323.73046875,38093.23828125,38323.73046875,0
2024-07-30 02:00:00+00:00,38101.23828125,38176.48828125,38076.69921875,38125.83984375,0
2024-07-30 03:00:00+00:00,38232.1796875,38240.640625,38156.890625,38193.8203125,0
2024-07-30 04:00:00+00:00,38376.8984375,38385.98046875,38221.55078125,38232.5703125,0
2024-07-30 05:00:00+00:00,38518.01953125,38531.16015625,38367.6015625,38379.05078125,0
2024-07-30 06:00:00+00:00,38525.94921875,38525.94921875,38525.94921875,38525.94921875,0
2024-07-31 00:00:00+00:00,38192.44921875,38230.828125,37954.37890625,38140.76953125,0
2024-07-31 01:00:00+00:00,38201.578125,38264.1484375,38136.0,38193.6484375,0
2024-07-31 02:00:00+00:00,38369.5390625,38419.41015625,38171.71875,38201.828125,0
2024-07-31 03:00:00+00:00,38524.19921875,38531.9609375,38122.9296875,38411.6796875,0
2024-07-31 04:00:00+00:00,38582.671875,38713.87109375,38376.05078125,38534.44140625,0
2024-07-31 05:00:00+00:00,39164.19921875,39188.37109375,38518.58984375,38583.80859375,0
2024-07-31 06:00:00+00:00,39101.8203125,39140.26171875,39101.8203125,39140.26171875,0
2024-08-01 00:00:00+00:00,38151.94140625,38781.55859375,38130.12109375,38781.55859375,0
2024-08-01 01:00:00+00:00,37916.51171875,38162.41015625,37737.87890625,38159.69140625,0
2024-08-01 02:00:00+00:00,38094.23828125,38123.671875,37872.73828125,37920.23046875,0
2024-08-01 03:00:00+00:00,38146.25,38174.7890625,37976.55859375,38057.9296875,0
2024-08-01 04:00:00+00:00,38017.19140625,38172.828125,37970.44140625,38144.28125,0
2024-08-01 05:00:00+00:00,38101.890625,38165.83984375,38013.05859375,38013.05859375,0
2024-08-01 06:00:00+00:00,38126.328125,38126.328125,38083.640625,38083.640625,0
2024-08-02 00:00:00+00:00,36182.19140625,37471.51953125,36119.7890625,37444.171875,0
2024-08-02 01:00:00+00:00,36496.671875,36656.98828125,36107.2890625,36183.12109375,0
2024-08-02 02:00:00+00:00,36261.8515625,36529.03125,36166.01171875,36493.3515625,0
2024-08-02 03:00:00+00:00,36364.37109375,36433.30859375,36210.62109375,36316.30078125,0
2024-08-02 04:00:00+00:00,36298.609375,36440.671875,36191.28125,36370.28125,0
2024-08-02 05:00:00+00:00,35911.28125,36326.87109375,35880.1484375,36307.71875,0
2024-08-02 06:00:00+00:00,35909.69921875,35909.69921875,35886.5390625,35886.5390625,0
2024-08-05 00:00:00+00:00,33832.16015625,35301.1796875,33369.37109375,35249.359375,0
2024-08-05 01:00:00+00:00,33948.87890625,34019.96875,33529.8984375,33820.55859375,0
2024-08-05 02:00:00+00:00,34247.55859375,34284.359375,33864.30078125,33941.828125,0
2024-08-05 03:00:00+00:00,33602.890625,34055.3515625,33602.890625,34055.3515625,0
2024-08-05 04:00:00+00:00,32698.310546875,33618.03125,32698.310546875,33606.41015625,0
2024-08-05 05:00:00+00:00,31421.66015625,32701.66015625,31156.119140625,32667.5390625,0
2024-08-05 06:00:00+00:00,31458.419921875,31458.419921875,31419.66015625,31419.66015625,0
2024-08-06 00:00:00+00:00,34705.44140625,34797.80859375,32077.330078125,32077.330078125,0
2024-08-06 01:00:00+00:00,34361.28125,34911.80078125,33689.98828125,34708.26953125,0
2024-08-06 02:00:00+00:00,34416.3203125,34500.5390625,34095.46875,34372.1015625,0
2024-08-06 03:00:00+00:00,34595.21875,34841.75,34476.16015625,34492.7109375,0
2024-08-06 04:00:00+00:00,33863.6484375,34738.48828125,33797.890625,34598.62890625,0
2024-08-06 05:00:00+00:00,34340.3515625,34519.21875,33441.76171875,33877.8515625,0
2024-08-06 06:00:00+00:00,34675.4609375,34675.4609375,34457.37890625,34457.37890625,0
2024-08-07 00:00:00+00:00,34330.4296875,34687.46875,33739.4609375,34122.3515625,0
2024-08-07 01:00:00+00:00,35634.609375,35849.76953125,34078.5703125,34287.4296875,0
2024-08-07 02:00:00+00:00,35464.609375,35632.4609375,35165.4609375,35611.0,0
2024-08-07 03:00:00+00:00,35362.73046875,35732.19140625,35300.9296875,35368.109375,0
2024-08-07 04:00:00+00:00,35757.48046875,35832.578125,35368.66015625,35368.66015625,0
2024-08-07 05:00:00+00:00,35058.1484375,35785.55078125,34942.328125,35750.41015625,0
2024-08-07 06:00:00+00:00,35089.62109375,35089.62109375,35048.76171875,35048.76171875,0
2024-08-08 00:00:00+00:00,34434.859375,34807.76953125,34207.16015625,34645.7890625,0
2024-08-08 01:00:00+00:00,34715.828125,34799.26953125,34388.4609375,34433.109375,0
2024-08-08 02:00:00+00:00,35148.1015625,35222.1484375,34673.78125,34707.3515625,0
2024-08-08 03:00:00+00:00,35041.25,35379.6484375,34918.9609375,35271.26171875,0
2024-08-08 04:00:00+00:00,34914.26953125,35116.37890625,34766.1015625,35032.62890625,0
2024-08-08 05:00:00+00:00,34843.578125,35026.9296875,34712.078125,34915.171875,0
2024-08-08 06:00:00+00:00,34831.1484375,34831.1484375,34817.44140625,34817.44140625,0
2024-08-09 00:00:00+00:00,35378.2890625,35671.30859375,35102.109375,35272.33984375,0
2024-08-09 01:00:00+00:00,35345.44921875,35482.58984375,35183.828125,35374.8203125,0
2024-08-09 02:00:00+00:00,35380.23046875,35435.76171875,35305.83984375,35342.37890625,0
2024-08-09 03:00:00+00:00,35289.76171875,35523.4296875,35207.08984375,35481.8515625,0
2024-08-09 04:00:00+00:00,34650.05078125,35299.62109375,34617.6484375,35290.66015625,0
2024-08-09 05:00:00+00:00,35104.80078125,35184.75,34445.5703125,34646.921875,0
2024-08-09 06:00:00+00:00,35025.0,35069.96875,35025.0,35069.96875,0
2024-08-13 00:00:00+00:00,35927.44140625,36025.921875,35476.7890625,35490.578125,0
2024-08-13 01:00:00+00:00,35799.390625,35993.37109375,35772.87890625,35931.828125,0
2024-08-13 02:00:00+00:00,35785.55078125,35889.08984375,35768.3515625,35800.4296875,0
2024-08-13 03:00:00+00:00,35925.30859375,36002.7890625,35850.25,35910.69921875,0
2024-08-13 04:00:00+00:00,36098.03125,36148.5,35893.6015625,35922.37109375,0
2024-08-13 05:00:00+00:00,36209.78125,36209.78125,35970.94140625,36094.390625,0
2024-08-13 06:00:00+00:00,36232.51171875,36232.51171875,36225.62109375,36225.62109375,0
2024-08-14 00:00:00+00:00,36393.859375,36683.890625,36280.359375,36535.6015625,0
2024-08-14 01:00:00+00:00,36657.109375,36664.921875,36291.1484375,36393.51953125,0
2024-08-14 02:00:00+00:00,36155.26171875,36651.78125,36074.7109375,36651.78125,0
2024-08-14 03:00:00+00:00,36216.41015625,36337.30859375,36146.390625,36151.76171875,0
2024-08-14 04:00:00+00:00,36198.0703125,36285.12890625,36144.28125,36217.08984375,0
2024-08-14 05:00:00+00:00,36394.62109375,36506.5703125,36126.30859375,36198.12109375,0
2024-08-14 06:00:00+00:00,36442.4296875,36442.4296875,36397.4296875,36397.4296875,0
2024-08-15 00:00:00+00:00,36655.73828125,36658.12109375,36381.3984375,36381.3984375,0
2024-08-15 01:00:00+00:00,36714.78125,36798.0703125,36500.83984375,36654.94921875,0
2024-08-15 02:00:00+00:00,36808.75,36823.05078125,36695.171875,36714.23828125,0
2024-08-15 03:00:00+00:00,36808.44921875,36885.16015625,36773.30078125,36830.671875,0
2024-08-15 04:00:00+00:00,36729.94921875,36857.96875,36710.05859375,36808.83984375,0
2024-08-15 05:00:00+00:00,36705.91015625,36740.05859375,36593.55078125,36731.3515625,0
2024-08-15 06:00:00+00:00,36726.640625,36726.640625,36726.640625,36726.640625,0
2024-08-16 00:00:00+00:00,37714.19140625,37811.23046875,37304.9296875,37304.9296875,0
2024-08-16 01:00:00+00:00,37830.96875,37831.51171875,37694.8515625,37720.87109375,0
2024-08-16 02:00:00+00:00,37800.421875,37888.66015625,37788.5,37826.80078125,0
2024-08-16 03:00:00+00:00,37888.91015625,37925.0390625,37851.05078125,37875.8203125,0
2024-08-16 04:00:00+00:00,37772.421875,37922.94921875,37664.48046875,37887.94921875,0
2024-08-16 05:00:00+00:00,38109.51953125,38143.55078125,37772.921875,37772.921875,0
2024-08-16 06:00:00+00:00,38062.671875,38109.80078125,38062.671875,38109.80078125,0
2024-08-19 00:00:00+00:00,38010.359375,38125.26953125,37683.62890625,37863.76171875,0
2024-08-19 01:00:00+00:00,38012.01953125,38037.4609375,37877.58984375,38009.58984375,0
2024-08-19 02:00:00+00:00,38047.171875,38075.0390625,37980.5390625,38013.390625,0
2024-08-19 03:00:00+00:00,37630.76953125,37924.58984375,37540.859375,37924.58984375,0
2024-08-19 04:00:00+00:00,37460.48046875,37741.58984375,37383.6484375,37629.421875,0
2024-08-19 05:00:00+00:00,37351.109375,37563.4296875,37318.0390625,37465.30078125,0
2024-08-19 06:00:00+00:00,37388.62109375,37388.62109375,37319.0390625,37319.0390625,0
2024-08-20 00:00:00+00:00,37885.41015625,37933.6484375,37738.30078125,37847.8515625,0
2024-08-20 01:00:00+00:00,37980.51171875,38076.44140625,37770.98046875,37889.359375,0
2024-08-20 02:00:00+00:00,38015.87109375,38092.9296875,37969.30859375,37974.5703125,0
2024-08-20 03:00:00+00:00,38152.05078125,38236.390625,38128.53125,38179.25,0
2024-08-20 04:00:00+00:00,38084.859375,38230.859375,37984.3203125,38150.51171875,0
2024-08-20 05:00:00+00:00,38172.46875,38220.6015625,38052.26171875,38086.73828125,0
2024-08-20 06:00:00+00:00,38062.921875,38068.69140625,38062.921875,38068.69140625,0
2024-08-21 00:00:00+00:00,37820.37109375,37849.26953125,37605.828125,37653.33984375,0
2024-08-21 01:00:00+00:00,37765.51171875,37885.5,37689.01953125,37820.87890625,0
2024-08-21 02:00:00+00:00,37805.3515625,37805.3515625,37692.55859375,37760.73828125,0
2024-08-21 03:00:00+00:00,37933.05859375,37978.609375,37867.71875,37884.1015625,0
2024-08-21 04:00:00+00:00,37993.2890625,38019.53125,37888.98828125,37928.8515625,0
2024-08-21 05:00:00+00:00,37974.73828125,38008.41015625,37858.28125,37992.87109375,0
2024-08-21 06:00:00+00:00,37951.80078125,38026.01953125,37951.80078125,38026.01953125,0
2024-08-22 00:00:00+00:00,38191.69921875,38322.3203125,37883.859375,38033.78125,0
2024-08-22 01:00:00+00:00,38384.26171875,38408.19140625,38164.80859375,38190.5,0
2024-08-22 02:00:00+00:00,38190.8515625,38384.5,38183.0,38384.05859375,0
2024-08-22 03:00:00+00:00,38019.41015625,38117.2109375,37978.8203125,38098.171875,0
2024-08-22 04:00:00+00:00,38072.51171875,38136.23046875,37959.3203125,38019.69140625,0
2024-08-22 05:00:00+00:00,38197.390625,38197.390625,38069.55078125,38074.44921875,0
2024-08-22 06:00:00+00:00,38211.01171875,38211.01171875,38157.421875,38157.421875,0
2024-08-23 00:00:00+00:00,38225.48046875,38370.69921875,38186.2890625,38278.1796875,0
2024-08-23 01:00:00+00:00,38086.48046875,38253.23828125,38075.08984375,38226.55078125,0
2024-08-23 02:00:00+00:00,38117.44140625,38154.890625,38053.46875,38088.26171875,0
2024-08-23 03:00:00+00:00,38290.640625,38336.4296875,38221.78125,38241.8984375,0
2024-08-23 04:00:00+00:00,38384.171875,38424.26953125,38275.98828125,38290.390625,0
2024-08-23 05:00:00+00:00,38420.19140625,38420.19140625,38316.140625,38384.53125,0
2024-08-23 06:00:00+00:00,38364.26953125,38421.328125,38364.26953125,38421.328125,0
2024-08-26 00:00:00+00:00,37993.66015625,38204.80859375,37825.30859375,38156.41015625,0
2024-08-26 01:00:00+00:00,37974.12890625,38084.76171875,37953.30078125,37996.390625,0
2024-08-26 02:00:00+00:00,37944.6796875,37980.28125,37889.078125,37974.41015625,0
2024-08-26 03:00:00+00:00,37926.19140625,38011.01953125,37865.48046875,37957.0,0
2024-08-26 04:00:00+00:00,38009.6796875,38055.62109375,37920.55078125,37926.37109375,0
2024-08-26 05:00:00+00:00,38051.01953125,38104.5703125,37971.69921875,38011.2109375,0
2024-08-26 06:00:00+00:00,38110.21875,38110.21875,38051.01953125,38051.01953125,0
2024-08-27 00:00:00+00:00,38003.7890625,38102.44921875,37911.3203125,38066.30859375,0
2024-08-27 01:00:00+00:00,38025.94921875,38089.41015625,37981.05859375,38003.94921875,0
2024-08-27 02:00:00+00:00,38055.62109375,38070.609375,37980.73828125,38023.578125,0
2024-08-27 03:00:00+00:00,38163.921875,38183.21875,38058.2890625,38102.4609375,0
2024-08-27 04:00:00+00:00,38134.30078125,38194.390625,38115.37890625,38162.78125,0
2024-08-27 05:00:00+00:00,38327.12109375,38365.640625,38135.05859375,38135.05859375,0
2024-08-27 06:00:00+00:00,38288.62109375,38355.87890625,38288.62109375,38355.87890625,0
2024-08-28 00:00:00+00:00,38216.87109375,38338.5,38141.48828125,38221.37890625,0
2024-08-28 01:00:00+00:00,38269.48046875,38279.390625,38152.37890625,38216.12890625,0
2024-08-28 02:00:00+00:00,38199.51953125,38269.23046875,38180.23046875,38269.23046875,0
2024-08-28 03:00:00+00:00,38270.05078125,38270.05078125,38159.390625,38181.390625,0
2024-08-28 04:00:00+00:00,38308.96875,38365.359375,38240.80859375,38266.6484375,0
2024-08-28 05:00:00+00:00,38369.94140625,38369.94140625,38250.609375,38308.44921875,0
2024-08-28 06:00:00+00:00,38371.76171875,38399.91015625,38371.76171875,38399.91015625,0
2024-08-29 00:00:00+00:00,38231.640625,38303.87890625,37970.19921875,38119.94921875,0
2024-08-29 01:00:00+00:00,38207.51953125,38277.05078125,38148.609375,38233.01953125,0
2024-08-29 02:00:00+00:00,38220.33984375,38267.7890625,38171.83984375,38209.1015625,0
2024-08-29 03:00:00+00:00,38330.6796875,38362.12890625,38298.01953125,38313.2109375,0
2024-08-29 04:00:00+00:00,38327.671875,38401.1484375,38317.30078125,38330.0390625,0
2024-08-29 05:00:00+00:00,38332.30859375,38356.3203125,38266.51171875,38330.19921875,0
2024-08-29 06:00:00+00:00,38362.53125,38362.53125,38330.03125,38330.03125,0
2024-08-30 00:00:00+00:00,38476.0390625,38513.671875,38316.87109375,38388.0390625,0
2024-08-30 01:00:00+00:00,38568.98828125,38610.3515625,38474.23828125,38474.55078125,0
2024-08-30 02:00:00+00:00,38585.4296875,38598.23828125,38518.26953125,38569.37109375,0
2024-08-30 03:00:00+00:00,38584.109375,38585.94921875,38517.0,38561.94921875,0
2024-08-30 04:00:00+00:00,38481.5703125,38590.75,38421.69921875,38584.171875,0
2024-08-30 05:00:00+00:00,38642.87890625,38669.7890625,38450.890625,38483.69921875,0
2024-08-30 06:00:00+00:00,38647.75,38647.75,38627.5,38627.5,0
2024-09-02 00:00:00+00:00,38880.8984375,39080.640625,38872.7890625,39025.30859375,0
2024-09-02 01:00:00+00:00,38841.03125,38948.48828125,38778.51171875,38881.4296875,0
2024-09-02 02:00:00+00:00,38709.87890625,38840.44140625,38670.66015625,38840.44140625,0
2024-09-02 03:00:00+00:00,38652.21875,38684.078125,38492.1484375,38658.4609375,0
2024-09-02 04:00:00+00:00,38640.75,38665.9296875,38476.51171875,38650.640625,0
2024-09-02 05:00:00+00:00,38640.26171875,38735.37109375,38615.6015625,38641.73046875,0
2024-09-02 06:00:00+00:00,38700.87109375,38700.87109375,38631.1796875,38631.1796875,0
2024-09-03 00:00:00+00:00,38931.98046875,38941.66015625,38737.83984375,38745.76171875,0
2024-09-03 01:00:00+00:00,38765.58984375,38967.55859375,38725.2890625,38931.37890625,0
2024-09-03 02:00:00+00:00,38787.80078125,38827.171875,38732.3203125,38769.83984375,0
2024-09-03 03:00:00+00:00,38649.51953125,38662.9609375,38581.55078125,38656.75,0
2024-09-03 04:00:00+00:00,38682.51171875,38688.62109375,38612.671875,38649.44921875,0
2024-09-03 05:00:00+00:00,38726.5703125,38738.3203125,38589.109375,38683.6015625,0
2024-09-03 06:00:00+00:00,38686.30859375,38718.44921875,38686.30859375,38718.44921875,0
2024-09-04 00:00:00+00:00,37192.71875,38080.01953125,37122.328125,38039.91015625,0
2024-09-04 01:00:00+00:00,37433.359375,37512.76953125,37183.8984375,37197.23828125,0
2024-09-04 02:00:00+00:00,37405.58984375,37430.3515625,37303.55078125,37424.1015625,0
2024-09-04 03:00:00+00:00,37214.0390625,37345.2890625,37191.671875,37332.5,0
2024-09-04 04:00:00+00:00,37222.078125,37341.78125,37219.16015625,37219.16015625,0
2024-09-04 05:00:00+00:00,37026.578125,37221.4296875,36879.328125,37221.4296875,0
2024-09-04 06:00:00+00:00,37047.609375,37047.609375,37013.109375,37013.109375,0
2024-09-05 00:00:00+00:00,36837.01953125,36889.8984375,36359.23046875,36536.25,0
2024-09-05 01:00:00+00:00,36911.37109375,37099.9609375,36746.578125,36841.73828125,0
2024-09-05 02:00:00+00:00,36917.44140625,36944.6015625,36800.48046875,36911.80078125,0
2024-09-05 03:00:00+00:00,36704.87890625,36883.828125,36697.05859375,36883.828125,0
2024-09-05 04:00:00+00:00,36543.48046875,36730.91015625,36436.0,36705.8203125,0
2024-09-05 05:00:00+00:00,36642.8203125,36776.25,36459.94921875,36547.8203125,0
2024-09-05 06:00:00+00:00,36657.08984375,36657.08984375,36608.51953125,36608.51953125,0
2024-09-06 00:00:00+00:00,36642.30078125,36898.28125,36581.53125,36815.0,0
2024-09-06 01:00:00+00:00,36709.46875,36714.4609375,36480.640625,36627.01953125,0
2024-09-06 02:00:00+00:00,36568.05078125,36750.69140625,36568.05078125,36708.921875,0
2024-09-06 03:00:00+00:00,36494.66015625,36596.1015625,36447.83984375,36596.1015625,0
2024-09-06 04:00:00+00:00,36498.19140625,36519.73046875,36421.640625,36495.01953125,0
2024-09-06 05:00:00+00:00,36444.12109375,36541.3203125,36235.609375,36497.75,0
2024-09-06 06:00:00+00:00,36391.46875,36442.12890625,36391.46875,36442.12890625,0
2024-09-09 00:00:00+00:00,35290.421875,35854.71875,35247.87109375,35805.8203125,0
2024-09-09 01:00:00+00:00,35720.48828125,35856.62109375,35285.5390625,35289.37109375,0
2024-09-09 02:00:00+00:00,35613.3203125,35770.4609375,35609.96875,35722.640625,0
2024-09-09 03:00:00+00:00,35745.19921875,35798.6796875,35665.03125,35775.609375,0
2024-09-09 04:00:00+00:00,36084.890625,36215.66015625,35688.48828125,35748.3984375,0
2024-09-09 05:00:00+00:00,36155.390625,36248.12109375,36020.6484375,36086.46875,0
2024-09-09 06:00:00+00:00,36215.75,36215.75,36165.7109375,36165.7109375,0
2024-09-10 00:00:00+00:00,36398.69140625,36410.33984375,36001.578125,36386.12109375,0
2024-09-10 01:00:00+00:00,36453.91015625,36537.03125,36309.16015625,36402.6484375,0
2024-09-10 02:00:00+00:00,36244.21875,36456.890625,36180.9296875,36456.890625,0
2024-09-10 03:00:00+00:00,36359.5703125,36387.421875,36272.16015625,36294.609375,0
2024-09-10 04:00:00+00:00,36215.6484375,36360.48046875,36193.828125,36360.48046875,0
2024-09-10 05:00:00+00:00,36184.48828125,36419.55078125,36184.48828125,36215.25,0
2024-09-10 06:00:00+00:00,36159.16015625,36190.62890625,36159.16015625,36190.62890625,0
2024-09-11 00:00:00+00:00,35899.859375,36056.87109375,35742.1484375,36029.8984375,0
2024-09-11 01:00:00+00:00,35880.48828125,36023.01171875,35730.51953125,35901.28125,0
2024-09-11 02:00:00+00:00,35867.328125,35931.390625,35820.30078125,35878.28125,0
2024-09-11 03:00:00+00:00,35750.05078125,35824.37109375,35694.62890625,35817.421875,0
2024-09-11 04:00:00+00:00,35622.12109375,35752.48828125,35542.08984375,35752.26171875,0
2024-09-11 05:00:00+00:00,35598.859375,35674.8515625,35253.4296875,35622.98828125,0
2024-09-11 06:00:00+00:00,35619.76953125,35619.76953125,35584.05078125,35584.05078125,0
2024-09-12 00:00:00+00:00,36637.44140625,36873.37109375,36172.26171875,36185.62109375,0
2024-09-12 01:00:00+00:00,36648.9609375,36740.37109375,36458.73828125,36637.75,0
2024-09-12 02:00:00+00:00,36605.62109375,36658.23046875,36555.41015625,36658.23046875,0
2024-09-12 03:00:00+00:00,36749.05078125,36753.80078125,36499.80078125,36540.23828125,0
2024-09-12 04:00:00+00:00,36793.578125,36846.390625,36704.6484375,36748.3203125,0
2024-09-12 05:00:00+00:00,36855.140625,36902.2109375,36721.76171875,36795.80859375,0
2024-09-12 06:00:00+00:00,36833.26953125,36850.87890625,36833.26953125,36850.87890625,0
2024-09-13 00:00:00+00:00,36696.73828125,36887.3984375,36556.6796875,36882.41015625,0
2024-09-13 01:00:00+00:00,36628.30859375,36737.30859375,36625.73046875,36695.5390625,0
2024-09-13 02:00:00+00:00,36507.1015625,36646.5390625,36502.26953125,36629.23046875,0
2024-09-13 03:00:00+00:00,36591.3984375,36600.71875,36448.44140625,36505.46875,0
2024-09-13 04:00:00+00:00,36556.66015625,36602.8203125,36470.30078125,36590.66015625,0
2024-09-13 05:00:00+00:00,36531.640625,36742.6796875,36520.171875,36557.48046875,0
2024-09-13 06:00:00+00:00,36581.76171875,36581.76171875,36557.01171875,36557.01171875,0
2024-09-17 00:00:00+00:00,36298.23828125,36663.1796875,36298.01171875,36601.9296875,0
2024-09-17 01:00:00+00:00,36045.890625,36294.48046875,35948.62890625,36294.390625,0
2024-09-17 02:00:00+00:00,35828.5390625,36067.25,35828.5390625,36047.87890625,0
2024-09-17 03:00:00+00:00,35974.94140625,35982.671875,35831.140625,35939.48828125,0
2024-09-17 04:00:00+00:00,35931.7109375,35986.12109375,35836.01953125,35975.94140625,0
2024-09-17 05:00:00+00:00,36221.51171875,36256.55078125,35925.94140625,35931.58984375,0
2024-09-17 06:00:00+00:00,36203.21875,36251.8984375,36203.21875,36251.8984375,0
2024-09-18 00:00:00+00:00,36469.41015625,36675.0703125,36418.23828125,36546.0390625,0
2024-09-18 01:00:00+00:00,36437.3984375,36570.28125,36398.69921875,36469.6796875,0
2024-09-18 02:00:00+00:00,36461.44140625,36491.7890625,36404.19921875,36436.390625,0
2024-09-18 03:00:00+00:00,36204.9609375,36363.62890625,36204.9609375,36363.62890625,0
2024-09-18 04:00:00+00:00,36194.48046875,36278.55078125,36127.44921875,36206.640625,0
2024-09-18 05:00:00+00:00,36354.44921875,36361.2890625,36162.359375,36194.3203125,0
2024-09-18 06:00:00+00:00,36380.171875,36380.171875,36377.05859375,36377.05859375,0
2024-09-19 00:00:00+00:00,37155.859375,37279.3984375,36958.9296875,36958.9296875,0
2024-09-19 01:00:00+00:00,37287.828125,37321.3984375,37044.37109375,37148.76171875,0
2024-09-19 02:00:00+00:00,37284.4296875,37394.51953125,37247.3203125,37289.9296875,0
2024-09-19 03:00:00+00:00,37290.53125,37290.53125,37171.62890625,37205.25,0
2024-09-19 04:00:00+00:00,37355.1796875,37355.1796875,37236.140625,37288.91015625,0
2024-09-19 05:00:00+00:00,37117.05078125,37369.41015625,37110.48828125,37355.5703125,0
2024-09-19 06:00:00+00:00,37155.328125,37155.328125,37122.26953125,37122.26953125,0
2024-09-20 00:00:00+00:00,37881.578125,37956.3203125,37680.96875,37714.0703125,0
2024-09-20 01:00:00+00:00,37931.80859375,37943.921875,37799.26171875,37858.37890625,0
2024-09-20 02:00:00+00:00,37935.578125,37974.71875,37878.46875,37931.05078125,0
2024-09-20 03:00:00+00:00,37890.55078125,37904.23828125,37762.53125,37822.01953125,0
2024-09-20 04:00:00+00:00,37898.3515625,37919.80078125,37814.80078125,37891.640625,0
2024-09-20 05:00:00+00:00,37731.6484375,37903.03125,37654.109375,37903.03125,0
2024-09-20 06:00:00+00:00,37723.91015625,37723.91015625,37719.98046875,37719.98046875,0
2024-09-24 00:00:00+00:00,38219.05859375,38378.859375,38171.359375,38171.359375,0
2024-09-24 01:00:00+00:00,38176.640625,38427.1484375,38175.08984375,38216.0703125,0
2024-09-24 02:00:00+00:00,37974.98046875,38166.87109375,37964.87109375,38166.87109375,0
2024-09-24 03:00:00+00:00,38043.58984375,38076.421875,37902.98828125,37962.359375,0
2024-09-24 04:00:00+00:00,37984.359375,38059.01171875,37951.19921875,38049.6015625,0
2024-09-24 05:00:00+00:00,37968.26953125,38116.19140625,37968.26953125,37984.609375,0
2024-09-24 06:00:00+00:00,37940.58984375,37953.5390625,37940.58984375,37953.5390625,0
2024-09-25 00:00:00+00:00,37960.578125,38102.75,37868.83984375,37947.3515625,0
2024-09-25 01:00:00+00:00,38043.12109375,38050.23828125,37894.328125,37959.08984375,0
2024-09-25 02:00:00+00:00,38068.21875,38076.33984375,38026.921875,38042.83984375,0
2024-09-25 03:00:00+00:00,37998.26953125,38029.921875,37938.0,38015.73828125,0
2024-09-25 04:00:00+00:00,38049.4609375,38078.9609375,37968.94140625,37999.25,0
2024-09-25 05:00:00+00:00,37906.28125,38109.23828125,37893.51171875,38051.19140625,0
2024-09-25 06:00:00+00:00,37870.26171875,37895.7109375,37870.26171875,37895.7109375,0
2024-09-26 00:00:00+00:00,38541.41015625,38576.58984375,38240.6484375,38266.7890625,0
2024-09-26 01:00:00+00:00,38766.44140625,38770.7890625,38520.98828125,38541.1484375,0
2024-09-26 02:00:00+00:00,38812.94140625,38833.98828125,38752.05859375,38767.359375,0
2024-09-26 03:00:00+00:00,38823.5,38884.69921875,38744.921875,38751.96875,0
2024-09-26 04:00:00+00:00,38731.1796875,38826.71875,38668.87109375,38824.8984375,0
2024-09-26 05:00:00+00:00,38832.05859375,38861.921875,38696.01953125,38735.44140625,0
2024-09-26 06:00:00+00:00,38925.62890625,38925.62890625,38864.87109375,38864.87109375,0
2024-09-27 00:00:00+00:00,39146.0703125,39260.19921875,38962.5390625,39108.26953125,0
2024-09-27 01:00:00+00:00,38933.69921875,39297.58984375,38933.69921875,39138.0,0
2024-09-27 02:00:00+00:00,38964.6484375,39022.1015625,38917.98046875,38932.140625,0
2024-09-27 03:00:00+00:00,39172.01171875,39182.12109375,38953.75,38953.75,0
2024-09-27 04:00:00+00:00,39476.55859375,39494.5703125,39167.4296875,39171.921875,0
2024-09-27 05:00:00+00:00,39741.6015625,39777.328125,39371.96875,39471.609375,0
2024-09-27 06:00:00+00:00,39829.55859375,39829.55859375,39764.71875,39764.71875,0
2024-09-30 00:00:00+00:00,38083.87109375,39126.359375,37960.08984375,39117.828125,0
2024-09-30 01:00:00+00:00,38151.921875,38219.71875,38033.87109375,38082.1796875,0
2024-09-30 02:00:00+00:00,37980.33984375,38150.28125,37928.71875,38149.421875,0
2024-09-30 03:00:00+00:00,38052.78125,38074.62890625,37877.23828125,37919.76953125,0
2024-09-30 04:00:00+00:00,37948.05859375,38096.890625,37920.03125,38050.3984375,0
2024-09-30 05:00:00+00:00,37845.0703125,37949.62109375,37797.91015625,37949.62109375,0
2024-09-30 06:00:00+00:00,37919.55078125,37919.55078125,37883.23046875,37883.23046875,0
2024-10-01 00:00:00+00:00,38457.9609375,38578.05078125,38232.46875,38232.46875,0
2024-10-01 01:00:00+00:00,38491.98046875,38621.94140625,38451.80859375,38455.1015625,0
2024-10-01 02:00:00+00:00,38476.328125,38495.87890625,38383.0703125,38495.859375,0
2024-10-01 03:00:00+00:00,38707.48046875,38718.12890625,38504.578125,38504.578125,0
2024-10-01 04:00:00+00:00,38657.78125,38711.51953125,38621.51171875,38705.8203125,0
2024-10-01 05:00:00+00:00,38625.21875,38693.16015625,38605.80859375,38658.23828125,0
2024-10-01 06:00:00+00:00,38651.96875,38651.96875,38618.890625,38618.890625,0
2024-10-02 00:00:00+00:00,38081.83984375,38213.5390625,38018.1484375,38136.19921875,0
2024-10-02 01:00:00+00:00,38040.51953125,38084.55078125,37892.26953125,38081.87890625,0
2024-10-02 02:00:00+00:00,38013.76171875,38061.890625,37985.05078125,38040.8984375,0
2024-10-02 03:00:00+00:00,38050.30859375,38113.25,38016.73046875,38016.73046875,0
2024-10-02 04:00:00+00:00,37886.48828125,38070.73046875,37864.328125,38053.078125,0
2024-10-02 05:00:00+00:00,37794.3515625,37937.6015625,37651.0703125,37870.23828125,0
2024-10-02 06:00:00+00:00,37808.76171875,37808.76171875,37775.80859375,37775.80859375,0
2024-10-03 00:00:00+00:00,38605.28125,38856.75,38457.62109375,38459.12890625,0
2024-10-03 01:00:00+00:00,38676.98828125,38785.5,38583.8984375,38603.80078125,0
2024-10-03 02:00:00+00:00,38655.03125,38683.91015625,38587.03125,38674.08984375,0
2024-10-03 03:00:00+00:00,38612.8984375,38673.3515625,38533.44140625,38671.23046875,0
2024-10-03 04:00:00+00:00,38582.83984375,38668.7109375,38533.73828125,38614.03125,0
2024-10-03 05:00:00+00:00,38542.109375,38638.109375,38530.03125,38583.80078125,0
2024-10-03 06:00:00+00:00,38552.05859375,38566.69921875,38552.05859375,38566.69921875,0
2024-10-04 00:00:00+00:00,38549.33984375,38689.4296875,38547.8984375,38594.73046875,0
2024-10-04 01:00:00+00:00,38652.6484375,38698.30078125,38501.8203125,38549.21875,0
2024-10-04 02:00:00+00:00,38732.41015625,38735.2890625,38623.78125,38651.44140625,0
2024-10-04 03:00:00+00:00,38629.73046875,38685.109375,38618.9296875,38685.109375,0
2024-10-04 04:00:00+00:00,38640.03125,38682.53125,38589.46875,38629.55859375,0
2024-10-04 05:00:00+00:00,38620.37890625,38675.94140625,38536.94140625,38640.01953125,0
2024-10-04 06:00:00+00:00,38635.62109375,38635.62109375,38602.3984375,38602.3984375,0
2024-10-07 00:00:00+00:00,39418.08984375,39514.5703125,39195.9296875,39239.921875,0
2024-10-07 01:00:00+00:00,39375.2109375,39497.94921875,39327.55859375,39418.91015625,0
2024-10-07 02:00:00+00:00,39354.62890625,39464.80859375,39348.83984375,39376.51171875,0
2024-10-07 03:00:00+00:00,39457.109375,39494.0703125,39382.28125,39433.390625,0
2024-10-07 04:00:00+00:00,39507.5703125,39507.9609375,39430.859375,39456.91015625,0
2024-10-07 05:00:00+00:00,39381.0,39560.78125,39367.2890625,39507.19921875,0
2024-10-07 06:00:00+00:00,39332.73828125,39364.5703125,39332.73828125,39364.5703125,0
2024-10-08 00:00:00+00:00,39056.19921875,39117.08984375,38939.51953125,39021.12890625,0
2024-10-08 01:00:00+00:00,38924.55078125,39077.69921875,38896.421875,39055.19921875,0
2024-10-08 02:00:00+00:00,38861.08984375,38930.46875,38853.51171875,38925.26171875,0
2024-10-08 03:00:00+00:00,38871.3203125,38910.75,38823.46875,38853.3203125,0
2024-10-08 04:00:00+00:00,38912.76171875,38919.640625,38817.87890625,38870.76953125,0
2024-10-08 05:00:00+00:00,38926.51171875,38973.140625,38832.19921875,38908.71875,0
2024-10-08 06:00:00+00:00,38937.5390625,38937.5390625,38906.96875,38906.96875,0
2024-10-09 00:00:00+00:00,39282.69921875,39456.28125,39231.08984375,39385.48828125,0
2024-10-09 01:00:00+00:00,39236.5,39390.109375,39236.5,39281.9296875,0
2024-10-09 02:00:00+00:00,39178.69921875,39237.80078125,39115.62890625,39237.80078125,0
2024-10-09 03:00:00+00:00,39234.390625,39253.8515625,39171.48828125,39214.83984375,0
2024-10-09 04:00:00+00:00,39265.7109375,39280.359375,39204.03125,39233.01953125,0
2024-10-09 05:00:00+00:00,39300.76171875,39374.30859375,39266.140625,39268.03125,0
2024-10-09 06:00:00+00:00,39277.9609375,39324.16015625,39277.9609375,39324.16015625,0
2024-10-10 00:00:00+00:00,39465.44140625,39616.58984375,39401.578125,39575.80078125,0
2024-10-10 01:00:00+00:00,39372.6796875,39492.87890625,39352.05078125,39464.859375,0
2024-10-10 02:00:00+00:00,39395.05078125,39412.5,39355.8984375,39372.48046875,0
2024-10-10 03:00:00+00:00,39350.55859375,39385.98046875,39282.19140625,39385.98046875,0
2024-10-10 04:00:00+00:00,39348.5,39411.12890625,39333.94140625,39350.1796875,0
2024-10-10 05:00:00+00:00,39404.4609375,39415.51171875,39347.2890625,39348.890625,0
2024-10-10 06:00:00+00:00,39380.890625,39406.46875,39380.890625,39406.46875,0
2024-10-11 00:00:00+00:00,39565.0,39636.87109375,39415.26171875,39636.87109375,0
2024-10-11 01:00:00+00:00,39658.58984375,39662.421875,39520.1484375,39560.5,0
2024-10-11 02:00:00+00:00,39612.8203125,39658.21875,39582.94140625,39658.21875,0
2024-10-11 03:00:00+00:00,39629.19140625,39634.69921875,39514.98046875,39535.05859375,0
2024-10-11 04:00:00+00:00,39606.73046875,39668.9296875,39582.48046875,39628.80859375,0
2024-10-11 05:00:00+00:00,39551.69140625,39644.578125,39539.75,39608.91015625,0
2024-10-11 06:00:00+00:00,39605.80078125,39605.80078125,39569.859375,39569.859375,0
2024-10-15 00:00:00+00:00,39999.421875,40136.6796875,39956.328125,40047.1484375,0
2024-10-15 01:00:00+00:00,40194.16015625,40237.7109375,39967.03125,39996.69921875,0
2024-10-15 02:00:00+00:00,40232.44921875,40257.33984375,40176.05078125,40194.55078125,0
2024-10-15 03:00:00+00:00,40136.0703125,40225.30078125,40096.1015625,40157.4296875,0
2024-10-15 04:00:00+00:00,40112.51953125,40163.12890625,40099.76953125,40138.8984375,0
2024-10-15 05:00:00+00:00,39948.75,40123.2109375,39934.48046875,40112.87890625,0
2024-10-15 06:00:00+00:00,39910.55078125,39910.55078125,39910.55078125,39910.55078125,0
2024-10-16 00:00:00+00:00,39273.51171875,39362.62890625,39062.8515625,39362.62890625,0
2024-10-16 01:00:00+00:00,39188.94140625,39291.98828125,39140.94921875,39278.80859375,0
2024-10-16 02:00:00+00:00,39093.4609375,39192.48046875,39093.4609375,39189.87109375,0
2024-10-16 03:00:00+00:00,39222.26171875,39230.91015625,39071.44921875,39160.78125,0
2024-10-16 04:00:00+00:00,39249.12109375,39260.87109375,39139.9296875,39219.01171875,0
2024-10-16 05:00:00+00:00,39211.55078125,39277.3515625,39145.28125,39247.98046875,0
2024-10-16 06:00:00+00:00,39180.30078125,39180.30078125,39180.30078125,39180.30078125,0
2024-10-17 00:00:00+00:00,39170.8203125,39299.73828125,39135.671875,39263.8203125,0
2024-10-17 01:00:00+00:00,38993.921875,39174.08984375,38932.69140625,39169.19921875,0
2024-10-17 02:00:00+00:00,38944.9296875,39008.2890625,38944.9296875,38992.6015625,0
2024-10-17 03:00:00+00:00,38987.98046875,39031.640625,38954.44140625,38964.421875,0
2024-10-17 04:00:00+00:00,38962.48046875,39005.328125,38921.1484375,38993.171875,0
2024-10-17 05:00:00+00:00,38962.01171875,39157.03125,38954.08984375,38963.0703125,0
2024-10-17 06:00:00+00:00,38911.19140625,38945.1796875,38911.19140625,38945.1796875,0
2024-10-18 00:00:00+00:00,39041.0390625,39186.640625,38982.19921875,39092.46875,0
2024-10-18 01:00:00+00:00,39014.6796875,39058.3984375,38964.51953125,39046.30078125,0
2024-10-18 02:00:00+00:00,39058.3203125,39070.87109375,38989.87890625,39033.6484375,0
2024-10-18 03:00:00+00:00,38921.94921875,39061.5,38893.51953125,39020.51171875,0
2024-10-18 04:00:00+00:00,38927.12109375,38955.08984375,38895.41015625,38922.1484375,0
2024-10-18 05:00:00+00:00,38952.1484375,39008.62109375,38911.859375,38928.12109375,0
2024-10-18 06:00:00+00:00,38981.75,38981.75,38973.12109375,38973.12109375,0
2024-10-21 00:00:00+00:00,38978.03125,39036.98046875,38775.58984375,38960.19921875,0
2024-10-21 01:00:00+00:00,39035.37109375,39055.03125,38955.41015625,38981.76953125,0
2024-10-21 02:00:00+00:00,39110.94921875,39119.671875,39033.0390625,39034.9609375,0
2024-10-21 03:00:00+00:00,39070.76171875,39097.171875,38994.8203125,39016.109375,0
2024-10-21 04:00:00+00:00,39038.5703125,39097.91015625,39030.76171875,39073.91015625,0
2024-10-21 05:00:00+00:00,39008.1015625,39057.6796875,39003.01171875,39038.140625,0
2024-10-21 06:00:00+00:00,38954.6015625,39011.12109375,38954.6015625,39011.12109375,0
2024-10-22 00:00:00+00:00,38490.0703125,38995.03125,38490.0703125,38933.6015625,0
2024-10-22 01:00:00+00:00,38427.37890625,38550.390625,38200.8203125,38494.2109375,0
2024-10-22 02:00:00+00:00,38399.46875,38492.2890625,38392.19921875,38424.16015625,0
2024-10-22 03:00:00+00:00,38464.33984375,38500.08984375,38425.71875,38430.640625,0
2024-10-22 04:00:00+00:00,38402.3203125,38498.4609375,38389.12109375,38466.21875,0
2024-10-22 05:00:00+00:00,38396.94921875,38520.48828125,38382.671875,38401.5390625,0
2024-10-22 06:00:00+00:00,38411.9609375,38411.9609375,38389.3984375,38389.3984375,0
2024-10-23 00:00:00+00:00,38446.328125,38514.328125,38324.05078125,38397.28125,0
2024-10-23 01:00:00+00:00,38293.140625,38479.26953125,38293.140625,38443.9609375,0
2024-10-23 02:00:00+00:00,38300.80859375,38368.91015625,38293.83984375,38296.109375,0
2024-10-23 03:00:00+00:00,38068.609375,38287.73828125,38068.609375,38285.9296875,0
2024-10-23 04:00:00+00:00,38137.69140625,38175.33984375,37987.62109375,38068.08984375,0
2024-10-23 05:00:00+00:00,38076.9609375,38158.62109375,38062.7890625,38128.25,0
2024-10-23 06:00:00+00:00,38104.859375,38104.859375,38080.8515625,38080.8515625,0
2024-10-24 00:00:00+00:00,38316.1015625,38320.390625,37712.19140625,37804.51953125,0
2024-10-24 01:00:00+00:00,38184.6796875,38317.51953125,38150.19140625,38317.51953125,0
2024-10-24 02:00:00+00:00,38154.25,38189.62109375,38103.73046875,38189.62109375,0
2024-10-24 03:00:00+00:00,38157.5703125,38265.73046875,38148.890625,38248.5390625,0
2024-10-24 04:00:00+00:00,38121.78125,38154.109375,38013.66015625,38154.109375,0
2024-10-24 05:00:00+00:00,38178.03125,38212.9609375,38100.19921875,38122.78125,0
2024-10-24 06:00:00+00:00,38143.2890625,38182.62109375,38143.2890625,38182.62109375,0
2024-10-25 00:00:00+00:00,37831.3203125,38025.421875,37804.62109375,37954.78125,0
2024-10-25 01:00:00+00:00,37774.51953125,37910.078125,37743.0,37833.28125,0
2024-10-25 02:00:00+00:00,37771.7890625,37789.62109375,37728.3515625,37769.46875,0
2024-10-25 03:00:00+00:00,37760.76171875,37874.98828125,37740.46875,37822.4296875,0
2024-10-25 04:00:00+00:00,37817.94140625,37818.890625,37714.28125,37760.1796875,0
2024-10-25 05:00:00+00:00,37872.609375,37905.23046875,37773.3515625,37816.05859375,0
2024-10-25 06:00:00+00:00,37913.921875,37913.921875,37879.890625,37879.890625,0
2024-10-28 00:00:00+00:00,38486.33984375,38658.73828125,37757.94921875,37757.94921875,0
2024-10-28 01:00:00+00:00,38542.671875,38597.48046875,38441.75,38488.328125,0
2024-10-28 02:00:00+00:00,38463.5,38546.37109375,38435.12890625,38543.640625,0
2024-10-28 03:00:00+00:00,38518.76953125,38578.62109375,38452.08984375,38546.01171875,0
2024-10-28 04:00:00+00:00,38696.7890625,38697.21875,38495.859375,38515.46875,0
2024-10-28 05:00:00+00:00,38642.80078125,38727.9609375,38588.26171875,38700.01171875,0
2024-10-28 06:00:00+00:00,38605.53125,38626.44140625,38605.53125,38626.44140625,0
2024-10-29 00:00:00+00:00,38702.109375,38702.109375,38416.8515625,38524.30078125,0
2024-10-29 01:00:00+00:00,38787.5390625,38897.9296875,38631.98046875,38699.390625,0
2024-10-29 02:00:00+00:00,38819.51171875,38859.23828125,38758.5,38789.76171875,0
2024-10-29 03:00:00+00:00,38805.5390625,38872.6796875,38778.0703125,38870.7109375,0
2024-10-29 04:00:00+00:00,38847.19921875,38850.859375,38756.1015625,38805.62890625,0
2024-10-29 05:00:00+00:00,38874.6796875,38896.859375,38823.828125,38847.55078125,0
2024-10-29 06:00:00+00:00,38903.6796875,38903.6796875,38903.6796875,38903.6796875,0
2024-10-30 00:00:00+00:00,39223.94921875,39313.87109375,39094.30078125,39102.890625,0
2024-10-30 01:00:00+00:00,39316.3203125,39332.01953125,39181.01953125,39213.140625,0
2024-10-30 02:00:00+00:00,39390.48828125,39390.48828125,39297.25,39315.98828125,0
2024-10-30 03:00:00+00:00,39354.98828125,39417.87890625,39328.609375,39401.51953125,0
2024-10-30 04:00:00+00:00,39303.05859375,39358.9296875,39264.51953125,39355.69921875,0
2024-10-30 05:00:00+00:00,39309.08984375,39346.16015625,39207.80078125,39303.6484375,0
2024-10-30 06:00:00+00:00,39277.390625,39298.01171875,39277.390625,39298.01171875,0
2024-10-31 00:00:00+00:00,39006.25,39249.2109375,38987.328125,39179.71875,0
2024-10-31 01:00:00+00:00,39083.01953125,39159.390625,39006.5390625,39006.5390625,0
2024-10-31 02:00:00+00:00,39116.7890625,39157.25,39067.7890625,39090.7890625,0
2024-10-31 03:00:00+00:00,39028.3515625,39139.6015625,38981.96875,39093.69921875,0
2024-10-31 04:00:00+00:00,38915.94140625,39033.05859375,38832.2109375,39028.19921875,0
2024-10-31 05:00:00+00:00,39102.359375,39171.6796875,38895.1796875,38916.9609375,0
2024-10-31 06:00:00+00:00,39081.25,39081.25,39081.25,39081.25,0
2024-11-01 00:00:00+00:00,38323.0390625,38512.828125,38238.671875,38504.3515625,0
2024-11-01 01:00:00+00:00,38254.2890625,38361.75,38221.69921875,38323.859375,0
2024-11-01 02:00:00+00:00,38196.53125,38263.30078125,38180.3515625,38254.73046875,0
2024-11-01 03:00:00+00:00,38203.76171875,38261.23046875,38188.7890625,38206.4296875,0
2024-11-01 04:00:00+00:00,38193.75,38240.41015625,38160.1796875,38202.01953125,0
2024-11-01 05:00:00+00:00,38033.0,38207.71875,37946.66015625,38197.328125,0
2024-11-01 06:00:00+00:00,38053.671875,38053.671875,38033.73828125,38033.73828125,0
2024-11-05 00:00:00+00:00,38354.23828125,38392.2109375,38159.73046875,38274.21875,0
2024-11-05 01:00:00+00:00,38529.6484375,38572.671875,38334.140625,38354.05078125,0
2024-11-05 02:00:00+00:00,38474.66015625,38536.828125,38462.48046875,38531.21875,0
2024-11-05 03:00:00+00:00,38495.37890625,38559.8984375,38458.33984375,38551.83984375,0
2024-11-05 04:00:00+00:00,38523.26171875,38606.69140625,38492.26953125,38492.26953125,0
2024-11-05 05:00:00+00:00,38608.8203125,38620.19140625,38535.05859375,38535.05859375,0
2024-11-06 00:00:00+00:00,38922.078125,38958.41015625,38662.171875,38677.94921875,0
2024-11-06 01:00:00+00:00,39054.21875,39055.25,38933.7890625,38938.23828125,0
2024-11-06 02:00:00+00:00,39341.44140625,39341.44140625,39053.30078125,39055.7890625,0
2024-11-06 03:00:00+00:00,39544.578125,39664.53125,39431.8515625,39564.78125,0
2024-11-06 04:00:00+00:00,39323.6015625,39542.01953125,39285.03125,39530.12109375,0
2024-11-06 05:00:00+00:00,39437.44140625,39444.66015625,39135.12109375,39322.05078125,0
2024-11-07 00:00:00+00:00,39293.671875,39884.01171875,39202.80859375,39745.23046875,0
2024-11-07 01:00:00+00:00,39348.87109375,39384.7109375,39020.21875,39296.921875,0
2024-11-07 02:00:00+00:00,39321.87109375,39371.53125,39234.3984375,39349.23046875,0
2024-11-07 03:00:00+00:00,39361.91015625,39491.890625,39331.2109375,39448.078125,0
2024-11-07 04:00:00+00:00,39326.16015625,39386.30078125,39255.4609375,39364.69140625,0
2024-11-07 05:00:00+00:00,39392.23828125,39393.80078125,39302.9609375,39323.7890625,0
2024-11-08 00:00:00+00:00,39687.3984375,39818.41015625,39552.1484375,39783.44921875,0
2024-11-08 01:00:00+00:00,39448.51171875,39691.0,39446.8984375,39688.37109375,0
2024-11-08 02:00:00+00:00,39515.359375,39515.359375,39418.37890625,39456.62109375,0
2024-11-08 03:00:00+00:00,39495.51953125,39525.62109375,39473.46875,39482.87109375,0
2024-11-08 04:00:00+00:00,39422.03125,39493.08984375,39377.87109375,39492.76953125,0
2024-11-08 05:00:00+00:00,39498.23828125,39552.48828125,39406.66015625,39429.51953125,0
2024-11-11 00:00:00+00:00,39516.76953125,39598.73828125,39316.2109375,39417.2109375,0
2024-11-11 01:00:00+00:00,39433.9296875,39523.51953125,39379.53125,39518.01171875,0
2024-11-11 02:00:00+00:00,39347.7890625,39437.640625,39315.609375,39434.73828125,0
2024-11-11 03:00:00+00:00,39418.4609375,39461.03125,39393.3203125,39405.1796875,0
2024-11-11 04:00:00+00:00,39481.01171875,39533.23828125,39415.16015625,39419.16015625,0
2024-11-11 05:00:00+00:00,39480.01953125,39537.6484375,39449.609375,39481.76171875,0
2024-11-12 00:00:00+00:00,39726.98828125,39812.44140625,39572.05859375,39642.78125,0
2024-11-12 01:00:00+00:00,39792.16015625,39866.71875,39665.01953125,39729.30859375,0
2024-11-12 02:00:00+00:00,39748.12890625,39833.609375,39747.80859375,39792.69921875,0
2024-11-12 03:00:00+00:00,39388.46875,39593.140625,39388.44921875,39544.80859375,0
2024-11-12 04:00:00+00:00,39223.140625,39441.28125,39173.12890625,39379.7109375,0
2024-11-12 05:00:00+00:00,39267.3203125,39301.0703125,39137.890625,39220.1796875,0
2024-11-13 00:00:00+00:00,39096.66015625,39377.23828125,39044.08984375,39317.1484375,0
2024-11-13 01:00:00+00:00,38924.76953125,39102.73828125,38814.0703125,39096.98828125,0
2024-11-13 02:00:00+00:00,38953.44140625,38988.359375,38862.76953125,38929.94140625,0
2024-11-13 03:00:00+00:00,38981.83984375,39049.6015625,38962.109375,39008.96875,0
2024-11-13 04:00:00+00:00,38800.01171875,39009.359375,38800.01171875,38979.37109375,0
2024-11-13 05:00:00+00:00,38711.44140625,38825.0,38600.26171875,38800.4296875,0
2024-11-14 00:00:00+00:00,39026.359375,39084.44140625,38821.7890625,38911.0390625,0
2024-11-14 01:00:00+00:00,38759.28125,39057.94140625,38739.109375,39032.69921875,0
2024-11-14 02:00:00+00:00,38761.01953125,38770.6484375,38621.87890625,38753.7109375,0
2024-11-14 03:00:00+00:00,38780.21875,38795.91015625,38732.671875,38768.94140625,0
2024-11-14 04:00:00+00:00,38722.26953125,38820.87109375,38704.6484375,38767.55859375,0
2024-11-14 05:00:00+00:00,38638.2890625,38782.109375,38571.421875,38722.4609375,0
2024-11-15 00:00:00+00:00,39019.890625,39101.640625,38749.55859375,38749.55859375,0
2024-11-15 01:00:00+00:00,38833.19921875,39025.69921875,38765.640625,39021.66015625,0
2024-11-15 02:00:00+00:00,38842.12890625,38858.25,38785.66015625,38834.859375,0
2024-11-15 03:00:00+00:00,38865.2890625,38886.578125,38837.21875,38867.30859375,0
2024-11-15 04:00:00+00:00,38845.2109375,38887.51171875,38815.359375,38865.53125,0
2024-11-15 05:00:00+00:00,38817.28125,38875.69140625,38752.328125,38849.828125,0
2024-11-18 00:00:00+00:00,38363.19140625,38406.80859375,38150.390625,38259.58984375,0
2024-11-18 01:00:00+00:00,38358.7109375,38548.30078125,38333.5390625,38362.26953125,0
2024-11-18 02:00:00+00:00,38343.390625,38390.0703125,38298.62109375,38357.140625,0
2024-11-18 03:00:00+00:00,38233.76953125,38309.21875,38228.71875,38309.21875,0
2024-11-18 04:00:00+00:00,38293.328125,38306.2890625,38218.921875,38233.12109375,0
2024-11-18 05:00:00+00:00,38265.01171875,38297.9609375,38221.37109375,38293.890625,0
2024-11-19 00:00:00+00:00,38322.30078125,38511.98828125,38292.76953125,38396.71875,0
2024-11-19 01:00:00+00:00,38384.0703125,38392.37890625,38246.359375,38323.7109375,0
2024-11-19 02:00:00+00:00,38429.37109375,38434.671875,38364.8984375,38382.71875,0
2024-11-19 03:00:00+00:00,38495.671875,38549.44140625,38466.87109375,38466.87109375,0
2024-11-19 04:00:00+00:00,38504.0390625,38560.1015625,38463.91015625,38496.30078125,0
2024-11-19 05:00:00+00:00,38380.62109375,38503.76953125,38343.94140625,38503.76953125,0
2024-11-20 00:00:00+00:00,38412.3515625,38520.44921875,38389.671875,38475.69921875,0
2024-11-20 01:00:00+00:00,38257.328125,38427.1796875,38207.7890625,38418.671875,0
2024-11-20 02:00:00+00:00,38242.3515625,38280.390625,38239.19921875,38259.44921875,0
2024-11-20 03:00:00+00:00,38227.26171875,38256.4296875,38180.1484375,38237.12109375,0
2024-11-20 04:00:00+00:00,38333.80859375,38342.6484375,38217.828125,38227.359375,0
2024-11-20 05:00:00+00:00,38308.19921875,38376.98046875,38258.0390625,38337.5703125,0
2024-11-21 00:00:00+00:00,38047.4296875,38374.69140625,37995.8984375,38352.87109375,0
2024-11-21 01:00:00+00:00,38062.94140625,38140.55078125,38023.30078125,38045.75,0
2024-11-21 02:00:00+00:00,38033.21875,38092.75,38029.30859375,38064.30078125,0
2024-11-21 03:00:00+00:00,37979.7890625,38083.16015625,37967.62890625,38070.640625,0
2024-11-21 04:00:00+00:00,38020.55078125,38043.9296875,37945.2109375,37979.01171875,0
2024-11-21 05:00:00+00:00,38079.71875,38121.16015625,38005.5703125,38018.7890625,0
2024-11-21 06:00:00+00:00,38020.87890625,38078.76171875,37974.53125,38078.76171875,0
2024-11-22 00:00:00+00:00,38283.640625,38324.37109375,38085.12890625,38146.98046875,0
2024-11-22 01:00:00+00:00,38348.921875,38374.51171875,38280.140625,38283.26171875,0
2024-11-22 02:00:00+00:00,38415.3203125,38420.62890625,38336.46875,38347.5390625,0
2024-11-22 03:00:00+00:00,38345.83984375,38414.828125,38291.66015625,38414.828125,0
2024-11-22 04:00:00+00:00,38317.390625,38415.28125,38310.08984375,38352.171875,0
2024-11-22 05:00:00+00:00,38329.30859375,38397.3515625,38314.48828125,38317.66015625,0
2024-11-22 06:00:00+00:00,38357.421875,38375.25,38300.76171875,38329.51953125,0
2024-11-25 00:00:00+00:00,39021.08984375,39047.30078125,38672.4609375,38679.9296875,0
2024-11-25 01:00:00+00:00,38830.23046875,39053.640625,38820.44140625,39023.3515625,0
2024-11-25 02:00:00+00:00,38868.6796875,38868.6796875,38787.51953125,38828.0390625,0
2024-11-25 03:00:00+00:00,38715.8984375,38782.078125,38672.171875,38782.078125,0
2024-11-25 04:00:00+00:00,38838.03125,38861.26953125,38704.2890625,38715.87109375,0
2024-11-25 05:00:00+00:00,38925.359375,38957.94140625,38831.80859375,38837.3203125,0
2024-11-25 06:00:00+00:00,38799.828125,38924.19921875,38757.58984375,38924.19921875,0
2024-11-26 00:00:00+00:00,38200.75,38596.76171875,38197.51171875,38596.76171875,0
2024-11-26 01:00:00+00:00,38231.8203125,38249.37109375,38020.078125,38206.8515625,0
2024-11-26 02:00:00+00:00,38260.37890625,38366.921875,38232.37890625,38232.8203125,0
2024-11-26 03:00:00+00:00,38253.98046875,38330.03125,38238.140625,38287.12890625,0
2024-11-26 04:00:00+00:00,38205.6796875,38262.55859375,38158.73828125,38253.109375,0
2024-11-26 05:00:00+00:00,38240.4296875,38258.80078125,38168.0390625,38204.6015625,0
2024-11-26 06:00:00+00:00,38404.44140625,38404.44140625,38201.55078125,38240.05859375,0
2024-11-27 00:00:00+00:00,38289.26953125,38332.44921875,38201.41015625,38327.859375,0
2024-11-27 01:00:00+00:00,38099.75,38313.859375,38062.76953125,38288.3984375,0
2024-11-27 02:00:00+00:00,38165.8515625,38179.7109375,38081.76953125,38090.33984375,0
2024-11-27 03:00:00+00:00,38158.359375,38165.0390625,38070.19921875,38150.609375,0
2024-11-27 04:00:00+00:00,38068.53125,38163.98828125,38064.12890625,38157.8203125,0
2024-11-27 05:00:00+00:00,38069.4296875,38110.01953125,37988.98828125,38070.83984375,0
2024-11-27 06:00:00+00:00,38149.37890625,38151.87109375,38028.80859375,38065.69140625,0
2024-11-28 00:00:00+00:00,38044.421875,38080.23828125,37801.62109375,37935.94140625,0
2024-11-28 01:00:00+00:00,38292.359375,38381.53125,38018.640625,38041.80078125,0
2024-11-28 02:00:00+00:00,38295.12890625,38376.55859375,38199.30859375,38296.671875,0
2024-11-28 03:00:00+00:00,38359.44140625,38458.91015625,38280.9296875,38323.08984375,0
2024-11-28 04:00:00+00:00,38447.12890625,38478.3203125,38360.28125,38360.28125,0
2024-11-28 05:00:00+00:00,38368.26953125,38465.51953125,38368.26953125,38447.69921875,0
2024-11-28 06:00:00+00:00,38358.6796875,38366.6484375,38257.26953125,38364.80859375,0
2024-11-29 00:00:00+00:00,38010.828125,38238.23828125,37986.96875,38205.078125,0
2024-11-29 01:00:00+00:00,38115.94140625,38160.62109375,37988.12109375,38012.0,0
2024-11-29 02:00:00+00:00,38193.01171875,38210.62109375,38116.6015625,38116.6015625,0
2024-11-29 03:00:00+00:00,38157.76171875,38270.05859375,38152.19921875,38221.16015625,0
2024-11-29 04:00:00+00:00,38169.73046875,38190.30859375,38118.0,38156.3203125,0
2024-11-29 05:00:00+00:00,38197.41015625,38240.359375,38171.2109375,38171.2109375,0
2024-11-29 06:00:00+00:00,38200.3984375,38211.01953125,38151.890625,38194.05078125,0
2024-12-02 00:00:00+00:00,37995.828125,38365.01171875,37958.55078125,38216.94921875,0
2024-12-02 01:00:00+00:00,38098.83984375,38110.921875,37966.98046875,37988.71875,0
2024-12-02 02:00:00+00:00,38220.01171875,38252.05078125,38087.05078125,38099.75,0
2024-12-02 03:00:00+00:00,38325.05078125,38352.55859375,38235.41015625,38255.16015625,0
2024-12-02 04:00:00+00:00,38458.01171875,38538.6015625,38320.2109375,38324.16015625,0
2024-12-02 05:00:00+00:00,38531.03125,38552.41015625,38391.62890625,38458.33984375,0
2024-12-02 06:00:00+00:00,38487.26953125,38533.80859375,38416.37109375,38530.6796875,0
2024-12-03 00:00:00+00:00,39026.41015625,39058.87109375,38746.05078125,38748.6484375,0
2024-12-03 01:00:00+00:00,39148.140625,39182.4296875,38873.8203125,39027.75,0
2024-12-03 02:00:00+00:00,39180.05859375,39215.8515625,39148.51171875,39149.33984375,0
2024-12-03 03:00:00+00:00,39330.98828125,39352.6796875,39196.6484375,39196.6484375,0
2024-12-03 04:00:00+00:00,39379.4609375,39427.37109375,39328.75,39328.828125,0
2024-12-03 05:00:00+00:00,39305.94921875,39416.0703125,39299.80078125,39377.94921875,0
2024-12-03 06:00:00+00:00,39183.12109375,39350.1796875,39183.12109375,39316.9296875,0
2024-12-04 00:00:00+00:00,39179.7890625,39417.078125,39159.359375,39354.0,0
2024-12-04 01:00:00+00:00,39163.8203125,39218.51953125,39082.28125,39178.421875,0
2024-12-04 02:00:00+00:00,39077.0390625,39182.390625,39062.03125,39166.76953125,0
2024-12-04 03:00:00+00:00,39250.328125,39267.609375,39071.0703125,39075.37890625,0
2024-12-04 04:00:00+00:00,39280.51171875,39295.78125,39215.30859375,39251.44921875,0
2024-12-04 05:00:00+00:00,39334.171875,39371.8203125,39262.05859375,39280.6015625,0
2024-12-04 06:00:00+00:00,39279.83984375,39381.23046875,39223.23046875,39334.0703125,0
2024-12-05 00:00:00+00:00,39424.671875,39632.30078125,39420.58984375,39610.4296875,0
2024-12-05 01:00:00+00:00,39516.76171875,39588.3515625,39429.69140625,39429.69140625,0
2024-12-05 02:00:00+00:00,39488.51171875,39559.37890625,39488.51171875,39517.30078125,0
2024-12-05 03:00:00+00:00,39454.578125,39509.4296875,39450.46875,39490.75,0
2024-12-05 04:00:00+00:00,39444.2890625,39467.109375,39353.51953125,39462.26171875,0
2024-12-05 05:00:00+00:00,39413.26953125,39451.48046875,39323.0390625,39443.48828125,0
2024-12-05 06:00:00+00:00,39342.12890625,39468.1796875,39339.4296875,39415.421875,0
2024-12-06 00:00:00+00:00,39161.359375,39468.46875,39083.171875,39371.55859375,0
2024-12-06 01:00:00+00:00,39062.921875,39193.96875,39048.05859375,39159.98046875,0
2024-12-06 02:00:00+00:00,39042.58984375,39071.51171875,39006.1015625,39060.48046875,0
2024-12-06 03:00:00+00:00,39011.30078125,39098.21875,39005.9296875,39031.21875,0
2024-12-06 04:00:00+00:00,39016.51953125,39039.83984375,38940.44140625,39011.6484375,0
2024-12-06 05:00:00+00:00,39051.6796875,39081.44140625,39003.25,39017.51171875,0
2024-12-06 06:00:00+00:00,39064.9609375,39109.21875,39043.640625,39048.671875,0
2024-12-09 00:00:00+00:00,39112.87890625,39332.55078125,38972.78125,39332.55078125,0
2024-12-09 01:00:00+00:00,39214.28125,39316.890625,39113.78125,39113.78125,0
2024-12-09 02:00:00+00:00,39197.5703125,39253.98828125,39180.9609375,39210.98046875,0
2024-12-09 03:00:00+00:00,39161.12109375,39241.16015625,39150.75,39193.109375,0
2024-12-09 04:00:00+00:00,39091.109375,39177.140625,39075.01171875,39161.12890625,0
2024-12-09 05:00:00+00:00,39105.7890625,39136.51953125,39061.80078125,39092.328125,0
2024-12-09 06:00:00+00:00,39138.9296875,39153.44921875,39104.05078125,39105.87890625,0
2024-12-10 00:00:00+00:00,39305.73828125,39465.140625,39228.69140625,39375.48828125,0
2024-12-10 01:00:00+00:00,39222.58984375,39371.1484375,39171.69140625,39302.91015625,0
2024-12-10 02:00:00+00:00,39197.421875,39234.5,39192.21875,39222.75,0
2024-12-10 03:00:00+00:00,39278.6796875,39304.0390625,39208.78125,39228.69140625,0
2024-12-10 04:00:00+00:00,39358.7109375,39371.0,39254.7890625,39277.3515625,0
2024-12-10 05:00:00+00:00,39303.05078125,39400.5,39288.6484375,39358.6796875,0
2024-12-10 06:00:00+00:00,39329.5703125,39358.55078125,39291.140625,39302.16015625,0
2024-12-11 00:00:00+00:00,39278.69921875,39391.390625,39263.80859375,39357.76953125,0
2024-12-11 01:00:00+00:00,39217.3984375,39343.33984375,39209.7109375,39278.01953125,0
2024-12-11 02:00:00+00:00,39112.80078125,39218.671875,39112.80078125,39218.671875,0
2024-12-11 03:00:00+00:00,39264.25,39296.87109375,39174.6484375,39176.1796875,0
2024-12-11 04:00:00+00:00,39280.25,39280.80078125,39224.12890625,39264.76171875,0
2024-12-11 05:00:00+00:00,39368.98046875,39369.921875,39258.78125,39281.05859375,0
2024-12-11 06:00:00+00:00,39387.9296875,39401.9296875,39334.71875,39368.48046875,0
2024-12-12 00:00:00+00:00,40031.828125,40085.328125,39827.58984375,39849.96875,0
2024-12-12 01:00:00+00:00,39940.37109375,40091.55078125,39927.26171875,40028.46875,0
2024-12-12 02:00:00+00:00,39881.1015625,39958.0390625,39850.83984375,39938.9609375,0
2024-12-12 03:00:00+00:00,39911.6796875,39963.33984375,39874.03125,39920.12109375,0
2024-12-12 04:00:00+00:00,39892.53125,39943.609375,39881.58984375,39912.12109375,0
2024-12-12 05:00:00+00:00,39980.19921875,39990.08984375,39866.8984375,39891.609375,0
2024-12-12 06:00:00+00:00,39908.140625,40024.51171875,39896.6484375,39980.921875,0
2024-12-13 00:00:00+00:00,39508.37890625,39734.98828125,39484.44140625,39624.05078125,0
2024-12-13 01:00:00+00:00,39363.69921875,39557.05078125,39345.78125,39509.2890625,0
2024-12-13 02:00:00+00:00,39360.4296875,39379.96875,39247.41015625,39363.140625,0
2024-12-13 03:00:00+00:00,39374.55859375,39460.98046875,39372.78125,39409.44921875,0
2024-12-13 04:00:00+00:00,39446.8203125,39458.37890625,39373.3984375,39377.859375,0
2024-12-13 05:00:00+00:00,39422.44921875,39497.33984375,39408.8984375,39447.80078125,0
2024-12-13 06:00:00+00:00,39491.76171875,39504.7109375,39416.30859375,39423.109375,0
2024-12-16 00:00:00+00:00,39572.51171875,39632.171875,39479.609375,39551.21875,0
2024-12-16 01:00:00+00:00,39533.2890625,39626.9296875,39452.62109375,39571.0,0
2024-12-16 02:00:00+00:00,39533.55078125,39566.3515625,39519.890625,39532.71875,0
2024-12-16 03:00:00+00:00,39407.3984375,39515.71875,39371.421875,39514.890625,0
2024-12-16 04:00:00+00:00,39442.8515625,39481.30078125,39390.25,39407.140625,0
2024-12-16 05:00:00+00:00,39424.76171875,39460.71875,39385.76171875,39443.87890625,0
2024-12-16 06:00:00+00:00,39427.3984375,39466.41015625,39413.53125,39424.71875,0
2024-12-17 00:00:00+00:00,39645.03125,39796.21875,39565.8203125,39589.6484375,0
2024-12-17 01:00:00+00:00,39589.2109375,39644.08984375,39548.76953125,39643.19140625,0
2024-12-17 02:00:00+00:00,39520.05859375,39594.671875,39487.7890625,39594.671875,0
2024-12-17 03:00:00+00:00,39513.5,39553.78125,39487.94921875,39533.078125,0
2024-12-17 04:00:00+00:00,39392.671875,39547.109375,39390.5703125,39512.28125,0
2024-12-17 05:00:00+00:00,39431.71875,39493.73046875,39386.37109375,39392.921875,0
2024-12-17 06:00:00+00:00,39411.87109375,39441.30859375,39368.51171875,39432.9296875,0
2024-12-18 00:00:00+00:00,39177.140625,39277.6015625,39139.4296875,39176.87890625,0
2024-12-18 01:00:00+00:00,39301.19921875,39382.69140625,39123.3203125,39177.44140625,0
2024-12-18 02:00:00+00:00,39281.05859375,39334.640625,39274.23828125,39301.80078125,0
2024-12-18 03:00:00+00:00,39181.16015625,39226.26953125,39115.578125,39208.12109375,0
2024-12-18 04:00:00+00:00,39200.1796875,39229.44921875,39142.75,39183.94921875,0
2024-12-18 05:00:00+00:00,39210.98828125,39218.921875,39144.83984375,39200.1484375,0
2024-12-18 06:00:00+00:00,39144.46875,39249.26171875,39144.46875,39210.1796875,0
2024-12-19 00:00:00+00:00,38724.33984375,38741.19140625,38355.51953125,38522.26953125,0
2024-12-19 01:00:00+00:00,38648.87890625,38830.73828125,38624.48828125,38723.87890625,0
2024-12-19 02:00:00+00:00,38708.37890625,38708.5703125,38598.51953125,38646.98046875,0
2024-12-19 03:00:00+00:00,38737.55078125,38878.3203125,38706.80859375,38829.1484375,0
2024-12-19 04:00:00+00:00,38848.41015625,38851.46875,38732.33984375,38738.9296875,0
2024-12-19 05:00:00+00:00,38785.44140625,38913.0703125,38785.44140625,38844.8515625,0
2024-12-19 06:00:00+00:00,38756.0703125,38872.69921875,38755.578125,38786.0703125,0
2024-12-20 00:00:00+00:00,38807.48046875,39002.87890625,38796.01953125,38950.28125,0
2024-12-20 01:00:00+00:00,38970.16015625,39039.6796875,38802.37109375,38807.62109375,0
2024-12-20 02:00:00+00:00,38889.94921875,38970.55078125,38866.609375,38968.55859375,0
2024-12-20 03:00:00+00:00,38806.8203125,38940.12109375,38772.28125,38933.91015625,0
2024-12-20 04:00:00+00:00,38857.73046875,38875.08984375,38758.8984375,38812.41015625,0
2024-12-20 05:00:00+00:00,38787.890625,38863.55078125,38733.25,38857.01171875,0
2024-12-20 06:00:00+00:00,38737.078125,38796.51171875,38708.37890625,38789.16015625,0
2024-12-23 00:00:00+00:00,39000.0,39088.03125,38847.12890625,39040.71875,0
2024-12-23 01:00:00+00:00,39065.890625,39102.05078125,38956.390625,38999.12890625,0
2024-12-23 02:00:00+00:00,39043.58984375,39075.0703125,39004.12109375,39066.78125,0
2024-12-23 03:00:00+00:00,39019.53125,39085.3515625,39013.62109375,39085.3515625,0
2024-12-23 04:00:00+00:00,39138.421875,39148.73046875,39019.26953125,39019.26953125,0
2024-12-23 05:00:00+00:00,39156.94921875,39210.109375,39138.0703125,39138.0703125,0
2024-12-23 06:00:00+00:00,39201.48046875,39210.171875,39144.53125,39163.921875,0
2024-12-24 00:00:00+00:00,39163.109375,39245.75,39109.0,39210.23046875,0
2024-12-24 01:00:00+00:00,39027.75,39171.26171875,38995.76171875,39163.3515625,0
2024-12-24 02:00:00+00:00,39055.3515625,39059.26953125,39017.01171875,39027.671875,0
2024-12-24 03:00:00+00:00,39073.44140625,39101.19140625,39031.578125,39042.58984375,0
2024-12-24 04:00:00+00:00,39055.23046875,39074.671875,39016.640625,39074.26953125,0
2024-12-24 05:00:00+00:00,39072.73828125,39072.73828125,39019.44921875,39054.1796875,0
2024-12-24 06:00:00+00:00,39062.3984375,39084.69140625,39026.87890625,39072.6484375,0
2024-12-25 00:00:00+00:00,38954.66015625,39180.58984375,38927.16015625,39168.51953125,0
2024-12-25 01:00:00+00:00,38990.62890625,39054.25,38951.3515625,38954.41015625,0
2024-12-25 02:00:00+00:00,38990.55859375,39010.921875,38960.69140625,38989.44140625,0
2024-12-25 03:00:00+00:00,38987.12890625,39013.19140625,38965.75,38979.94921875,0
2024-12-25 04:00:00+00:00,39013.30078125,39048.5390625,38960.8203125,38987.69140625,0
2024-12-25 05:00:00+00:00,39026.30859375,39032.0390625,38980.26171875,39013.30078125,0
2024-12-25 06:00:00+00:00,39071.171875,39088.96875,38997.05078125,39021.76953125,0
2024-12-26 00:00:00+00:00,39301.3515625,39358.6015625,39110.921875,39129.30859375,0
2024-12-26 01:00:00+00:00,39283.51953125,39341.33984375,39254.7109375,39300.80859375,0
2024-12-26 02:00:00+00:00,39336.390625,39360.80078125,39269.1015625,39282.2109375,0
2024-12-26 03:00:00+00:00,39438.4609375,39438.4609375,39360.03125,39360.03125,0
2024-12-26 04:00:00+00:00,39515.53125,39536.921875,39439.03125,39441.21875,0
2024-12-26 05:00:00+00:00,39560.6796875,39581.80078125,39516.16015625,39516.94140625,0
2024-12-26 06:00:00+00:00,39524.23046875,39592.28125,39473.05859375,39564.1484375,0
2024-12-27 00:00:00+00:00,39863.73046875,39875.6015625,39669.390625,39672.1484375,0
2024-12-27 01:00:00+00:00,39982.91015625,40017.12890625,39838.078125,39864.41015625,0
2024-12-27 02:00:00+00:00,40074.55859375,40086.28125,39953.5,39976.859375,0
2024-12-27 03:00:00+00:00,40147.01953125,40175.83984375,40048.62109375,40107.1796875,0
2024-12-27 04:00:00+00:00,40199.16015625,40312.05078125,40150.08984375,40150.08984375,0
2024-12-27 05:00:00+00:00,40358.859375,40398.23046875,40191.26953125,40199.58984375,0
2024-12-27 06:00:00+00:00,40274.078125,40358.5,40227.828125,40358.5,0
2024-12-30 00:00:00+00:00,40066.46875,40325.78125,40041.6484375,40325.78125,0
2024-12-30 01:00:00+00:00,40053.08984375,40065.46875,39935.0390625,40065.359375,0
2024-12-30 02:00:00+00:00,39979.6796875,40052.640625,39979.6796875,40052.640625,0
2024-12-30 03:00:00+00:00,39900.6796875,39966.890625,39899.69140625,39959.828125,0
2024-12-30 04:00:00+00:00,39877.30859375,39971.859375,39864.4609375,39899.23828125,0
2024-12-30 05:00:00+00:00,39951.94921875,39974.44921875,39864.87109375,39877.48828125,0
2024-12-30 06:00:00+00:00,39902.2109375,39955.41015625,39884.80078125,39951.41015625,0
2025-01-06 00:00:00+00:00,39593.0,39993.5,39561.69921875,39945.421875,0
2025-01-06 01:00:00+00:00,39422.71875,39647.171875,39410.109375,39589.9609375,0
2025-01-06 02:00:00+00:00,39394.26953125,39452.08984375,39359.83984375,39413.01953125,0
2025-01-06 03:00:00+00:00,39270.55859375,39393.2890625,39264.05859375,39360.5,0
2025-01-06 04:00:00+00:00,39258.12109375,39314.3984375,39232.78125,39266.48828125,0
2025-01-06 05:00:00+00:00,39340.71875,39382.23046875,39239.21875,39256.12890625,0
2025-01-06 06:00:00+00:00,39304.62890625,39353.75,39251.73046875,39342.30859375,0
2025-01-07 00:00:00+00:00,39976.171875,40007.62890625,39584.359375,39584.359375,0
2025-01-07 01:00:00+00:00,40223.69140625,40255.62890625,39916.03125,39970.8984375,0
2025-01-07 02:00:00+00:00,40264.5,40288.80078125,40204.390625,40222.01953125,0
2025-01-07 03:00:00+00:00,40214.9296875,40220.16015625,40086.2890625,40168.421875,0
2025-01-07 04:00:00+00:00,40205.8984375,40284.37109375,40198.08984375,40219.55078125,0
2025-01-07 05:00:00+00:00,40146.01171875,40236.55859375,40049.640625,40205.48828125,0
2025-01-07 06:00:00+00:00,40105.30078125,40154.53125,40052.109375,40140.4296875,0
2025-01-08 00:00:00+00:00,39816.66015625,39891.6796875,39705.80859375,39879.359375,0
2025-01-08 01:00:00+00:00,39835.4609375,39861.2109375,39718.6484375,39817.5,0
2025-01-08 02:00:00+00:00,39942.94921875,39955.5703125,39834.12109375,39836.76171875,0
2025-01-08 03:00:00+00:00,40072.83984375,40073.58984375,39961.578125,39993.71875,0
2025-01-08 04:00:00+00:00,40016.69921875,40105.71875,39978.9609375,40081.44921875,0
2025-01-08 05:00:00+00:00,40038.41015625,40040.98828125,39955.19921875,40015.37890625,0
2025-01-08 06:00:00+00:00,40029.08984375,40046.3515625,39986.51171875,40037.28125,0
2025-01-09 00:00:00+00:00,39790.171875,39930.0703125,39716.8203125,39888.91015625,0
2025-01-09 01:00:00+00:00,39650.1796875,39791.1015625,39607.05859375,39791.1015625,0
2025-01-09 02:00:00+00:00,39678.9296875,39705.44140625,39615.30078125,39649.921875,0
2025-01-09 03:00:00+00:00,39451.62109375,39610.98046875,39433.671875,39606.859375,0
2025-01-09 04:00:00+00:00,39480.23046875,39489.30078125,39385.05078125,39451.859375,0
2025-01-09 05:00:00+00:00,39561.44921875,39565.6796875,39435.03125,39481.0390625,0
2025-01-09 06:00:00+00:00,39606.69921875,39664.80859375,39554.37890625,39571.98828125,0
2025-01-10 00:00:00+00:00,39249.87890625,39591.4609375,39240.6796875,39550.25,0
2025-01-10 01:00:00+00:00,39367.55859375,39399.69921875,39166.05078125,39248.48046875,0
2025-01-10 02:00:00+00:00,39411.76171875,39426.08984375,39325.5703125,39367.9609375,0
2025-01-10 03:00:00+00:00,39195.44921875,39311.62890625,39191.58984375,39309.91015625,0
2025-01-10 04:00:00+00:00,39243.73828125,39275.578125,39173.0,39195.03125,0
2025-01-10 05:00:00+00:00,39260.5390625,39331.51953125,39198.58984375,39244.1484375,0
2025-01-10 06:00:00+00:00,39249.98828125,39275.578125,39232.51953125,39266.359375,0
2025-01-14 00:00:00+00:00,38732.96875,39054.3515625,38722.890625,39010.9609375,0
2025-01-14 01:00:00+00:00,38401.578125,38745.78125,38401.578125,38732.08984375,0
2025-01-14 02:00:00+00:00,38469.578125,38497.62109375,38332.91015625,38399.98828125,0
2025-01-14 03:00:00+00:00,38344.1015625,38548.01171875,38344.1015625,38516.94921875,0
2025-01-14 04:00:00+00:00,38398.0,38423.01171875,38305.91015625,38342.109375,0
2025-01-14 05:00:00+00:00,38400.08984375,38461.16015625,38354.0703125,38397.98046875,0
2025-01-14 06:00:00+00:00,38433.671875,38501.078125,38395.8203125,38401.109375,0
2025-01-15 00:00:00+00:00,38536.3984375,38774.98828125,38481.109375,38721.609375,0
2025-01-15 01:00:00+00:00,38534.26171875,38562.921875,38404.7890625,38538.98046875,0
2025-01-15 02:00:00+00:00,38628.609375,38650.9296875,38523.828125,38535.98828125,0
2025-01-15 03:00:00+00:00,38481.58984375,38577.73828125,38468.58984375,38576.66015625,0
2025-01-15 04:00:00+00:00,38482.2890625,38523.5390625,38459.44140625,38483.640625,0
2025-01-15 05:00:00+00:00,38369.37890625,38484.05859375,38316.01171875,38482.0390625,0
2025-01-15 06:00:00+00:00,38412.12109375,38423.48828125,38333.1015625,38368.390625,0
2025-01-16 00:00:00+00:00,38759.76171875,38932.5390625,38633.37890625,38732.6484375,0
2025-01-16 01:00:00+00:00,38586.390625,38759.19921875,38571.8203125,38759.19921875,0
2025-01-16 02:00:00+00:00,38551.9609375,38608.6796875,38485.96875,38586.671875,0
2025-01-16 03:00:00+00:00,38576.4296875,38651.4609375,38570.30859375,38620.12109375,0
2025-01-16 04:00:00+00:00,38527.37109375,38575.05078125,38512.7109375,38575.05078125,0
2025-01-16 05:00:00+00:00,38476.69921875,38551.0390625,38426.19921875,38528.1015625,0
2025-01-16 06:00:00+00:00,38635.25,38718.08984375,38481.41015625,38481.96875,0
2025-01-17 00:00:00+00:00,38207.28125,38503.94140625,38080.26171875,38454.1015625,0
2025-01-17 01:00:00+00:00,38068.23046875,38285.7890625,38055.6796875,38208.53125,0
2025-01-17 02:00:00+00:00,38193.05078125,38245.2890625,38072.08984375,38072.08984375,0
2025-01-17 03:00:00+00:00,38316.7109375,38319.51953125,38168.171875,38173.12890625,0
2025-01-17 04:00:00+00:00,38364.03125,38364.03125,38284.66015625,38317.44140625,0
2025-01-17 05:00:00+00:00,38406.66015625,38439.75,38321.46875,38363.3203125,0
2025-01-17 06:00:00+00:00,38464.578125,38478.48046875,38391.37109375,38408.109375,0
2025-01-20 00:00:00+00:00,38900.171875,38966.96875,38671.76953125,38671.76953125,0
2025-01-20 01:00:00+00:00,39010.83984375,39032.9296875,38880.44921875,38899.390625,0
2025-01-20 02:00:00+00:00,38948.46875,39014.08984375,38902.328125,39009.58984375,0
2025-01-20 03:00:00+00:00,38913.73828125,38939.51171875,38824.6015625,38938.8515625,0
2025-01-20 04:00:00+00:00,38907.609375,38941.33984375,38893.1796875,38913.19921875,0
2025-01-20 05:00:00+00:00,38946.25,38946.9296875,38880.12890625,38908.109375,0
2025-01-20 06:00:00+00:00,38888.8515625,38948.30859375,38855.0390625,38948.30859375,0
2025-01-21 00:00:00+00:00,38713.26171875,39238.2109375,38713.26171875,39163.53125,0
2025-01-21 01:00:00+00:00,38921.8203125,38972.98828125,38643.83984375,38706.078125,0
2025-01-21 02:00:00+00:00,38951.76953125,38991.55078125,38917.87890625,38917.87890625,0
2025-01-21 03:00:00+00:00,38985.01953125,39048.9296875,38939.0703125,38977.69921875,0
2025-01-21 04:00:00+00:00,38917.26953125,38991.78125,38907.55078125,38983.76953125,0
2025-01-21 05:00:00+00:00,38951.6796875,38960.0390625,38917.69140625,38917.69140625,0
2025-01-21 06:00:00+00:00,38993.3203125,39030.171875,38951.98046875,38951.98046875,0
2025-01-22 00:00:00+00:00,39565.96875,39583.5703125,39332.62890625,39355.21875,0
2025-01-22 01:00:00+00:00,39638.9296875,39643.98046875,39517.171875,39562.76953125,0
2025-01-22 02:00:00+00:00,39604.7109375,39647.828125,39580.328125,39639.28125,0
2025-01-22 03:00:00+00:00,39610.5703125,39648.73828125,39584.37109375,39604.28125,0
2025-01-22 04:00:00+00:00,39642.578125,39652.609375,39509.58984375,39609.76171875,0
2025-01-22 05:00:00+00:00,39645.8984375,39694.5703125,39612.05859375,39641.87109375,0
2025-01-22 06:00:00+00:00,39605.0703125,39674.25,39580.0,39644.9296875,0
2025-01-23 00:00:00+00:00,39765.5390625,39897.48828125,39677.21875,39810.05859375,0
2025-01-23 01:00:00+00:00,39833.390625,39898.6484375,39732.28125,39767.9609375,0
2025-01-23 02:00:00+00:00,39830.109375,39845.8515625,39742.4609375,39835.4609375,0
2025-01-23 03:00:00+00:00,39917.359375,39925.0390625,39846.1484375,39850.3984375,0
2025-01-23 04:00:00+00:00,39971.16015625,39998.12890625,39912.33984375,39918.62109375,0
2025-01-23 05:00:00+00:00,39996.69140625,40032.01953125,39953.8515625,39970.8203125,0
2025-01-23 06:00:00+00:00,39957.51171875,40036.0703125,39956.75,39997.5390625,0
2025-01-24 00:00:00+00:00,40171.08984375,40189.28125,39987.2109375,40060.48828125,0
2025-01-24 01:00:00+00:00,40112.30078125,40192.66015625,39988.12109375,40172.80078125,0
2025-01-24 02:00:00+00:00,40192.8515625,40254.640625,40109.76171875,40112.640625,0
2025-01-24 03:00:00+00:00,40118.73828125,40279.7890625,40014.0390625,40189.421875,0
2025-01-24 04:00:00+00:00,39993.05078125,40121.87890625,39806.69140625,40118.8203125,0
2025-01-24 05:00:00+00:00,39987.3515625,40028.71875,39943.19921875,39991.25,0
2025-01-24 06:00:00+00:00,39930.7890625,40014.21875,39929.03125,39984.91015625,0
2025-01-27 00:00:00+00:00,39925.7890625,40255.6796875,39851.359375,40127.73828125,0
2025-01-27 01:00:00+00:00,39738.51953125,39993.859375,39680.01171875,39926.078125,0
2025-01-27 02:00:00+00:00,39699.76171875,39759.890625,39679.921875,39739.171875,0
2025-01-27 03:00:00+00:00,39803.76171875,39838.44140625,39764.26171875,39789.390625,0
2025-01-27 04:00:00+00:00,39756.4296875,39849.078125,39756.4296875,39803.44140625,0
2025-01-27 05:00:00+00:00,39561.2890625,39780.05078125,39520.7890625,39755.8984375,0
2025-01-27 06:00:00+00:00,39566.96875,39626.8203125,39557.21875,39563.55078125,0
2025-01-28 00:00:00+00:00,39042.03125,39448.55078125,38886.05078125,39400.01953125,0
2025-01-28 01:00:00+00:00,39152.83984375,39341.3203125,39041.19921875,39041.19921875,0
2025-01-28 02:00:00+00:00,39340.1484375,39368.91015625,39120.37109375,39132.53125,0
2025-01-28 03:00:00+00:00,39162.46875,39327.2109375,39133.1484375,39327.2109375,0
2025-01-28 04:00:00+00:00,39074.98046875,39178.98828125,39045.30078125,39162.671875,0
2025-01-28 05:00:00+00:00,39030.7109375,39102.1796875,38897.87890625,39074.53125,0
2025-01-28 06:00:00+00:00,39060.28125,39085.73828125,39006.16015625,39032.26171875,0
2025-01-29 00:00:00+00:00,39219.2109375,39448.23828125,39190.078125,39273.80078125,0
2025-01-29 01:00:00+00:00,39204.55078125,39240.66015625,39139.05859375,39218.55859375,0
2025-01-29 02:00:00+00:00,39232.75,39279.55859375,39204.609375,39207.03125,0
2025-01-29 03:00:00+00:00,39345.0390625,39347.0703125,39129.140625,39185.91015625,0
2025-01-29 04:00:00+00:00,39353.3515625,39381.28125,39305.58984375,39345.8203125,0
2025-01-29 05:00:00+00:00,39263.0,39356.23828125,39243.640625,39353.28125,0
2025-01-29 06:00:00+00:00,39439.0,39439.0,39261.83984375,39261.83984375,0
2025-01-30 00:00:00+00:00,39331.80078125,39449.55859375,39221.359375,39302.8515625,0
2025-01-30 01:00:00+00:00,39450.41015625,39480.1015625,39290.78125,39336.01171875,0
2025-01-30 02:00:00+00:00,39498.5703125,39517.12109375,39448.48828125,39448.48828125,0
2025-01-30 03:00:00+00:00,39559.71875,39600.9296875,39506.62890625,39506.62890625,0
2025-01-30 04:00:00+00:00,39478.87890625,39571.30859375,39478.87890625,39554.01171875,0
2025-01-30 05:00:00+00:00,39459.80078125,39493.328125,39395.859375,39475.640625,0
2025-01-30 06:00:00+00:00,39498.91015625,39504.80078125,39455.8984375,39459.19921875,0
2025-01-31 00:00:00+00:00,39584.7109375,39648.33984375,39519.3984375,39574.37890625,0
2025-01-31 01:00:00+00:00,39545.5,39585.109375,39458.94921875,39584.16015625,0
2025-01-31 02:00:00+00:00,39540.37109375,39578.05859375,39530.4609375,39544.1796875,0
2025-01-31 03:00:00+00:00,39629.94921875,39658.94921875,39552.2890625,39585.7890625,0
2025-01-31 04:00:00+00:00,39570.87109375,39660.08984375,39570.87109375,39627.62890625,0
2025-01-31 05:00:00+00:00,39626.16015625,39643.51171875,39543.171875,39571.4609375,0
2025-01-31 06:00:00+00:00,39669.7109375,39681.8203125,39625.78125,39625.78125,0
2025-02-03 00:00:00+00:00,38711.140625,38948.609375,38454.37890625,38932.66015625,0
2025-02-03 01:00:00+00:00,38644.890625,38859.01953125,38634.328125,38717.01953125,0
2025-02-03 02:00:00+00:00,38612.9609375,38644.37890625,38565.359375,38644.37890625,0
2025-02-03 03:00:00+00:00,38522.359375,38598.26171875,38506.23046875,38535.578125,0
2025-02-03 04:00:00+00:00,38473.66015625,38575.76953125,38412.05078125,38522.30859375,0
2025-02-03 05:00:00+00:00,38542.4296875,38543.359375,38401.8203125,38473.98828125,0
2025-02-03 06:00:00+00:00,38461.2890625,38552.6015625,38451.859375,38546.421875,0
2025-02-04 00:00:00+00:00,39133.7109375,39192.51171875,39039.51953125,39078.66015625,0
2025-02-04 01:00:00+00:00,39155.921875,39167.1484375,39066.671875,39134.73828125,0
2025-02-04 02:00:00+00:00,39140.41015625,39183.6796875,39111.890625,39158.62890625,0
2025-02-04 03:00:00+00:00,38947.78125,39052.98046875,38926.94140625,39052.98046875,0
2025-02-04 04:00:00+00:00,38969.21875,39029.12890625,38946.03125,38947.55078125,0
2025-02-04 05:00:00+00:00,38802.28125,38966.0703125,38590.9609375,38966.0703125,0
2025-02-04 06:00:00+00:00,38764.23828125,38829.76171875,38751.6015625,38801.55859375,0
2025-02-05 00:00:00+00:00,38908.1796875,39118.94921875,38899.671875,38979.2109375,0
2025-02-05 01:00:00+00:00,38818.4296875,38919.28125,38806.609375,38906.48828125,0
2025-02-05 02:00:00+00:00,38727.19140625,38822.08984375,38682.1796875,38820.671875,0
2025-02-05 03:00:00+00:00,38755.51171875,38803.25,38725.328125,38749.9609375,0
2025-02-05 04:00:00+00:00,38853.44921875,38856.51953125,38717.44140625,38756.6796875,0
2025-02-05 05:00:00+00:00,38816.9609375,38909.0390625,38806.87109375,38857.62890625,0
2025-02-05 06:00:00+00:00,38806.46875,38830.55078125,38761.5,38816.51953125,0
2025-02-06 00:00:00+00:00,39049.859375,39190.12890625,38933.609375,38977.578125,0
2025-02-06 01:00:00+00:00,38952.16015625,39067.328125,38882.05859375,39048.87890625,0
2025-02-06 02:00:00+00:00,38888.0390625,38955.76953125,38851.51171875,38950.76171875,0
2025-02-06 03:00:00+00:00,39011.640625,39027.66015625,38886.03125,38918.37109375,0
2025-02-06 04:00:00+00:00,39028.9609375,39036.890625,38967.37890625,39011.390625,0
2025-02-06 05:00:00+00:00,39046.328125,39074.828125,39001.37890625,39027.23046875,0
2025-02-06 06:00:00+00:00,39094.671875,39100.28125,39030.28125,39046.55859375,0
2025-02-07 00:00:00+00:00,38901.12109375,38954.94921875,38753.19921875,38907.76171875,0
2025-02-07 01:00:00+00:00,38895.359375,39007.94140625,38884.2109375,38900.80078125,0
2025-02-07 02:00:00+00:00,38893.6484375,38912.46875,38844.2109375,38895.71875,0
2025-02-07 03:00:00+00:00,38834.87109375,38884.640625,38829.21875,38884.640625,0
2025-02-07 04:00:00+00:00,38839.05078125,38871.5390625,38813.109375,38836.33984375,0
2025-02-07 05:00:00+00:00,38875.41015625,38906.078125,38834.87109375,38840.12109375,0
2025-02-07 06:00:00+00:00,38841.98828125,38878.1015625,38816.05859375,38874.53125,0
2025-02-10 00:00:00+00:00,38785.76953125,38798.171875,38606.3203125,38736.37109375,0
2025-02-10 01:00:00+00:00,38761.2109375,38853.7890625,38744.859375,38786.578125,0
2025-02-10 02:00:00+00:00,38746.9609375,38762.76171875,38717.37109375,38760.94140625,0
2025-02-10 03:00:00+00:00,38794.98828125,38810.30078125,38736.7109375,38755.16015625,0
2025-02-10 04:00:00+00:00,38834.73046875,38858.78125,38781.671875,38794.109375,0
2025-02-10 05:00:00+00:00,38859.76953125,38895.73828125,38833.51953125,38833.51953125,0
2025-02-10 06:00:00+00:00,38818.71875,38887.890625,38817.05859375,38859.41015625,0
2025-02-12 00:00:00+00:00,38860.6015625,39102.6484375,38845.171875,39049.12109375,0
2025-02-12 01:00:00+00:00,38956.890625,38967.71875,38821.3203125,38862.19921875,0
2025-02-12 02:00:00+00:00,38863.8203125,38957.0703125,38858.2890625,38957.0703125,0
2025-02-12 03:00:00+00:00,38884.26953125,38901.03125,38794.23828125,38839.19140625,0
2025-02-12 04:00:00+00:00,38890.1484375,38898.44921875,38846.671875,38884.62109375,0
2025-02-12 05:00:00+00:00,38939.55859375,38943.26953125,38876.44921875,38890.03125,0
2025-02-12 06:00:00+00:00,38972.109375,38990.9609375,38940.9609375,38940.9609375,0
2025-02-13 00:00:00+00:00,39407.859375,39435.890625,39112.171875,39225.5,0
2025-02-13 01:00:00+00:00,39423.23046875,39450.48828125,39353.359375,39416.48046875,0
2025-02-13 02:00:00+00:00,39474.80078125,39486.66015625,39377.4296875,39423.6796875,0
2025-02-13 03:00:00+00:00,39459.828125,39519.9609375,39453.109375,39492.859375,0
2025-02-13 04:00:00+00:00,39533.890625,39581.46875,39459.6484375,39459.6484375,0
2025-02-13 05:00:00+00:00,39536.1484375,39555.76171875,39496.48046875,39534.71875,0
2025-02-13 06:00:00+00:00,39485.69921875,39539.44140625,39463.37890625,39535.30078125,0
2025-02-14 00:00:00+00:00,39300.46875,39543.9296875,39284.48828125,39419.25,0
2025-02-14 01:00:00+00:00,39261.3515625,39302.51171875,39209.6796875,39302.390625,0
2025-02-14 02:00:00+00:00,39287.30078125,39293.0703125,39234.28125,39260.7890625,0
2025-02-14 03:00:00+00:00,39274.28125,39326.26953125,39269.21875,39307.37109375,0
2025-02-14 04:00:00+00:00,39200.4296875,39276.26953125,39172.359375,39274.26953125,0
2025-02-14 05:00:00+00:00,39148.16015625,39211.69140625,39133.94140625,39201.12890625,0
2025-02-14 06:00:00+00:00,39148.7890625,39169.1484375,39135.0390625,39148.26953125,0
2025-02-17 00:00:00+00:00,39106.1796875,39238.75,39021.23046875,39094.08984375,0
2025-02-17 01:00:00+00:00,39185.69921875,39188.7890625,39025.9609375,39105.98046875,0
2025-02-17 02:00:00+00:00,39164.87109375,39211.8203125,39160.640625,39187.37890625,0
2025-02-17 03:00:00+00:00,39209.859375,39216.5,39101.0,39179.76953125,0
2025-02-17 04:00:00+00:00,39214.3203125,39232.3984375,39197.9296875,39209.0,0
2025-02-17 05:00:00+00:00,39159.12890625,39224.8203125,39159.12890625,39212.44921875,0
2025-02-17 06:00:00+00:00,39152.0390625,39171.4296875,39136.25,39159.21875,0
2025-02-18 00:00:00+00:00,39331.26171875,39340.51953125,39151.7109375,39187.98828125,0
2025-02-18 01:00:00+00:00,39339.37890625,39388.83984375,39296.8984375,39332.48046875,0
2025-02-18 02:00:00+00:00,39296.109375,39357.33984375,39274.83984375,39340.55859375,0
2025-02-18 03:00:00+00:00,39481.640625,39481.640625,39298.8203125,39365.28125,0
2025-02-18 04:00:00+00:00,39420.76171875,39508.55078125,39411.69140625,39488.78125,0
2025-02-18 05:00:00+00:00,39332.71875,39447.4296875,39329.9296875,39421.0390625,0
2025-02-18 06:00:00+00:00,39313.8203125,39336.55078125,39300.171875,39332.46875,0
2025-02-19 00:00:00+00:00,39279.828125,39290.76171875,39138.390625,39230.62109375,0
2025-02-19 01:00:00+00:00,39187.87109375,39298.05078125,38994.69921875,39282.828125,0
2025-02-19 02:00:00+00:00,39108.87890625,39187.171875,39094.7109375,39186.859375,0
2025-02-19 03:00:00+00:00,39105.9609375,39117.37890625,39068.4609375,39099.0390625,0
2025-02-19 04:00:00+00:00,39112.6484375,39149.109375,39063.44921875,39107.80078125,0
2025-02-19 05:00:00+00:00,39155.12109375,39170.0390625,39086.26171875,39110.01171875,0
2025-02-19 06:00:00+00:00,39164.01953125,39184.1015625,39134.94140625,39154.6484375,0
2025-02-20 00:00:00+00:00,38795.46875,38967.01171875,38777.05078125,38942.91015625,0
2025-02-20 01:00:00+00:00,38676.46875,38806.16015625,38640.7109375,38799.96875,0
2025-02-20 02:00:00+00:00,38579.7109375,38676.23828125,38559.73828125,38676.23828125,0
2025-02-20 03:00:00+00:00,38510.30078125,38582.05859375,38504.01953125,38582.05859375,0
2025-02-20 04:00:00+00:00,38634.62890625,38640.3203125,38468.71875,38508.828125,0
2025-02-20 05:00:00+00:00,38658.23046875,38671.23046875,38574.12890625,38634.44140625,0
2025-02-20 06:00:00+00:00,38661.390625,38664.94140625,38580.890625,38659.3515625,0
2025-02-21 00:00:00+00:00,38567.1484375,38660.48828125,38497.5703125,38523.0703125,0
2025-02-21 01:00:00+00:00,38705.8984375,38808.80859375,38456.53125,38572.859375,0
2025-02-21 02:00:00+00:00,38719.33984375,38738.73046875,38634.69140625,38696.6015625,0
2025-02-21 03:00:00+00:00,38657.5,38748.66015625,38620.25,38741.08984375,0
2025-02-21 04:00:00+00:00,38713.76953125,38721.8984375,38613.671875,38653.7890625,0
2025-02-21 05:00:00+00:00,38748.890625,38769.1015625,38707.62890625,38713.98046875,0
2025-02-21 06:00:00+00:00,38800.1484375,38807.55859375,38740.66015625,38749.48828125,0
2025-02-25 00:00:00+00:00,38394.37890625,38407.26171875,38131.7890625,38359.671875,0
2025-02-25 01:00:00+00:00,38392.9296875,38480.390625,38335.83984375,38417.94140625,0
2025-02-25 02:00:00+00:00,38345.98828125,38485.94921875,38327.80078125,38393.66015625,0
2025-02-25 03:00:00+00:00,38351.69140625,38384.48046875,38302.1796875,38364.37109375,0
2025-02-25 04:00:00+00:00,38240.9609375,38386.109375,38237.421875,38352.6796875,0
2025-02-25 05:00:00+00:00,38315.48046875,38325.76171875,38233.28125,38240.48046875,0
2025-02-25 06:00:00+00:00,38283.75,38325.05078125,38255.98046875,38316.33984375,0
2025-02-26 00:00:00+00:00,37817.19921875,38175.23828125,37811.26171875,38143.6796875,0
2025-02-26 01:00:00+00:00,37799.51171875,37894.19921875,37742.76171875,37817.5390625,0
2025-02-26 02:00:00+00:00,37814.0390625,37823.53125,37753.8515625,37801.48828125,0
2025-02-26 03:00:00+00:00,37824.109375,37943.25,37818.62890625,37911.640625,0
2025-02-26 04:00:00+00:00,37869.76953125,37894.94921875,37801.25,37824.73828125,0
2025-02-26 05:00:00+00:00,38035.328125,38083.859375,37870.33984375,37870.33984375,0
2025-02-26 06:00:00+00:00,38135.71875,38138.19921875,38035.62890625,38035.62890625,0
2025-02-27 00:00:00+00:00,38303.390625,38344.1015625,38110.1796875,38251.109375,0
2025-02-27 01:00:00+00:00,38151.19140625,38369.9609375,38151.19140625,38302.51171875,0
2025-02-27 02:00:00+00:00,38198.9609375,38208.1796875,38081.80078125,38150.140625,0
2025-02-27 03:00:00+00:00,38122.19921875,38258.359375,38122.19921875,38174.46875,0
2025-02-27 04:00:00+00:00,38121.2109375,38129.83984375,38061.94140625,38122.8984375,0
2025-02-27 05:00:00+00:00,38231.98828125,38246.5703125,38107.859375,38120.62109375,0
2025-02-27 06:00:00+00:00,38283.48828125,38295.3984375,38219.05078125,38234.23828125,0
2025-02-28 00:00:00+00:00,37264.48046875,37925.28125,37239.03125,37853.48046875,0
2025-02-28 01:00:00+00:00,37136.19921875,37293.8984375,37084.44140625,37257.98828125,0
2025-02-28 02:00:00+00:00,37182.08984375,37196.421875,37074.69921875,37137.69140625,0
2025-02-28 03:00:00+00:00,37012.87109375,37051.578125,36840.12109375,37051.578125,0
2025-02-28 04:00:00+00:00,37064.30859375,37189.5390625,36936.1015625,37013.890625,0
2025-02-28 05:00:00+00:00,37116.62890625,37171.48046875,37050.828125,37062.80859375,0
2025-02-28 06:00:00+00:00,37156.328125,37207.6796875,37093.69140625,37116.6015625,0
2025-03-03 00:00:00+00:00,37450.33984375,37720.359375,37372.26171875,37617.5,0
2025-03-03 01:00:00+00:00,37534.58984375,37638.83984375,37420.2109375,37453.12890625,0
2025-03-03 02:00:00+00:00,37580.01953125,37588.28125,37490.23046875,37533.76171875,0
2025-03-03 03:00:00+00:00,37665.46875,37688.8515625,37603.96875,37611.9296875,0
2025-03-03 04:00:00+00:00,37779.46875,37779.46875,37660.87890625,37662.37890625,0
2025-03-03 05:00:00+00:00,37824.69140625,37827.62109375,37755.5,37778.58984375,0
2025-03-03 06:00:00+00:00,37785.75,37822.96875,37734.109375,37822.96875,0
2025-03-04 00:00:00+00:00,37268.0390625,37587.48828125,37225.37890625,37532.01171875,0
2025-03-04 01:00:00+00:00,36919.26171875,37285.2890625,36816.16015625,37271.55078125,0
2025-03-04 02:00:00+00:00,37096.51171875,37120.03125,36911.75,36918.48828125,0
2025-03-04 03:00:00+00:00,37136.30859375,37188.01953125,37082.890625,37149.62890625,0
2025-03-04 04:00:00+00:00,37064.05078125,37157.390625,37004.9609375,37140.12109375,0
2025-03-04 05:00:00+00:00,37315.7109375,37325.0,37005.921875,37063.98828125,0
2025-03-04 06:00:00+00:00,37337.0703125,37337.0703125,37236.3203125,37319.671875,0
2025-03-05 00:00:00+00:00,37313.69140625,37536.23046875,37178.71875,37345.73828125,0
2025-03-05 01:00:00+00:00,37416.44921875,37438.421875,37233.7109375,37318.55078125,0
2025-03-05 02:00:00+00:00,37356.44140625,37429.5703125,37310.1484375,37417.05078125,0
2025-03-05 03:00:00+00:00,37578.078125,37598.51171875,37419.3203125,37443.0390625,0
2025-03-05 04:00:00+00:00,37479.55078125,37606.33984375,37441.51953125,37574.87890625,0
2025-03-05 05:00:00+00:00,37494.640625,37508.33984375,37358.78125,37478.91015625,0
2025-03-05 06:00:00+00:00,37403.25,37504.69140625,37391.62109375,37495.140625,0
2025-03-06 00:00:00+00:00,37618.73828125,37874.37890625,37618.73828125,37654.94921875,0
2025-03-06 01:00:00+00:00,37765.01953125,37775.76953125,37580.87890625,37623.62109375,0
2025-03-06 02:00:00+00:00,37726.01953125,37818.53125,37726.01953125,37762.921875,0
2025-03-06 03:00:00+00:00,37763.37109375,37777.3203125,37665.62890625,37718.8515625,0
2025-03-06 04:00:00+00:00,37776.03125,37805.96875,37714.69921875,37763.5703125,0
2025-03-06 05:00:00+00:00,37696.16015625,37814.73046875,37689.671875,37776.69921875,0
2025-03-06 06:00:00+00:00,37740.98046875,37740.98046875,37671.01953125,37695.1015625,0
2025-03-07 00:00:00+00:00,36871.140625,37221.6484375,36857.12890625,37198.30078125,0
2025-03-07 01:00:00+00:00,37087.8984375,37133.671875,36858.80859375,36873.80078125,0
2025-03-07 02:00:00+00:00,37008.4296875,37110.4609375,36995.26953125,37089.76953125,0
2025-03-07 03:00:00+00:00,36920.578125,36952.91015625,36873.48828125,36937.53125,0
2025-03-07 04:00:00+00:00,36903.37109375,36966.55859375,36847.8984375,36925.23046875,0
2025-03-07 05:00:00+00:00,36868.109375,36971.6796875,36827.48046875,36904.8515625,0
2025-03-07 06:00:00+00:00,36856.390625,36922.0,36813.62109375,36869.87109375,0
2025-03-10 00:00:00+00:00,36897.078125,37013.33984375,36705.01953125,36972.58984375,0
2025-03-10 01:00:00+00:00,37052.8203125,37052.8203125,36868.12890625,36898.3984375,0
2025-03-10 02:00:00+00:00,37095.8515625,37113.48046875,37030.78125,37053.5390625,0
2025-03-10 03:00:00+00:00,37049.25,37101.0390625,37013.19140625,37063.140625,0
2025-03-10 04:00:00+00:00,36952.41015625,37063.2890625,36934.26953125,37044.0390625,0
2025-03-10 05:00:00+00:00,37002.12109375,37066.76171875,36952.12890625,36952.12890625,0
2025-03-10 06:00:00+00:00,37079.78125,37085.640625,37002.44140625,37002.44140625,0
2025-03-11 00:00:00+00:00,36131.94140625,36602.37109375,36042.3515625,36584.37109375,0
2025-03-11 01:00:00+00:00,36201.37890625,36234.171875,35987.12890625,36132.48828125,0
2025-03-11 02:00:00+00:00,36382.5703125,36469.21875,36155.4609375,36202.23828125,0
2025-03-11 03:00:00+00:00,36400.51953125,36497.23046875,36391.87109375,36429.51953125,0
2025-03-11 04:00:00+00:00,36562.51953125,36588.9296875,36357.171875,36402.33984375,0
2025-03-11 05:00:00+00:00,36686.41015625,36687.91015625,36509.12109375,36561.890625,0
2025-03-11 06:00:00+00:00,36779.3984375,36779.76171875,36676.91015625,36687.5,0
2025-03-12 00:00:00+00:00,36899.87109375,36956.328125,36658.859375,36763.1015625,0
2025-03-12 01:00:00+00:00,36886.2109375,36918.5,36785.26171875,36900.0703125,0
2025-03-12 02:00:00+00:00,36898.828125,36898.828125,36809.37109375,36886.37109375,0
2025-03-12 03:00:00+00:00,36760.8203125,36855.9296875,36759.46875,36830.46875,0
2025-03-12 04:00:00+00:00,36875.8984375,36887.53125,36754.9609375,36766.1796875,0
2025-03-12 05:00:00+00:00,36905.9296875,36931.859375,36871.2890625,36875.51171875,0
2025-03-12 06:00:00+00:00,36811.37890625,36907.69921875,36792.0,36907.0,0
2025-03-13 00:00:00+00:00,37206.390625,37326.26953125,37072.05078125,37081.640625,0
2025-03-13 01:00:00+00:00,37147.58984375,37249.30859375,37066.80859375,37205.55859375,0
2025-03-13 02:00:00+00:00,37173.8203125,37217.44921875,37131.3203125,37147.390625,0
2025-03-13 03:00:00+00:00,36976.6015625,37126.53125,36967.7109375,37116.37890625,0
2025-03-13 04:00:00+00:00,36931.2890625,37048.80078125,36882.671875,36976.25,0
2025-03-13 05:00:00+00:00,36916.80078125,36952.51171875,36811.80859375,36932.0703125,0
2025-03-13 06:00:00+00:00,36778.66015625,36945.73046875,36776.94140625,36916.19921875,0
2025-03-14 00:00:00+00:00,36953.21875,36964.46875,36594.0390625,36606.78125,0
2025-03-14 01:00:00+00:00,36840.41015625,36958.7109375,36814.01953125,36955.53125,0
2025-03-14 02:00:00+00:00,36919.12109375,36940.66015625,36830.69140625,36840.44921875,0
2025-03-14 03:00:00+00:00,37112.140625,37124.5,37000.28125,37000.28125,0
2025-03-14 04:00:00+00:00,37106.08984375,37154.390625,37051.8984375,37106.2890625,0
2025-03-14 05:00:00+00:00,37138.3203125,37154.328125,37097.51171875,37105.1796875,0
2025-03-14 06:00:00+00:00,37104.8515625,37141.91015625,37087.19921875,37138.69921875,0
2025-03-17 00:00:00+00:00,37528.4296875,37544.390625,37377.55078125,37453.828125,0
2025-03-17 01:00:00+00:00,37491.58984375,37561.2109375,37465.55859375,37526.69140625,0
2025-03-17 02:00:00+00:00,37475.23828125,37495.609375,37426.828125,37491.78125,0
2025-03-17 03:00:00+00:00,37529.640625,37556.0,37457.23046875,37499.8984375,0
2025-03-17 04:00:00+00:00,37540.578125,37563.26953125,37504.19921875,37530.01171875,0
2025-03-17 05:00:00+00:00,37499.78125,37540.6484375,37473.87890625,37540.6484375,0
2025-03-17 06:00:00+00:00,37439.51171875,37528.421875,37432.078125,37499.171875,0
2025-03-18 00:00:00+00:00,37921.03125,37969.921875,37822.87109375,37868.5703125,0
2025-03-18 01:00:00+00:00,37939.12109375,38004.19921875,37918.76953125,37920.98828125,0
2025-03-18 02:00:00+00:00,37943.23046875,37960.421875,37923.7109375,37937.98828125,0
2025-03-18 03:00:00+00:00,37945.7890625,37963.58984375,37906.3203125,37939.7109375,0
2025-03-18 04:00:00+00:00,37919.98828125,37995.171875,37894.640625,37944.12890625,0
2025-03-18 05:00:00+00:00,37879.1796875,37938.25,37854.5390625,37920.03125,0
2025-03-18 06:00:00+00:00,37855.41015625,37886.078125,37850.8984375,37879.26953125,0
2025-03-19 00:00:00+00:00,38081.171875,38097.94921875,37826.12109375,37839.390625,0
2025-03-19 01:00:00+00:00,38049.109375,38086.80078125,38020.48828125,38080.94921875,0
2025-03-19 02:00:00+00:00,38107.26953125,38128.578125,38041.94140625,38048.08984375,0
2025-03-19 03:00:00+00:00,38011.76171875,38083.5,37976.4296875,38074.08984375,0
2025-03-19 04:00:00+00:00,37879.2109375,38011.8984375,37863.30078125,38011.8984375,0
2025-03-19 05:00:00+00:00,37852.41015625,37881.62109375,37819.23046875,37879.46875,0
2025-03-19 06:00:00+00:00,37816.109375,37862.19921875,37814.28125,37852.26171875,0
2025-03-21 00:00:00+00:00,37902.28125,37927.6796875,37619.37109375,37619.37109375,0
2025-03-21 01:00:00+00:00,37962.6796875,37968.01953125,37859.109375,37901.01953125,0
2025-03-21 02:00:00+00:00,37890.421875,37964.83984375,37868.7109375,37962.87109375,0
2025-03-21 03:00:00+00:00,37866.87109375,37907.7890625,37852.76953125,37866.0390625,0
2025-03-21 04:00:00+00:00,37817.98828125,37938.51171875,37816.12109375,37865.62890625,0
2025-03-21 05:00:00+00:00,37748.37890625,37826.76953125,37729.828125,37816.98046875,0
2025-03-21 06:00:00+00:00,37708.9609375,37754.578125,37708.9609375,37749.98828125,0
2025-03-24 00:00:00+00:00,37776.578125,37841.6796875,37650.9609375,37841.6796875,0
2025-03-24 01:00:00+00:00,37685.9609375,37778.078125,37675.44140625,37778.078125,0
2025-03-24 02:00:00+00:00,37676.96875,37707.3515625,37652.55859375,37687.328125,0
2025-03-24 03:00:00+00:00,37664.1796875,37703.96875,37633.0,37703.96875,0
2025-03-24 04:00:00+00:00,37656.3515625,37682.78125,37643.609375,37664.66015625,0
2025-03-24 05:00:00+00:00,37686.5390625,37696.48046875,37650.05078125,37656.359375,0
2025-03-24 06:00:00+00:00,37667.23046875,37684.71875,37661.3203125,37684.71875,0
2025-03-25 00:00:00+00:00,38078.05078125,38115.6484375,37941.140625,37953.1484375,0
2025-03-25 01:00:00+00:00,37896.4609375,38079.921875,37879.0703125,38076.23828125,0
2025-03-25 02:00:00+00:00,37881.69921875,37930.3515625,37853.48046875,37894.21875,0
2025-03-25 03:00:00+00:00,37792.25,37863.55859375,37772.12109375,37863.55859375,0
2025-03-25 04:00:00+00:00,37766.078125,37807.4609375,37686.26171875,37792.5703125,0
2025-03-25 05:00:00+00:00,37811.19921875,37836.01171875,37755.421875,37767.19140625,0
2025-03-25 06:00:00+00:00,37828.19921875,37841.109375,37807.859375,37809.94921875,0
2025-03-26 00:00:00+00:00,38054.51953125,38151.390625,37970.4609375,38106.66015625,0
2025-03-26 01:00:00+00:00,37943.9609375,38052.21875,37873.28125,38052.21875,0
2025-03-26 02:00:00+00:00,37890.1484375,37943.83984375,37877.21875,37943.83984375,0
2025-03-26 03:00:00+00:00,38022.80078125,38022.80078125,37917.69140625,37954.19921875,0
2025-03-26 04:00:00+00:00,38098.828125,38114.98828125,38006.2890625,38021.8515625,0
2025-03-26 05:00:00+00:00,38042.83984375,38220.69140625,38034.87109375,38099.4296875,0
2025-03-26 06:00:00+00:00,38049.01171875,38102.87890625,38039.7109375,38043.69140625,0
2025-03-27 00:00:00+00:00,37679.7890625,37859.05859375,37556.75,37750.66015625,0
2025-03-27 01:00:00+00:00,37567.2109375,37707.05859375,37558.69140625,37681.58984375,0
2025-03-27 02:00:00+00:00,37674.03125,37678.21875,37566.26171875,37567.26953125,0
2025-03-27 03:00:00+00:00,37625.3515625,37672.98828125,37584.73828125,37642.80078125,0
2025-03-27 04:00:00+00:00,37716.23828125,37729.19921875,37624.21875,37624.37890625,0
2025-03-27 05:00:00+00:00,37671.9296875,37716.25,37639.25,37716.25,0
2025-03-27 06:00:00+00:00,37782.359375,37792.33984375,37624.6015625,37674.53125,0
2025-03-28 00:00:00+00:00,37104.2109375,37359.94921875,37101.21875,37357.51953125,0
2025-03-28 01:00:00+00:00,36969.48046875,37107.171875,36965.51953125,37101.828125,0
2025-03-28 02:00:00+00:00,37011.66015625,37018.03125,36961.80078125,36970.171875,0
2025-03-28 03:00:00+00:00,36966.98828125,37035.19140625,36919.171875,37005.140625,0
2025-03-28 04:00:00+00:00,36922.1015625,36964.71875,36864.9296875,36964.71875,0
2025-03-28 05:00:00+00:00,36952.3515625,36964.4296875,36866.3203125,36924.421875,0
2025-03-28 06:00:00+00:00,37061.19921875,37083.3515625,36941.62109375,36951.69140625,0
2025-03-31 00:00:00+00:00,35748.578125,36440.1796875,35574.609375,36440.1796875,0
2025-03-31 01:00:00+00:00,35770.3984375,35922.94921875,35733.91015625,35748.640625,0
2025-03-31 02:00:00+00:00,35691.51953125,35769.8515625,35688.19140625,35769.8515625,0
2025-03-31 03:00:00+00:00,35624.19140625,35693.8515625,35584.23046875,35674.48828125,0
2025-03-31 04:00:00+00:00,35636.640625,35734.73046875,35541.71875,35624.41015625,0
2025-03-31 05:00:00+00:00,35696.37109375,35709.26171875,35629.44921875,35638.30859375,0
2025-03-31 06:00:00+00:00,35666.421875,35719.30078125,35641.3203125,35695.4609375,0
2025-04-01 00:00:00+00:00,35815.55859375,36052.5390625,35734.19921875,35961.19140625,0
2025-04-01 01:00:00+00:00,35855.3203125,35902.828125,35718.73828125,35815.0703125,0
2025-04-01 02:00:00+00:00,35825.58984375,35869.328125,35805.62109375,35856.62109375,0
2025-04-01 03:00:00+00:00,35677.359375,35822.0703125,35672.1796875,35816.01171875,0
2025-04-01 04:00:00+00:00,35709.03125,35736.91015625,35537.859375,35677.48828125,0
2025-04-01 05:00:00+00:00,35586.12109375,35758.94921875,35585.62109375,35706.23046875,0
2025-04-01 06:00:00+00:00,35600.87890625,35644.08984375,35564.359375,35585.2109375,0
2025-04-02 00:00:00+00:00,35469.01953125,35751.01953125,35426.328125,35751.01953125,0
2025-04-02 01:00:00+00:00,35596.8203125,35659.05078125,35456.859375,35468.9609375,0
2025-04-02 02:00:00+00:00,35639.80859375,35650.73828125,35583.91015625,35597.4296875,0
2025-04-02 03:00:00+00:00,35654.41015625,35679.421875,35572.5703125,35645.3515625,0
2025-04-02 04:00:00+00:00,35743.609375,35746.828125,35630.8515625,35654.75,0
2025-04-02 05:00:00+00:00,35624.30859375,35778.8984375,35619.05859375,35742.48046875,0
2025-04-02 06:00:00+00:00,35718.609375,35727.19921875,35612.19921875,35624.6796875,0
2025-04-03 00:00:00+00:00,34511.671875,35044.73046875,34102.0,35041.671875,0
2025-04-03 01:00:00+00:00,34725.5703125,34792.0,34510.94921875,34510.94921875,0
2025-04-03 02:00:00+00:00,34673.69140625,34844.26171875,34660.76171875,34728.3203125,0
2025-04-03 03:00:00+00:00,34524.1015625,34695.9296875,34384.828125,34655.30078125,0
2025-04-03 04:00:00+00:00,34604.71875,34681.80859375,34528.08984375,34536.01953125,0
2025-04-03 05:00:00+00:00,34528.19140625,34678.37890625,34479.96875,34604.44921875,0
2025-04-03 06:00:00+00:00,34733.33984375,34760.3984375,34528.3984375,34528.3984375,0
2025-04-04 00:00:00+00:00,33970.30859375,34320.109375,33811.30078125,34304.66015625,0
2025-04-04 01:00:00+00:00,33779.7890625,34102.171875,33770.2890625,33975.62109375,0
2025-04-04 02:00:00+00:00,33818.1796875,33946.26171875,33774.6015625,33778.171875,0
2025-04-04 03:00:00+00:00,33539.359375,33763.62109375,33449.609375,33760.359375,0
2025-04-04 04:00:00+00:00,33327.6015625,33580.8984375,33259.76171875,33540.890625,0
2025-04-04 05:00:00+00:00,33829.8984375,33838.5703125,33283.76953125,33327.28125,0
2025-04-04 06:00:00+00:00,33808.4609375,33962.390625,33749.25,33836.33984375,0
2025-04-07 00:00:00+00:00,31440.7109375,33158.87109375,30792.740234375,33154.96875,0
2025-04-07 01:00:00+00:00,31861.5703125,31904.41015625,31382.419921875,31465.650390625,0
2025-04-07 02:00:00+00:00,31591.83984375,31957.26953125,31573.900390625,31854.119140625,0
2025-04-07 03:00:00+00:00,31694.609375,31733.859375,31255.3203125,31515.259765625,0
2025-04-07 04:00:00+00:00,31396.189453125,31797.349609375,31304.51953125,31696.0390625,0
2025-04-07 05:00:00+00:00,31455.9296875,31821.240234375,31396.060546875,31397.650390625,0
2025-04-07 06:00:00+00:00,31195.48046875,31621.08984375,31103.619140625,31474.7890625,0
2025-04-08 00:00:00+00:00,32849.9609375,33103.5390625,31703.689453125,31729.109375,0
2025-04-08 01:00:00+00:00,33173.25,33257.16015625,32739.4296875,32855.0390625,0
2025-04-08 02:00:00+00:00,33030.66015625,33188.44140625,33030.66015625,33176.76171875,0
2025-04-08 03:00:00+00:00,32723.5703125,32927.73046875,32655.58984375,32881.28125,0
2025-04-08 04:00:00+00:00,32878.01171875,32878.01171875,32615.619140625,32718.19921875,0
2025-04-08 05:00:00+00:00,32969.01171875,33042.23828125,32688.080078125,32877.359375,0
2025-04-08 06:00:00+00:00,32894.37890625,32963.78125,32863.51953125,32963.78125,0
2025-04-09 00:00:00+00:00,32022.400390625,32565.83984375,31708.2109375,32529.23046875,0
2025-04-09 01:00:00+00:00,32149.310546875,32149.310546875,31792.060546875,32039.109375,0
2025-04-09 02:00:00+00:00,32147.0390625,32237.41015625,32078.310546875,32147.98046875,0
2025-04-09 03:00:00+00:00,31799.359375,32006.939453125,31750.490234375,31896.7109375,0
2025-04-09 04:00:00+00:00,31653.640625,31971.9609375,31258.1796875,31801.779296875,0
2025-04-09 05:00:00+00:00,31738.849609375,31741.44921875,31471.900390625,31535.05078125,0
2025-04-09 06:00:00+00:00,31810.919921875,32022.880859375,31741.599609375,31741.599609375,0
2025-04-10 00:00:00+00:00,34410.76171875,34568.4609375,32320.66015625,32321.2109375,0
2025-04-10 01:00:00+00:00,34335.7890625,34498.578125,34121.078125,34416.05859375,0
2025-04-10 02:00:00+00:00,34353.171875,34415.4609375,34293.2890625,34338.0390625,0
2025-04-10 03:00:00+00:00,34396.91015625,34408.19140625,34221.80859375,34236.21875,0
2025-04-10 04:00:00+00:00,34410.05078125,34465.53125,34289.80078125,34396.23828125,0
2025-04-10 05:00:00+00:00,34444.6015625,34465.96875,34288.6796875,34410.171875,0
2025-04-10 06:00:00+00:00,34581.7890625,34639.390625,34444.48828125,34445.8203125,0
2025-04-11 00:00:00+00:00,32872.4296875,33953.2890625,32626.580078125,33951.25,0
2025-04-11 01:00:00+00:00,33088.8984375,33105.671875,32745.08984375,32873.4609375,0
2025-04-11 02:00:00+00:00,33148.44921875,33148.44921875,32911.9296875,33088.55859375,0
2025-04-11 03:00:00+00:00,33177.21875,33395.328125,33144.578125,33275.87109375,0
2025-04-11 04:00:00+00:00,33162.3203125,33342.83984375,33107.98046875,33177.80859375,0
2025-04-11 05:00:00+00:00,33456.078125,33480.55078125,33061.2890625,33160.171875,0
2025-04-11 06:00:00+00:00,33600.80078125,33673.8515625,33454.30078125,33454.30078125,0
2025-04-14 00:00:00+00:00,34045.23046875,34325.58984375,33959.48046875,34006.37109375,0
2025-04-14 01:00:00+00:00,34019.96875,34122.109375,33887.69921875,34043.30078125,0
2025-04-14 02:00:00+00:00,34115.51953125,34131.21875,34007.53125,34018.6796875,0
2025-04-14 03:00:00+00:00,34125.76953125,34165.96875,34066.859375,34145.19140625,0
2025-04-14 04:00:00+00:00,34248.76171875,34258.01953125,34124.1796875,34124.1796875,0
2025-04-14 05:00:00+00:00,34127.37890625,34254.5703125,34127.37890625,34246.4609375,0
2025-04-14 06:00:00+00:00,34012.87890625,34129.37890625,34012.87890625,34127.44921875,0
2025-04-15 00:00:00+00:00,34386.640625,34459.0,34275.46875,34349.01171875,0
2025-04-15 01:00:00+00:00,34338.66015625,34426.3984375,34316.44140625,34388.23828125,0
2025-04-15 02:00:00+00:00,34285.01953125,34348.6484375,34271.62890625,34339.53125,0
2025-04-15 03:00:00+00:00,34349.73046875,34379.87109375,34301.48046875,34301.48046875,0
2025-04-15 04:00:00+00:00,34331.7890625,34400.9609375,34312.8515625,34350.1015625,0
2025-04-15 05:00:00+00:00,34315.94921875,34350.16015625,34296.28125,34331.8984375,0
2025-04-15 06:00:00+00:00,34283.91015625,34315.8984375,34266.30859375,34315.8984375,0
2025-04-16 00:00:00+00:00,34087.19921875,34329.26953125,34064.62109375,34249.8203125,0
2025-04-16 01:00:00+00:00,34108.3984375,34187.921875,34081.0390625,34085.859375,0
2025-04-16 02:00:00+00:00,34016.30859375,34138.76171875,34006.640625,34108.80859375,0
2025-04-16 03:00:00+00:00,33986.3203125,34063.28125,33978.30078125,34033.16015625,0
2025-04-16 04:00:00+00:00,33935.6015625,33992.03125,33917.76953125,33985.44140625,0
2025-04-16 05:00:00+00:00,33726.7890625,33938.44140625,33658.46875,33938.44140625,0
2025-04-16 06:00:00+00:00,33907.421875,33945.140625,33727.73828125,33727.73828125,0
2025-04-17 00:00:00+00:00,34065.73828125,34264.23828125,33931.53125,33987.01171875,0
2025-04-17 01:00:00+00:00,34170.73046875,34185.30078125,34060.01171875,34065.3984375,0
2025-04-17 02:00:00+00:00,34212.2890625,34222.44140625,34163.328125,34169.62109375,0
2025-04-17 03:00:00+00:00,34221.28125,34268.12890625,34142.16015625,34243.98828125,0
2025-04-17 04:00:00+00:00,34236.71875,34277.28125,34197.53125,34219.62109375,0
2025-04-17 05:00:00+00:00,34312.05859375,34356.5,34189.109375,34237.140625,0
2025-04-17 06:00:00+00:00,34366.69140625,34379.12890625,34273.6484375,34312.48828125,0
2025-04-18 00:00:00+00:00,34521.30078125,34532.640625,34224.5703125,34353.87890625,0
2025-04-18 01:00:00+00:00,34569.26953125,34651.91015625,34505.0,34520.05859375,0
2025-04-18 02:00:00+00:00,34583.2890625,34623.0703125,34562.94921875,34568.66015625,0
2025-04-18 03:00:00+00:00,34619.62890625,34649.80078125,34599.359375,34614.5390625,0
2025-04-18 04:00:00+00:00,34642.05859375,34662.19921875,34597.94921875,34620.421875,0
2025-04-18 05:00:00+00:00,34723.80078125,34758.96875,34640.05078125,34641.5703125,0
2025-04-18 06:00:00+00:00,34734.8515625,34739.23046875,34663.3515625,34724.171875,0
2025-04-21 00:00:00+00:00,34361.140625,34610.6015625,34351.12109375,34556.23046875,0
2025-04-21 01:00:00+00:00,34394.421875,34433.9609375,34297.76171875,34363.0390625,0
2025-04-21 02:00:00+00:00,34300.3515625,34420.0,34298.640625,34390.51953125,0
2025-04-21 03:00:00+00:00,34288.609375,34304.2890625,34216.98046875,34240.0390625,0
2025-04-21 04:00:00+00:00,34292.41015625,34338.76953125,34261.58984375,34287.5390625,0
2025-04-21 05:00:00+00:00,34327.9609375,34340.87890625,34250.9609375,34290.8203125,0
2025-04-21 06:00:00+00:00,34315.55078125,34379.12109375,34310.80859375,34327.30078125,0
2025-04-22 00:00:00+00:00,34167.73828125,34340.5703125,34109.8515625,34111.140625,0
2025-04-22 01:00:00+00:00,34258.3515625,34296.21875,34144.98046875,34167.859375,0
2025-04-22 02:00:00+00:00,34255.7109375,34283.0390625,34238.0390625,34259.76953125,0
2025-04-22 03:00:00+00:00,34162.66015625,34176.2890625,34122.44140625,34144.4609375,0
2025-04-22 04:00:00+00:00,34252.71875,34260.16015625,34158.25,34162.5390625,0
2025-04-22 05:00:00+00:00,34203.6484375,34266.078125,34184.8515625,34253.6015625,0
2025-04-22 06:00:00+00:00,34224.328125,34245.44140625,34160.328125,34203.69140625,0
2025-04-23 00:00:00+00:00,34871.140625,35142.12109375,34734.26953125,34787.9296875,0
2025-04-23 01:00:00+00:00,34748.55078125,34884.33984375,34682.28125,34869.98046875,0
2025-04-23 02:00:00+00:00,34808.80078125,34822.55078125,34728.28125,34751.51953125,0
2025-04-23 03:00:00+00:00,34932.1015625,34949.4296875,34828.359375,34860.859375,0
2025-04-23 04:00:00+00:00,34876.44921875,34972.2890625,34855.05859375,34933.75,0
2025-04-23 05:00:00+00:00,34876.69140625,34902.8984375,34778.48046875,34876.87890625,0
2025-04-23 06:00:00+00:00,34891.44921875,34898.921875,34793.46875,34876.58984375,0
2025-04-24 00:00:00+00:00,35151.7109375,35287.94921875,35109.359375,35194.7109375,0
2025-04-24 01:00:00+00:00,35176.6796875,35239.6015625,35138.578125,35150.1015625,0
2025-04-24 02:00:00+00:00,35244.41015625,35248.109375,35170.94921875,35175.0703125,0
2025-04-24 03:00:00+00:00,35130.19921875,35198.30859375,35122.078125,35152.01171875,0
2025-04-24 04:00:00+00:00,35040.078125,35131.19921875,35020.80859375,35129.48828125,0
2025-04-24 05:00:00+00:00,34984.98046875,35067.2890625,34960.6484375,35039.8984375,0
2025-04-24 06:00:00+00:00,35019.46875,35055.2890625,34986.37109375,34986.37109375,0
2025-04-25 00:00:00+00:00,35587.12890625,35654.23828125,35337.98046875,35387.671875,0
2025-04-25 01:00:00+00:00,35514.3203125,35606.41015625,35408.9609375,35592.26953125,0
2025-04-25 02:00:00+00:00,35527.390625,35556.1796875,35488.76953125,35518.6484375,0
2025-04-25 03:00:00+00:00,35735.9609375,35747.171875,35629.51953125,35629.51953125,0
2025-04-25 04:00:00+00:00,35653.62109375,35835.28125,35647.140625,35734.6796875,0
2025-04-25 05:00:00+00:00,35643.4609375,35727.51171875,35629.609375,35653.6796875,0
2025-04-25 06:00:00+00:00,35648.33984375,35711.7890625,35611.19140625,35644.28125,0
2025-04-28 00:00:00+00:00,35903.0703125,36075.26171875,35871.94140625,35962.80078125,0
2025-04-28 01:00:00+00:00,35963.16015625,36015.19921875,35876.30078125,35903.3203125,0
2025-04-28 02:00:00+00:00,35887.890625,35977.1796875,35867.76953125,35965.03125,0
2025-04-28 03:00:00+00:00,35840.0,35876.73046875,35805.91015625,35823.0,0
2025-04-28 04:00:00+00:00,35836.69140625,35884.8203125,35825.73046875,35843.0390625,0
2025-04-28 05:00:00+00:00,35818.7109375,35872.87109375,35773.48828125,35835.48046875,0
2025-04-28 06:00:00+00:00,35848.55859375,35882.46875,35815.6484375,35817.9296875,0
2025-04-30 00:00:00+00:00,35869.671875,36023.23828125,35793.328125,35946.87890625,0
2025-04-30 01:00:00+00:00,35843.69140625,35932.890625,35827.6484375,35870.51171875,0
2025-04-30 02:00:00+00:00,35902.51171875,35914.62890625,35842.44140625,35844.98828125,0
2025-04-30 03:00:00+00:00,35893.05859375,35907.78125,35826.328125,35866.5703125,0
2025-04-30 04:00:00+00:00,35929.78125,35935.30859375,35877.51171875,35891.21875,0
2025-04-30 05:00:00+00:00,35992.46875,36004.578125,35922.80859375,35929.19140625,0
2025-04-30 06:00:00+00:00,36036.390625,36056.51953125,35970.8515625,35992.328125,0
2025-05-01 00:00:00+00:00,36115.6796875,36341.62109375,36075.8515625,36197.0390625,0
2025-05-01 01:00:00+00:00,36176.55078125,36190.8984375,36040.05078125,36110.76171875,0
2025-05-01 02:00:00+00:00,36241.69921875,36247.671875,36163.05859375,36176.421875,0
2025-05-01 03:00:00+00:00,36330.828125,36368.8984375,36215.44140625,36263.1015625,0
2025-05-01 04:00:00+00:00,36403.51171875,36413.21875,36321.26953125,36329.1484375,0
2025-05-01 05:00:00+00:00,36415.76171875,36544.1484375,36391.69140625,36404.2109375,0
2025-05-01 06:00:00+00:00,36428.171875,36459.76953125,36404.21875,36417.48828125,0
2025-05-02 00:00:00+00:00,36937.98828125,36976.51171875,36606.578125,36636.55078125,0
2025-05-02 01:00:00+00:00,36688.66015625,36947.73828125,36684.390625,36937.109375,0
2025-05-02 02:00:00+00:00,36705.53125,36705.53125,36619.58984375,36688.4609375,0
2025-05-02 03:00:00+00:00,36758.828125,36771.921875,36631.46875,36690.0703125,0
2025-05-02 04:00:00+00:00,36899.828125,36903.01953125,36732.890625,36759.8984375,0
2025-05-02 05:00:00+00:00,36890.1015625,36917.2890625,36827.578125,36903.51953125,0
2025-05-02 06:00:00+00:00,36786.0390625,36889.4296875,36783.828125,36889.4296875,0
2025-05-07 00:00:00+00:00,36805.71875,36942.37890625,36746.98828125,36903.66015625,0
2025-05-07 01:00:00+00:00,36810.05859375,36830.41015625,36731.390625,36808.3984375,0
2025-05-07 02:00:00+00:00,36813.78125,36831.7890625,36763.87890625,36813.5390625,0
2025-05-07 03:00:00+00:00,36839.890625,36863.9609375,36783.44921875,36801.69140625,0
2025-05-07 04:00:00+00:00,36877.71875,36894.9296875,36823.1484375,36840.62890625,0
2025-05-07 05:00:00+00:00,36812.12109375,36902.41015625,36801.48828125,36877.44140625,0
2025-05-07 06:00:00+00:00,36835.0,36852.28125,36786.73046875,36811.73828125,0
2025-05-08 00:00:00+00:00,36776.44140625,36957.8984375,36606.7109375,36863.37890625,0
2025-05-08 01:00:00+00:00,36810.78125,36890.69140625,36703.609375,36774.828125,0
2025-05-08 02:00:00+00:00,36863.1484375,36875.078125,36811.6796875,36811.6796875,0
2025-05-08 03:00:00+00:00,36896.0,36973.0,36896.0,36943.3515625,0
2025-05-08 04:00:00+00:00,36946.30859375,36948.62109375,36873.75,36896.3203125,0
2025-05-08 05:00:00+00:00,36964.6015625,36977.3515625,36921.1484375,36945.78125,0
2025-05-08 06:00:00+00:00,36945.16015625,36963.83984375,36931.08984375,36963.83984375,0
2025-05-09 00:00:00+00:00,37280.19140625,37409.37890625,37219.03125,37332.5703125,0
2025-05-09 01:00:00+00:00,37429.37109375,37432.69140625,37262.078125,37280.98046875,0
2025-05-09 02:00:00+00:00,37478.578125,37481.51953125,37410.890625,37426.73046875,0
2025-05-09 03:00:00+00:00,37428.390625,37461.73046875,37393.03125,37420.390625,0
2025-05-09 04:00:00+00:00,37488.73828125,37505.46875,37387.921875,37423.19921875,0
2025-05-09 05:00:00+00:00,37535.30859375,37557.41015625,37465.0,37487.48828125,0
2025-05-09 06:00:00+00:00,37437.87890625,37555.01171875,37437.87890625,37534.359375,0
2025-05-12 00:00:00+00:00,37562.53125,37726.44140625,37559.41015625,37697.28125,0
2025-05-12 01:00:00+00:00,37590.0,37652.69921875,37547.921875,37554.37890625,0
2025-05-12 02:00:00+00:00,37519.80078125,37597.140625,37519.80078125,37588.8203125,0
2025-05-12 03:00:00+00:00,37441.9296875,37464.26171875,37417.390625,37457.25,0
2025-05-12 04:00:00+00:00,37588.16015625,37597.8203125,37422.5390625,37443.5390625,0
2025-05-12 05:00:00+00:00,37669.109375,37677.51171875,37575.30859375,37588.98828125,0
2025-05-12 06:00:00+00:00,37671.30859375,37671.30859375,37616.19921875,37669.12109375,0
2025-05-13 00:00:00+00:00,38311.41015625,38494.05859375,38124.19921875,38149.53125,0
2025-05-13 01:00:00+00:00,38254.109375,38370.55078125,38245.75,38311.62890625,0
2025-05-13 02:00:00+00:00,38296.859375,38300.328125,38222.25,38251.609375,0
2025-05-13 03:00:00+00:00,38252.671875,38297.8515625,38230.6015625,38277.30078125,0
2025-05-13 04:00:00+00:00,38328.1015625,38384.328125,38235.48046875,38253.9609375,0
2025-05-13 05:00:00+00:00,38298.8984375,38338.96875,38271.3984375,38327.83984375,0
2025-05-13 06:00:00+00:00,38210.55078125,38307.58984375,38204.98828125,38298.51171875,0
2025-05-14 00:00:00+00:00,38002.01171875,38325.87890625,37991.71875,38199.03125,0
2025-05-14 01:00:00+00:00,37978.26953125,38007.76171875,37865.21875,38003.03125,0
2025-05-14 02:00:00+00:00,37874.58984375,38003.3515625,37874.58984375,37980.23828125,0
2025-05-14 03:00:00+00:00,37901.12890625,37960.8984375,37851.80078125,37863.26171875,0
2025-05-14 04:00:00+00:00,38028.7890625,38035.0390625,37899.12109375,37902.25,0
2025-05-14 05:00:00+00:00,38126.98828125,38141.01953125,38017.87109375,38028.69140625,0
2025-05-14 06:00:00+00:00,38120.171875,38157.28125,38104.37109375,38125.6015625,0
2025-05-15 00:00:00+00:00,37721.140625,37876.83984375,37674.94140625,37832.359375,0
2025-05-15 01:00:00+00:00,37678.51171875,37805.5,37665.859375,37721.890625,0
2025-05-15 02:00:00+00:00,37705.73828125,37708.83984375,37649.58984375,37679.23046875,0
2025-05-15 03:00:00+00:00,37713.4296875,37726.30859375,37633.359375,37637.46875,0
2025-05-15 04:00:00+00:00,37785.671875,37785.76171875,37705.21875,37712.1484375,0
2025-05-15 05:00:00+00:00,37762.8984375,37820.62109375,37714.05859375,37785.6796875,0
2025-05-15 06:00:00+00:00,37789.25,37816.58984375,37744.98828125,37761.859375,0
2025-05-16 00:00:00+00:00,37528.859375,37748.578125,37513.890625,37748.578125,0
2025-05-16 01:00:00+00:00,37557.30859375,37622.94921875,37479.2109375,37529.109375,0
2025-05-16 02:00:00+00:00,37659.390625,37659.390625,37548.1796875,37557.62890625,0
2025-05-16 03:00:00+00:00,37653.26953125,37691.33984375,37608.87109375,37670.109375,0
2025-05-16 04:00:00+00:00,37759.4609375,37783.94921875,37644.3203125,37653.671875,0
2025-05-16 05:00:00+00:00,37730.73046875,37760.94921875,37706.16015625,37760.75,0
2025-05-16 06:00:00+00:00,37729.19140625,37786.4296875,37726.73828125,37730.76953125,0
2025-05-19 00:00:00+00:00,37602.3984375,37634.8515625,37500.109375,37572.359375,0
2025-05-19 01:00:00+00:00,37550.94921875,37656.23046875,37544.421875,37610.05859375,0
2025-05-19 02:00:00+00:00,37617.62890625,37629.51953125,37523.87890625,37551.359375,0
2025-05-19 03:00:00+00:00,37470.51953125,37561.33984375,37456.01171875,37561.33984375,0
2025-05-19 04:00:00+00:00,37489.69140625,37502.44140625,37445.9296875,37470.859375,0
2025-05-19 05:00:00+00:00,37483.859375,37509.96875,37454.44140625,37490.01953125,0
2025-05-19 06:00:00+00:00,37472.33984375,37515.55859375,37461.1484375,37480.37109375,0
2025-05-20 00:00:00+00:00,37832.37109375,37921.80859375,37718.46875,37723.6015625,0
2025-05-20 01:00:00+00:00,37702.94140625,37824.19921875,37658.87109375,37824.19921875,0
2025-05-20 02:00:00+00:00,37691.55859375,37732.19140625,37661.6484375,37702.46875,0
2025-05-20 03:00:00+00:00,37642.12109375,37672.359375,37605.30078125,37656.51171875,0
2025-05-20 04:00:00+00:00,37627.5703125,37642.76171875,37567.51171875,37641.4609375,0
2025-05-20 05:00:00+00:00,37485.53125,37686.078125,37475.5,37626.98828125,0
2025-05-20 06:00:00+00:00,37490.4609375,37531.3203125,37455.69921875,37485.55859375,0
2025-05-21 00:00:00+00:00,37478.171875,37659.94140625,37476.5390625,37590.1484375,0
2025-05-21 01:00:00+00:00,37448.66015625,37496.98046875,37415.75,37474.12109375,0
2025-05-21 02:00:00+00:00,37491.80078125,37497.87890625,37435.7890625,37448.4296875,0
2025-05-21 03:00:00+00:00,37453.3203125,37472.69140625,37409.76953125,37445.6015625,0
2025-05-21 04:00:00+00:00,37404.23046875,37462.19921875,37386.58984375,37453.21875,0
2025-05-21 05:00:00+00:00,37321.0390625,37429.0,37317.9609375,37404.44140625,0
2025-05-21 06:00:00+00:00,37315.5390625,37343.26953125,37306.44921875,37321.609375,0
2025-05-22 00:00:00+00:00,37070.62109375,37086.609375,36873.609375,36931.890625,0
2025-05-22 01:00:00+00:00,36972.390625,37100.44921875,36970.7890625,37072.01171875,0
2025-05-22 02:00:00+00:00,36967.12890625,37040.109375,36958.8203125,36970.91015625,0
2025-05-22 03:00:00+00:00,36933.9296875,36962.6796875,36902.4296875,36937.58984375,0
2025-05-22 04:00:00+00:00,36931.171875,36934.51953125,36855.828125,36934.51953125,0
2025-05-22 05:00:00+00:00,37022.73046875,37026.98046875,36884.01953125,36931.66015625,0
2025-05-22 06:00:00+00:00,36985.9296875,37022.8984375,36975.83984375,37022.8984375,0
2025-05-23 00:00:00+00:00,37273.640625,37298.30078125,37126.6015625,37161.73828125,0
2025-05-23 01:00:00+00:00,37240.390625,37373.91015625,37227.80859375,37272.12890625,0
2025-05-23 02:00:00+00:00,37280.83984375,37290.3203125,37241.44921875,37241.44921875,0
2025-05-23 03:00:00+00:00,37200.671875,37263.12109375,37195.55859375,37259.37890625,0
2025-05-23 04:00:00+00:00,37148.73046875,37211.30078125,37126.98046875,37200.921875,0
2025-05-23 05:00:00+00:00,37183.4296875,37221.578125,37145.3203125,37149.4609375,0
2025-05-23 06:00:00+00:00,37118.390625,37190.328125,37111.62890625,37182.80859375,0
2025-05-26 00:00:00+00:00,37411.96875,37425.83984375,37167.01171875,37209.26171875,0
2025-05-26 01:00:00+00:00,37410.96875,37493.96875,37365.640625,37413.6796875,0
2025-05-26 02:00:00+00:00,37329.21875,37411.19140625,37323.26953125,37410.66015625,0
2025-05-26 03:00:00+00:00,37436.9296875,37437.87109375,37327.21875,37342.890625,0
2025-05-26 04:00:00+00:00,37460.01953125,37489.26171875,37420.2109375,37437.4296875,0
2025-05-26 05:00:00+00:00,37485.71875,37527.12890625,37451.171875,37461.078125,0
2025-05-26 06:00:00+00:00,37516.69921875,37522.359375,37475.53125,37486.328125,0
2025-05-27 00:00:00+00:00,37547.609375,37553.94140625,37411.6796875,37523.37109375,0
2025-05-27 01:00:00+00:00,37435.48046875,37547.0703125,37425.19921875,37547.0703125,0
2025-05-27 02:00:00+00:00,37440.3203125,37478.62890625,37427.5703125,37433.1796875,0
2025-05-27 03:00:00+00:00,37455.41015625,37483.390625,37442.44921875,37453.4296875,0
2025-05-27 04:00:00+00:00,37485.75,37493.78125,37442.87890625,37456.078125,0
2025-05-27 05:00:00+00:00,37704.26953125,37763.0,37484.80078125,37486.1796875,0
2025-05-27 06:00:00+00:00,37764.078125,37769.05078125,37682.80078125,37703.58984375,0
2025-05-28 00:00:00+00:00,37986.609375,38178.73046875,37943.66015625,38094.7890625,0
2025-05-28 01:00:00+00:00,37946.9296875,38056.6015625,37900.12890625,37982.78125,0
2025-05-28 02:00:00+00:00,37918.859375,37950.51953125,37896.25,37946.7890625,0
2025-05-28 03:00:00+00:00,37842.19921875,37990.0,37830.69921875,37981.6015625,0
2025-05-28 04:00:00+00:00,37800.8984375,37872.3203125,37779.171875,37843.8984375,0
2025-05-28 05:00:00+00:00,37811.37890625,37860.25,37789.08984375,37801.0703125,0
2025-05-28 06:00:00+00:00,37743.8984375,37817.44140625,37709.7109375,37809.51953125,0
2025-05-29 00:00:00+00:00,38315.37109375,38315.37109375,38035.3203125,38046.96875,0
2025-05-29 01:00:00+00:00,38354.23828125,38367.26171875,38151.44921875,38315.19921875,0
2025-05-29 02:00:00+00:00,38355.69921875,38357.671875,38272.0390625,38352.37109375,0
2025-05-29 03:00:00+00:00,38338.1015625,38379.12890625,38322.390625,38371.41015625,0
2025-05-29 04:00:00+00:00,38345.46875,38360.01171875,38265.16015625,38340.69921875,0
2025-05-29 05:00:00+00:00,38434.3984375,38454.0703125,38330.76953125,38345.62890625,0
2025-05-29 06:00:00+00:00,38438.01171875,38448.23046875,38397.08984375,38434.828125,0
2025-05-30 00:00:00+00:00,37884.16015625,37951.48046875,37748.171875,37912.48828125,0
2025-05-30 01:00:00+00:00,37925.03125,37937.9609375,37780.578125,37884.5,0
2025-05-30 02:00:00+00:00,37890.859375,37941.0,37890.859375,37923.69921875,0
2025-05-30 03:00:00+00:00,37911.2890625,37911.2890625,37849.37109375,37851.19140625,0
2025-05-30 04:00:00+00:00,37958.171875,37962.94140625,37863.9609375,37907.05859375,0
2025-05-30 05:00:00+00:00,38071.80078125,38114.46875,37956.2109375,37958.55078125,0
2025-05-30 06:00:00+00:00,38084.12109375,38104.890625,38060.08984375,38071.28125,0
2025-06-02 00:00:00+00:00,37480.71875,37651.1796875,37449.12109375,37651.1796875,0
2025-06-02 01:00:00+00:00,37429.91015625,37544.8984375,37401.1484375,37482.87109375,0
2025-06-02 02:00:00+00:00,37414.01953125,37449.8203125,37406.7109375,37430.28125,0
2025-06-02 03:00:00+00:00,37376.96875,37401.5703125,37320.71875,37350.01171875,0
2025-06-02 04:00:00+00:00,37449.359375,37454.51171875,37355.8984375,37376.80078125,0
2025-06-02 05:00:00+00:00,37490.12890625,37499.94921875,37435.5703125,37449.8984375,0
2025-06-02 06:00:00+00:00,37479.33984375,37498.328125,37453.640625,37490.109375,0
2025-06-03 00:00:00+00:00,37614.08984375,37647.96875,37509.7890625,37598.30859375,0
2025-06-03 01:00:00+00:00,37710.1796875,37729.44921875,37590.28125,37612.30859375,0
2025-06-03 02:00:00+00:00,37546.8515625,37711.80078125,37543.1015625,37708.03125,0
2025-06-03 03:00:00+00:00,37584.62109375,37621.7890625,37500.91015625,37527.98828125,0
2025-06-03 04:00:00+00:00,37490.55078125,37588.4296875,37477.16015625,37583.8515625,0
2025-06-03 05:00:00+00:00,37518.48046875,37520.71875,37479.0,37493.19921875,0
2025-06-03 06:00:00+00:00,37496.55078125,37522.48828125,37480.9296875,37517.8984375,0
2025-06-04 00:00:00+00:00,37736.44140625,37868.421875,37674.859375,37686.66015625,0
2025-06-04 01:00:00+00:00,37778.28125,37808.109375,37731.4296875,37738.8203125,0
2025-06-04 02:00:00+00:00,37834.66015625,37834.66015625,37760.25,37778.66015625,0
2025-06-04 03:00:00+00:00,37783.390625,37838.12109375,37781.1796875,37813.921875,0
2025-06-04 04:00:00+00:00,37770.53125,37795.62890625,37745.37109375,37777.3515625,0
2025-06-04 05:00:00+00:00,37812.828125,37821.58984375,37737.3203125,37767.23046875,0
2025-06-04 06:00:00+00:00,37750.578125,37833.12109375,37745.109375,37812.640625,0
2025-06-05 00:00:00+00:00,37630.53125,37717.05859375,37538.01953125,37590.390625,0
2025-06-05 01:00:00+00:00,37686.73046875,37732.87890625,37629.78125,37629.78125,0
2025-06-05 02:00:00+00:00,37658.4609375,37694.73046875,37631.76171875,37687.12109375,0
2025-06-05 03:00:00+00:00,37578.05078125,37653.21875,37546.4296875,37605.03125,0
2025-06-05 04:00:00+00:00,37558.640625,37590.25,37527.87890625,37576.53125,0
2025-06-05 05:00:00+00:00,37557.8984375,37595.171875,37537.98828125,37558.328125,0
2025-06-05 06:00:00+00:00,37551.71875,37654.28125,37531.96875,37558.8515625,0
2025-06-06 00:00:00+00:00,37706.26171875,37728.01953125,37590.421875,37590.44140625,0
2025-06-06 01:00:00+00:00,37723.2109375,37754.73046875,37655.390625,37707.0,0
2025-06-06 02:00:00+00:00,37730.671875,37755.41015625,37701.46875,37722.44140625,0
2025-06-06 03:00:00+00:00,37657.921875,37721.9296875,37657.921875,37716.8515625,0
2025-06-06 04:00:00+00:00,37692.859375,37697.9296875,37635.78125,37658.3515625,0
2025-06-06 05:00:00+00:00,37689.48828125,37756.1484375,37669.9609375,37690.58984375,0
2025-06-06 06:00:00+00:00,37697.30078125,37703.078125,37659.80859375,37689.828125,0
2025-06-09 00:00:00+00:00,38172.44921875,38178.01171875,38018.21875,38028.7109375,0
2025-06-09 01:00:00+00:00,38142.58984375,38168.91015625,38052.7109375,38165.859375,0
2025-06-09 02:00:00+00:00,38137.08984375,38144.73828125,38088.2109375,38142.80859375,0
2025-06-09 03:00:00+00:00,38159.6015625,38166.6015625,38105.71875,38105.71875,0
2025-06-09 04:00:00+00:00,38115.0703125,38165.1484375,38106.58984375,38160.62109375,0
2025-06-09 05:00:00+00:00,38094.91015625,38114.75,38065.0,38114.75,0
2025-06-09 06:00:00+00:00,38087.12890625,38102.28125,38060.87109375,38094.83984375,0
2025-06-10 00:00:00+00:00,38240.1484375,38346.98046875,38226.21875,38278.171875,0
2025-06-10 01:00:00+00:00,38454.37890625,38467.05859375,38240.1484375,38242.1484375,0
2025-06-10 02:00:00+00:00,38473.96875,38476.1796875,38427.08984375,38458.33984375,0
2025-06-10 03:00:00+00:00,38464.37109375,38495.69921875,38448.01953125,38463.9296875,0
2025-06-10 04:00:00+00:00,38443.3203125,38469.71875,38423.23828125,38464.37890625,0
2025-06-10 05:00:00+00:00,38184.66015625,38446.28125,38139.1015625,38442.44140625,0
2025-06-10 06:00:00+00:00,38167.03125,38210.140625,38159.30078125,38183.0,0
2025-06-11 00:00:00+00:00,38302.109375,38529.640625,38288.28125,38431.1015625,0
2025-06-11 01:00:00+00:00,38400.25,38419.421875,38289.109375,38303.05859375,0
2025-06-11 02:00:00+00:00,38385.37109375,38418.62890625,38363.6015625,38398.94921875,0
2025-06-11 03:00:00+00:00,38364.05859375,38397.3515625,38347.3203125,38363.05078125,0
2025-06-11 04:00:00+00:00,38393.75,38406.01953125,38346.12109375,38364.2890625,0
2025-06-11 05:00:00+00:00,38360.421875,38453.69921875,38357.23046875,38392.8203125,0
2025-06-11 06:00:00+00:00,38419.109375,38419.109375,38345.30078125,38354.859375,0
2025-06-12 00:00:00+00:00,38165.46875,38407.5703125,38107.3203125,38324.9296875,0
2025-06-12 01:00:00+00:00,38155.05078125,38217.44921875,38102.05078125,38168.30859375,0
2025-06-12 02:00:00+00:00,38149.48828125,38175.71875,38124.48828125,38156.0390625,0
2025-06-12 03:00:00+00:00,38202.19921875,38221.5390625,38194.2890625,38197.140625,0
2025-06-12 04:00:00+00:00,38199.71875,38226.19140625,38169.48046875,38202.44140625,0
2025-06-12 05:00:00+00:00,38190.05078125,38215.328125,38169.1484375,38199.87109375,0
2025-06-12 06:00:00+00:00,38171.75,38190.26171875,38156.91015625,38190.26171875,0
2025-06-13 00:00:00+00:00,37633.46875,38141.58984375,37601.8203125,38130.25,0
2025-06-13 01:00:00+00:00,37781.1015625,37785.76953125,37540.19921875,37635.48046875,0
2025-06-13 02:00:00+00:00,37665.9296875,37780.78125,37659.28125,37778.8515625,0
2025-06-13 03:00:00+00:00,37756.0,37758.76171875,37659.1015625,37672.3515625,0
2025-06-13 04:00:00+00:00,37747.80859375,37755.98046875,37667.83984375,37755.98046875,0
2025-06-13 05:00:00+00:00,37761.01953125,37771.44921875,37705.078125,37745.48046875,0
2025-06-13 06:00:00+00:00,37810.390625,37823.48828125,37755.73046875,37759.80859375,0
2025-06-16 00:00:00+00:00,38133.98046875,38207.51171875,38055.51953125,38056.859375,0
2025-06-16 01:00:00+00:00,38175.23828125,38181.9609375,38066.33984375,38137.1796875,0
2025-06-16 02:00:00+00:00,38193.390625,38213.25,38166.5,38175.9296875,0
2025-06-16 03:00:00+00:00,38237.62109375,38241.0703125,38200.4296875,38229.828125,0
2025-06-16 04:00:00+00:00,38306.03125,38342.51953125,38239.2890625,38239.2890625,0
2025-06-16 05:00:00+00:00,38232.5390625,38328.69921875,38231.96875,38306.23828125,0
2025-06-16 06:00:00+00:00,38317.7109375,38332.23046875,38228.05078125,38232.5,0
2025-06-17 00:00:00+00:00,38525.01171875,38531.33984375,38333.3515625,38366.6796875,0
2025-06-17 01:00:00+00:00,38559.671875,38567.359375,38444.0390625,38529.80078125,0
2025-06-17 02:00:00+00:00,38501.078125,38581.25,38487.26953125,38561.0,0
2025-06-17 03:00:00+00:00,38506.21875,38551.98046875,38506.21875,38522.19921875,0
2025-06-17 04:00:00+00:00,38534.33984375,38553.26953125,38461.51953125,38505.51171875,0
2025-06-17 05:00:00+00:00,38501.71875,38539.91015625,38448.75,38533.91015625,0
2025-06-17 06:00:00+00:00,38531.7890625,38551.46875,38492.26953125,38501.87109375,0
2025-06-18 00:00:00+00:00,38571.19140625,38626.08984375,38364.16015625,38364.16015625,0
2025-06-18 01:00:00+00:00,38719.01171875,38756.9296875,38572.609375,38572.609375,0
2025-06-18 02:00:00+00:00,38791.80078125,38791.80078125,38718.37109375,38718.37109375,0
2025-06-18 03:00:00+00:00,38812.44140625,38825.078125,38770.140625,38771.9296875,0
2025-06-18 04:00:00+00:00,38813.0,38864.28125,38764.6796875,38812.44140625,0
2025-06-18 05:00:00+00:00,38836.58984375,38859.890625,38806.890625,38813.05859375,0
2025-06-18 06:00:00+00:00,38861.2109375,38861.2109375,38818.01171875,38835.87109375,0
2025-06-19 00:00:00+00:00,38635.6796875,38870.55078125,38567.16015625,38858.51953125,0
2025-06-19 01:00:00+00:00,38576.08984375,38636.9296875,38530.87890625,38636.578125,0
2025-06-19 02:00:00+00:00,38597.16015625,38606.66015625,38559.48046875,38577.3515625,0
2025-06-19 03:00:00+00:00,38616.53125,38643.73046875,38591.28125,38612.30078125,0
2025-06-19 04:00:00+00:00,38588.87109375,38624.62890625,38552.98046875,38615.73828125,0
2025-06-19 05:00:00+00:00,38508.0703125,38590.19140625,38504.01171875,38588.96875,0
2025-06-19 06:00:00+00:00,38515.19140625,38547.5,38508.23828125,38509.23046875,0
2025-06-20 00:00:00+00:00,38606.51953125,38645.30078125,38443.171875,38472.25,0
2025-06-20 01:00:00+00:00,38446.94921875,38646.16015625,38362.5390625,38604.75,0
2025-06-20 02:00:00+00:00,38445.5703125,38465.55078125,38419.3203125,38449.9296875,0
2025-06-20 03:00:00+00:00,38524.2109375,38539.12109375,38478.44140625,38494.37109375,0
2025-06-20 04:00:00+00:00,38481.05078125,38541.62890625,38440.25,38526.48828125,0
2025-06-20 05:00:00+00:00,38504.51953125,38515.19140625,38468.19140625,38481.421875,0
2025-06-20 06:00:00+00:00,38498.91015625,38518.3203125,38464.109375,38505.8984375,0
2025-06-23 00:00:00+00:00,38206.16015625,38270.23046875,38026.3203125,38260.69140625,0
2025-06-23 01:00:00+00:00,38210.0390625,38267.0,38162.69140625,38201.859375,0
2025-06-23 02:00:00+00:00,38175.62890625,38250.2109375,38175.62890625,38212.19140625,0
2025-06-23 03:00:00+00:00,38251.26953125,38268.0390625,38225.8515625,38245.62109375,0
2025-06-23 04:00:00+00:00,38331.671875,38367.28125,38254.44921875,38254.44921875,0
2025-06-23 05:00:00+00:00,38340.19140625,38354.66015625,38305.12109375,38337.859375,0
2025-06-23 06:00:00+00:00,38363.421875,38368.21875,38325.921875,38339.94140625,0
2025-06-24 00:00:00+00:00,38714.9609375,38990.109375,38703.48046875,38779.1796875,0
2025-06-24 01:00:00+00:00,38884.53125,38885.7890625,38665.609375,38719.19140625,0
2025-06-24 02:00:00+00:00,38769.12109375,38890.171875,38708.76953125,38883.9609375,0
2025-06-24 03:00:00+00:00,38772.5390625,38789.140625,38739.8515625,38758.08984375,0
2025-06-24 04:00:00+00:00,38801.421875,38803.328125,38743.96875,38771.3984375,0
2025-06-24 05:00:00+00:00,38803.08984375,38857.109375,38778.83984375,38802.8515625,0
2025-06-24 06:00:00+00:00,38708.51953125,38808.1484375,38708.51953125,38801.5703125,0
2025-06-25 00:00:00+00:00,38813.69140625,38925.91015625,38754.921875,38904.1796875,0
2025-06-25 01:00:00+00:00,38878.37890625,38892.328125,38759.8203125,38810.4296875,0
2025-06-25 02:00:00+00:00,38750.46875,38879.94140625,38711.109375,38875.05078125,0
2025-06-25 03:00:00+00:00,38787.37109375,38832.6015625,38755.4296875,38779.21875,0
2025-06-25 04:00:00+00:00,38880.6015625,38888.421875,38786.828125,38786.828125,0
2025-06-25 05:00:00+00:00,38905.7890625,38944.76953125,38864.6015625,38880.94140625,0
2025-06-25 06:00:00+00:00,38907.55859375,38923.890625,38895.7109375,38906.55859375,0
2025-06-26 00:00:00+00:00,39277.28125,39348.78125,39056.140625,39072.140625,0
2025-06-26 01:00:00+00:00,39331.51171875,39400.6484375,39238.7890625,39274.83984375,0
2025-06-26 02:00:00+00:00,39349.8515625,39374.4609375,39313.46875,39331.83984375,0
2025-06-26 03:00:00+00:00,39448.05859375,39472.03125,39360.83984375,39362.1484375,0
2025-06-26 04:00:00+00:00,39497.87109375,39506.58984375,39443.98828125,39447.5,0
2025-06-26 05:00:00+00:00,39537.6015625,39615.58984375,39475.1015625,39499.6484375,0
2025-06-26 06:00:00+00:00,39521.4609375,39601.6484375,39504.6484375,39539.48828125,0
2025-06-27 00:00:00+00:00,40159.33984375,40185.4296875,39847.30859375,39866.359375,0
2025-06-27 01:00:00+00:00,40150.58984375,40217.421875,40134.73046875,40155.1015625,0
2025-06-27 02:00:00+00:00,40215.359375,40232.69921875,40138.62890625,40151.578125,0
2025-06-27 03:00:00+00:00,40185.58984375,40267.83984375,40162.3984375,40162.3984375,0
2025-06-27 04:00:00+00:00,40124.3984375,40223.23046875,40121.01953125,40186.51171875,0
2025-06-27 05:00:00+00:00,40076.578125,40178.6796875,40056.0703125,40124.25,0
2025-06-27 06:00:00+00:00,40073.640625,40106.1015625,40048.48046875,40077.359375,0
2025-06-30 00:00:00+00:00,40780.7890625,40828.96875,40517.25,40550.7890625,0
2025-06-30 01:00:00+00:00,40763.76953125,40852.5390625,40706.30859375,40772.69921875,0
2025-06-30 02:00:00+00:00,40809.8203125,40836.6015625,40758.859375,40763.12109375,0
2025-06-30 03:00:00+00:00,40726.328125,40783.5,40726.328125,40748.421875,0
2025-06-30 04:00:00+00:00,40595.3984375,40769.578125,40559.0390625,40727.12109375,0
2025-06-30 05:00:00+00:00,40421.78125,40596.1484375,40373.171875,40596.1484375,0
2025-06-30 06:00:00+00:00,40430.30078125,40430.5,40322.5390625,40414.9609375,0
2025-07-01 00:00:00+00:00,40122.51171875,40345.87109375,40036.08984375,40340.640625,0
2025-07-01 01:00:00+00:00,40061.3515625,40143.55859375,40009.2890625,40124.25,0
2025-07-01 02:00:00+00:00,40081.609375,40082.890625,40017.671875,40056.8203125,0
2025-07-01 03:00:00+00:00,40080.76953125,40080.76953125,39968.671875,40026.26953125,0
2025-07-01 04:00:00+00:00,40124.01953125,40159.53125,40060.69140625,40078.51953125,0
2025-07-01 05:00:00+00:00,39992.62109375,40126.03125,39984.55859375,40124.328125,0
2025-07-01 06:00:00+00:00,39958.01171875,39996.55859375,39885.37890625,39993.8203125,0
2025-07-02 00:00:00+00:00,39669.87109375,39693.0390625,39444.69921875,39631.171875,0
2025-07-02 01:00:00+00:00,39588.69140625,39754.0,39583.23046875,39667.53125,0
2025-07-02 02:00:00+00:00,39593.71875,39619.69921875,39556.23046875,39590.01953125,0
2025-07-02 03:00:00+00:00,39735.37109375,39740.12109375,39637.76953125,39637.76953125,0
2025-07-02 04:00:00+00:00,39925.2109375,39943.62109375,39732.28125,39736.609375,0
2025-07-02 05:00:00+00:00,39773.69140625,39925.44140625,39763.62109375,39925.44140625,0
2025-07-02 06:00:00+00:00,39790.8515625,39809.55859375,39727.609375,39775.37890625,0
2025-07-03 00:00:00+00:00,39827.671875,39844.671875,39667.8203125,39796.75,0
2025-07-03 01:00:00+00:00,39752.2890625,39865.890625,39724.26171875,39825.5703125,0
2025-07-03 02:00:00+00:00,39732.62890625,39767.73828125,39686.01171875,39748.109375,0
2025-07-03 03:00:00+00:00,39787.19140625,39823.41015625,39757.51171875,39760.6015625,0
2025-07-03 04:00:00+00:00,39760.44140625,39813.6015625,39721.7109375,39786.78125,0
2025-07-03 05:00:00+00:00,39711.53125,39765.80859375,39681.37109375,39760.3515625,0
2025-07-03 06:00:00+00:00,39675.26171875,39719.80078125,39672.01953125,39710.0390625,0
2025-07-04 00:00:00+00:00,39868.75,40012.66015625,39719.80859375,39994.640625,0
2025-07-04 01:00:00+00:00,39841.6015625,39939.7890625,39838.33984375,39867.05078125,0
2025-07-04 02:00:00+00:00,39828.19921875,39866.48828125,39775.62109375,39840.140625,0
2025-07-04 03:00:00+00:00,39750.2109375,39827.0703125,39724.6484375,39809.76171875,0
2025-07-04 04:00:00+00:00,39828.390625,39828.390625,39693.3984375,39753.37109375,0
2025-07-04 05:00:00+00:00,39831.05078125,39860.4609375,39805.578125,39826.8515625,0
2025-07-04 06:00:00+00:00,39778.62890625,39833.328125,39777.6796875,39830.87109375,0
2025-07-07 00:00:00+00:00,39686.75,39829.37890625,39666.359375,39729.55859375,0
2025-07-07 01:00:00+00:00,39624.328125,39685.859375,39539.7890625,39685.5,0
2025-07-07 02:00:00+00:00,39628.41015625,39643.921875,39572.28125,39621.19140625,0
2025-07-07 03:00:00+00:00,39643.578125,39646.421875,39605.87109375,39623.9609375,0
2025-07-07 04:00:00+00:00,39583.5703125,39677.30859375,39581.19921875,39644.4609375,0
2025-07-07 05:00:00+00:00,39569.921875,39594.98046875,39554.73046875,39583.3203125,0
2025-07-07 06:00:00+00:00,39540.25,39585.71875,39524.25,39568.5703125,0
2025-07-08 00:00:00+00:00,39743.83984375,39816.26953125,39510.48046875,39542.0703125,0
2025-07-08 01:00:00+00:00,39608.671875,39778.51171875,39586.0,39742.03125,0
2025-07-08 02:00:00+00:00,39711.2890625,39715.62890625,39592.1484375,39608.8203125,0
2025-07-08 03:00:00+00:00,39698.78125,39774.58984375,39677.98828125,39753.83984375,0
2025-07-08 04:00:00+00:00,39697.12109375,39710.23046875,39630.80078125,39696.55859375,0
2025-07-08 05:00:00+00:00,39726.21875,39729.9609375,39659.37890625,39697.078125,0
2025-07-08 06:00:00+00:00,39724.8984375,39736.0703125,39697.078125,39724.75,0
2025-07-09 00:00:00+00:00,39640.87890625,39971.05859375,39628.30078125,39942.80078125,0
2025-07-09 01:00:00+00:00,39671.51171875,39710.48046875,39573.33984375,39640.78125,0
2025-07-09 02:00:00+00:00,39677.421875,39702.1484375,39659.0703125,39667.94921875,0
2025-07-09 03:00:00+00:00,39710.12890625,39728.21875,39677.03125,39691.3515625,0
2025-07-09 04:00:00+00:00,39786.98046875,39788.6484375,39698.7890625,39709.55078125,0
2025-07-09 05:00:00+00:00,39796.73828125,39827.7109375,39766.28125,39789.4609375,0
2025-07-09 06:00:00+00:00,39795.578125,39804.9609375,39729.23046875,39794.80859375,0
2025-07-10 00:00:00+00:00,39627.19921875,39795.75,39595.19921875,39795.75,0
2025-07-10 01:00:00+00:00,39605.98046875,39648.5390625,39547.26171875,39625.0703125,0
2025-07-10 02:00:00+00:00,39610.609375,39629.609375,39572.01953125,39604.859375,0
2025-07-10 03:00:00+00:00,39573.37109375,39618.96875,39566.03125,39598.91015625,0
2025-07-10 04:00:00+00:00,39571.87890625,39670.109375,39555.28125,39572.4609375,0
2025-07-10 05:00:00+00:00,39589.73828125,39599.0390625,39530.94921875,39573.5703125,0
2025-07-10 06:00:00+00:00,39663.9296875,39666.33984375,39568.25,39591.5390625,0
2025-07-11 00:00:00+00:00,39730.26171875,39957.80078125,39553.7890625,39886.5390625,0
2025-07-11 01:00:00+00:00,39568.671875,39753.21875,39566.26171875,39728.1484375,0
2025-07-11 02:00:00+00:00,39593.83984375,39651.16015625,39571.390625,39571.390625,0
2025-07-11 03:00:00+00:00,39632.609375,39669.8515625,39606.98046875,39622.140625,0
2025-07-11 04:00:00+00:00,39615.98828125,39641.25,39573.9296875,39631.33984375,0
2025-07-11 05:00:00+00:00,39529.05859375,39683.30078125,39529.05859375,39614.48828125,0
2025-07-11 06:00:00+00:00,39587.87109375,39592.87890625,39497.69921875,39531.4609375,0
2025-07-14 00:00:00+00:00,39395.19140625,39485.23046875,39318.37109375,39416.1015625,0
2025-07-14 01:00:00+00:00,39432.26171875,39444.83984375,39288.8984375,39398.2890625,0
2025-07-14 02:00:00+00:00,39469.71875,39476.8515625,39411.30859375,39430.9609375,0
2025-07-14 03:00:00+00:00,39548.4609375,39550.21875,39451.48046875,39466.76953125,0
2025-07-14 04:00:00+00:00,39570.80078125,39588.4609375,39542.140625,39546.30078125,0
2025-07-14 05:00:00+00:00,39491.6484375,39608.01953125,39469.44140625,39571.98046875,0
2025-07-14 06:00:00+00:00,39480.87109375,39505.53125,39447.4609375,39491.640625,0
2025-07-15 00:00:00+00:00,39442.26953125,39567.76953125,39406.640625,39525.828125,0
2025-07-15 01:00:00+00:00,39618.6484375,39641.30078125,39379.3203125,39445.0703125,0
2025-07-15 02:00:00+00:00,39507.28125,39623.9609375,39437.71875,39612.4609375,0
2025-07-15 03:00:00+00:00,39439.53125,39516.96875,39434.171875,39494.62890625,0
2025-07-15 04:00:00+00:00,39513.91015625,39558.05859375,39425.55859375,39440.80078125,0
2025-07-15 05:00:00+00:00,39610.0390625,39621.48046875,39512.46875,39514.51953125,0
2025-07-15 06:00:00+00:00,39643.1796875,39657.73046875,39608.078125,39609.359375,0
2025-07-16 00:00:00+00:00,39747.80859375,39750.8203125,39520.9609375,39734.73828125,0
2025-07-16 01:00:00+00:00,39664.0390625,39780.6015625,39623.671875,39744.6484375,0
2025-07-16 02:00:00+00:00,39642.3984375,39675.05078125,39619.94921875,39665.7890625,0
2025-07-16 03:00:00+00:00,39744.5390625,39773.83984375,39649.921875,39649.921875,0
2025-07-16 04:00:00+00:00,39844.8984375,39910.921875,39737.328125,39745.4296875,0
2025-07-16 05:00:00+00:00,39726.4296875,39923.609375,39649.03125,39850.671875,0
2025-07-16 06:00:00+00:00,39681.30078125,39751.05859375,39649.37890625,39725.51953125,0
2025-07-17 00:00:00+00:00,39530.5,39555.1015625,39370.4296875,39492.01953125,0
2025-07-17 01:00:00+00:00,39557.80859375,39617.6484375,39496.23046875,39527.2109375,0
2025-07-17 02:00:00+00:00,39602.578125,39604.94140625,39533.1796875,39558.44140625,0
2025-07-17 03:00:00+00:00,39778.19921875,39780.23046875,39645.609375,39652.1015625,0
2025-07-17 04:00:00+00:00,39723.48828125,39779.421875,39684.21875,39779.421875,0
2025-07-17 05:00:00+00:00,39800.1015625,39832.640625,39701.828125,39724.3203125,0
2025-07-17 06:00:00+00:00,39908.08984375,39910.9609375,39800.0,39800.0,0
2025-07-18 00:00:00+00:00,39885.5,40087.58984375,39885.5,40072.390625,0
2025-07-18 01:00:00+00:00,39813.859375,39931.16015625,39761.7109375,39887.1796875,0
2025-07-18 02:00:00+00:00,39778.8515625,39824.6796875,39751.2109375,39814.01171875,0
2025-07-18 03:00:00+00:00,39828.140625,39828.140625,39763.37109375,39782.6484375,0
2025-07-18 04:00:00+00:00,39813.890625,39862.69921875,39745.421875,39827.83984375,0
2025-07-18 05:00:00+00:00,39799.01171875,39840.1796875,39783.69921875,39813.25,0
2025-07-18 06:00:00+00:00,39814.671875,39832.33984375,39786.69140625,39798.98828125,0
2025-07-22 00:00:00+00:00,39895.73046875,40275.890625,39843.03125,39864.62890625,0
2025-07-22 01:00:00+00:00,39937.51171875,39990.6796875,39873.21875,39895.9296875,0
2025-07-22 02:00:00+00:00,39892.80859375,39948.0390625,39844.62890625,39936.62109375,0
2025-07-22 03:00:00+00:00,39715.83984375,39836.609375,39626.55078125,39806.7890625,0
2025-07-22 04:00:00+00:00,39662.73046875,39732.6015625,39586.53125,39715.53125,0
2025-07-22 05:00:00+00:00,39704.05859375,39722.7109375,39649.44921875,39664.26953125,0
2025-07-22 06:00:00+00:00,39757.28125,39763.73046875,39671.01171875,39708.078125,0
2025-07-23 00:00:00+00:00,40752.2109375,40764.62109375,40087.859375,40189.1796875,0
2025-07-23 01:00:00+00:00,40875.0390625,40877.640625,40714.05078125,40759.4609375,0
2025-07-23 02:00:00+00:00,41053.44140625,41070.91015625,40815.41015625,40875.640625,0
2025-07-23 03:00:00+00:00,41063.8984375,41119.78125,41012.1796875,41052.5703125,0
2025-07-23 04:00:00+00:00,41183.640625,41203.91015625,41004.2890625,41064.6796875,0
2025-07-23 05:00:00+00:00,41279.66015625,41342.58984375,41165.48828125,41178.73828125,0
2025-07-23 06:00:00+00:00,41227.16015625,41306.19921875,41218.8515625,41279.6796875,0
2025-07-24 00:00:00+00:00,41784.640625,41801.28125,41554.1796875,41657.98046875,0
2025-07-24 01:00:00+00:00,41975.12109375,41989.6484375,41780.51953125,41795.4296875,0
2025-07-24 02:00:00+00:00,41983.5,42004.921875,41934.44140625,41977.08984375,0
2025-07-24 03:00:00+00:00,41840.25,42065.828125,41801.71875,42006.62109375,0
2025-07-24 04:00:00+00:00,41870.6484375,41893.921875,41782.609375,41836.671875,0
2025-07-24 05:00:00+00:00,41877.78125,41889.23046875,41772.6796875,41872.73046875,0
2025-07-24 06:00:00+00:00,41857.48828125,41950.55859375,41857.48828125,41876.71875,0
2025-07-25 00:00:00+00:00,41687.9296875,41773.69921875,41581.55078125,41760.578125,0
2025-07-25 01:00:00+00:00,41577.2890625,41701.94140625,41559.578125,41692.2109375,0
2025-07-25 02:00:00+00:00,41570.23828125,41612.9296875,41558.640625,41578.19921875,0
2025-07-25 03:00:00+00:00,41505.23046875,41585.05078125,41487.421875,41585.05078125,0
2025-07-25 04:00:00+00:00,41436.171875,41566.6796875,41429.96875,41505.19921875,0
2025-07-25 05:00:00+00:00,41458.2109375,41484.41015625,41429.171875,41436.7890625,0
2025-07-25 06:00:00+00:00,41400.53125,41493.2109375,41389.7890625,41459.26171875,0
2025-07-28 00:00:00+00:00,41184.16015625,41534.2109375,41072.1484375,41515.91015625,0
2025-07-28 01:00:00+00:00,41160.62890625,41238.640625,41141.05078125,41184.05859375,0
2025-07-28 02:00:00+00:00,41148.0703125,41165.05078125,41096.640625,41160.98046875,0
2025-07-28 03:00:00+00:00,41041.76953125,41165.66015625,41041.16015625,41165.66015625,0
2025-07-28 04:00:00+00:00,41000.2109375,41094.62890625,41000.2109375,41040.1796875,0
2025-07-28 05:00:00+00:00,41080.55859375,41100.390625,40997.87109375,40997.87109375,0
2025-07-28 06:00:00+00:00,41041.66015625,41079.91015625,41038.5703125,41079.5703125,0
2025-07-29 00:00:00+00:00,40692.5390625,40792.8515625,40636.23828125,40767.76953125,0
2025-07-29 01:00:00+00:00,40697.19140625,40747.80859375,40638.8515625,40689.828125,0
2025-07-29 02:00:00+00:00,40623.3203125,40728.9609375,40611.25,40698.578125,0
2025-07-29 03:00:00+00:00,40644.75,40700.890625,40624.12109375,40664.62109375,0
2025-07-29 04:00:00+00:00,40597.3515625,40664.2109375,40573.98828125,40645.140625,0
2025-07-29 05:00:00+00:00,40614.83984375,40637.87890625,40563.53125,40596.6796875,0
2025-07-29 06:00:00+00:00,40655.33984375,40657.921875,40607.859375,40613.5703125,0
2025-07-30 00:00:00+00:00,40592.08984375,40744.53125,40556.609375,40744.53125,0
2025-07-30 01:00:00+00:00,40651.1484375,40677.87890625,40579.62109375,40590.7890625,0
2025-07-30 02:00:00+00:00,40682.140625,40687.2109375,40618.359375,40653.9296875,0
2025-07-30 03:00:00+00:00,40675.76171875,40714.12109375,40632.19921875,40658.12109375,0
2025-07-30 04:00:00+00:00,40655.109375,40726.859375,40647.2890625,40675.78125,0
2025-07-30 05:00:00+00:00,40624.44140625,40656.5390625,40586.8203125,40656.5390625,0
2025-07-30 06:00:00+00:00,40641.37109375,40649.78125,40617.1796875,40626.1015625,0
2025-07-31 00:00:00+00:00,40843.83984375,40912.609375,40639.3203125,40693.0,0
2025-07-31 01:00:00+00:00,40941.25,41004.609375,40786.9609375,40844.078125,0
2025-07-31 02:00:00+00:00,41020.91015625,41040.140625,40938.25,40941.19921875,0
2025-07-31 03:00:00+00:00,41015.98046875,41053.23828125,40943.69140625,40960.44921875,0
2025-07-31 04:00:00+00:00,41086.58984375,41088.9609375,40956.1015625,41018.16015625,0
2025-07-31 05:00:00+00:00,41098.6796875,41120.0390625,41047.5703125,41088.3515625,0
2025-07-31 06:00:00+00:00,41100.73046875,41151.25,41069.19921875,41098.01953125,0
2025-08-01 00:00:00+00:00,40764.48828125,41064.73046875,40588.171875,41029.83984375,0
2025-08-01 01:00:00+00:00,40935.44921875,40949.83984375,40762.7890625,40765.44140625,0
2025-08-01 02:00:00+00:00,40914.66015625,40938.19140625,40895.51953125,40931.1484375,0
2025-08-01 03:00:00+00:00,40880.109375,40999.109375,40874.33984375,40979.4609375,0
2025-08-01 04:00:00+00:00,40836.08984375,40922.21875,40830.16015625,40883.4609375,0
2025-08-01 05:00:00+00:00,40842.83984375,40845.421875,40768.83984375,40835.62890625,0
2025-08-01 06:00:00+00:00,40844.91015625,40858.26171875,40803.109375,40843.41015625,0
2025-08-04 00:00:00+00:00,39927.890625,40138.078125,39850.51953125,40118.80859375,0
2025-08-04 01:00:00+00:00,40006.1484375,40099.078125,39885.51953125,39942.3515625,0
2025-08-04 02:00:00+00:00,40134.96875,40144.05859375,40007.76953125,40014.26953125,0
2025-08-04 03:00:00+00:00,40295.23046875,40302.19140625,40131.01953125,40133.75,0
2025-08-04 04:00:00+00:00,40178.23046875,40296.390625,40164.87890625,40294.328125,0
2025-08-04 05:00:00+00:00,40246.26953125,40263.1484375,40164.328125,40184.12109375,0
2025-08-04 06:00:00+00:00,40297.91015625,40332.25,40246.921875,40246.921875,0
2025-08-05 00:00:00+00:00,40481.7890625,40600.359375,40431.03125,40521.0,0
2025-08-05 01:00:00+00:00,40503.4609375,40530.671875,40421.87890625,40480.05078125,0
2025-08-05 02:00:00+00:00,40544.98828125,40560.83984375,40505.828125,40505.828125,0
2023-08-07 00:00:00+00:00,31968.0703125,31971.94921875,31830.23046875,31921.279296875,0
2023-08-07 01:00:00+00:00,32141.359375,32147.7890625,31929.58984375,31965.939453125,0
2023-08-07 02:00:00+00:00,32190.310546875,32190.310546875,32134.349609375,32144.630859375,0
2023-08-07 03:00:00+00:00,32220.7109375,32237.130859375,32179.669921875,32227.55078125,0
2023-08-07 04:00:00+00:00,32224.310546875,32279.1796875,32146.140625,32220.669921875,0
2023-08-07 05:00:00+00:00,32281.41015625,32306.869140625,32183.609375,32224.44921875,0
2023-08-07 06:00:00+00:00,32254.560546875,32254.560546875,32254.560546875,32254.560546875,0
2023-08-08 00:00:00+00:00,32519.619140625,32528.279296875,32343.900390625,32430.609375,0
2023-08-08 01:00:00+00:00,32275.419921875,32539.880859375,32274.650390625,32519.470703125,0
2023-08-08 02:00:00+00:00,32358.099609375,32366.94921875,32238.58984375,32274.9296875,0
2023-08-08 03:00:00+00:00,32331.640625,32397.2890625,32331.3203125,32371.580078125,0
2023-08-08 04:00:00+00:00,32349.08984375,32380.4609375,32316.060546875,32332.0,0
2023-08-08 05:00:00+00:00,32365.720703125,32426.240234375,32338.7109375,32349.099609375,0
2023-08-08 06:00:00+00:00,32377.2890625,32377.2890625,32361.9296875,32361.9296875,0
2023-08-09 00:00:00+00:00,32323.900390625,32380.2109375,32220.05078125,32346.3203125,0
2023-08-09 01:00:00+00:00,32303.83984375,32407.849609375,32297.98046875,32315.48046875,0
2023-08-09 02:00:00+00:00,32241.630859375,32350.51953125,32241.630859375,32303.05078125,0
2023-08-09 03:00:00+00:00,32200.7109375,32230.970703125,32181.0390625,32203.580078125,0
2023-08-09 04:00:00+00:00,32234.8203125,32274.619140625,32175.640625,32201.529296875,0
2023-08-09 05:00:00+00:00,32247.2890625,32283.390625,32231.630859375,32234.580078125,0
2023-08-09 06:00:00+00:00,32204.330078125,32204.330078125,32204.330078125,32204.330078125,0
2023-08-10 00:00:00+00:00,32248.05078125,32258.619140625,32015.9609375,32015.9609375,0
2023-08-10 01:00:00+00:00,32233.900390625,32270.91015625,32178.619140625,32250.759765625,0
2023-08-10 02:00:00+00:00,32338.94921875,32353.130859375,32233.810546875,32233.810546875,0
2023-08-10 03:00:00+00:00,32387.33984375,32402.810546875,32342.240234375,32359.26953125,0
2023-08-10 04:00:00+00:00,32433.9609375,32444.529296875,32362.470703125,32389.83984375,0
2023-08-10 05:00:00+00:00,32503.9609375,32504.849609375,32428.7890625,32434.359375,0
2023-08-10 06:00:00+00:00,32473.650390625,32502.55078125,32473.650390625,32502.55078125,0
2023-08-14 00:00:00+00:00,32388.169921875,32613.990234375,32366.779296875,32456.720703125,0
2023-08-14 01:00:00+00:00,32327.19921875,32403.859375,32261.630859375,32385.2890625,0
2023-08-14 02:00:00+00:00,32160.30078125,32327.470703125,32157.80078125,32326.220703125,0
2023-08-14 03:00:00+00:00,32123.810546875,32170.0703125,32057.7109375,32153.390625,0
2023-08-14 04:00:00+00:00,32041.439453125,32123.490234375,32038.669921875,32123.490234375,0
2023-08-14 05:00:00+00:00,32083.25,32132.94921875,32031.5390625,32042.98046875,0
2023-08-14 06:00:00+00:00,32059.91015625,32085.2890625,32059.91015625,32085.2890625,0
2023-08-15 00:00:00+00:00,32328.859375,32403.9296875,32292.880859375,32372.529296875,0
2023-08-15 01:00:00+00:00,32340.669921875,32354.8203125,32232.849609375,32327.640625,0
2023-08-15 02:00:00+00:00,32315.609375,32345.669921875,32257.369140625,32345.669921875,0
2023-08-15 03:00:00+00:00,32341.650390625,32346.259765625,32295.58984375,32330.259765625,0
2023-08-15 04:00:00+00:00,32296.640625,32373.279296875,32296.640625,32341.0703125,0
2023-08-15 05:00:00+00:00,32240.75,32297.669921875,32218.2890625,32296.359375,0
2023-08-15 06:00:00+00:00,32238.890625,32238.890625,32217.51953125,32217.51953125,0
2023-08-16 00:00:00+00:00,31885.650390625,31997.279296875,31784.91015625,31965.580078125,0
2023-08-16 01:00:00+00:00,31885.05078125,31941.310546875,31853.279296875,31885.5390625,0
2023-08-16 02:00:00+00:00,31906.25,31921.16015625,31841.099609375,31885.310546875,0
2023-08-16 03:00:00+00:00,31902.380859375,31951.6796875,31878.849609375,31934.869140625,0
2023-08-16 04:00:00+00:00,31862.75,31917.1796875,31818.9609375,31901.259765625,0
2023-08-16 05:00:00+00:00,31787.80078125,31863.240234375,31780.720703125,31863.240234375,0
2023-08-16 06:00:00+00:00,31766.8203125,31795.779296875,31766.8203125,31795.779296875,0
2023-08-17 00:00:00+00:00,31455.689453125,31647.73046875,31417.470703125,31621.98046875,0
2023-08-17 01:00:00+00:00,31415.05078125,31456.30078125,31309.6796875,31454.55078125,0
2023-08-17 02:00:00+00:00,31478.900390625,31493.939453125,31400.5703125,31414.640625,0
2023-08-17 03:00:00+00:00,31628.5390625,31628.779296875,31565.73046875,31583.66015625,0
2023-08-17 04:00:00+00:00,31620.169921875,31704.080078125,31604.3203125,31628.939453125,0
2023-08-17 05:00:00+00:00,31601.259765625,31654.26953125,31534.580078125,31620.7890625,0
2023-08-17 06:00:00+00:00,31626.0,31626.0,31612.439453125,31612.439453125,0
2023-08-18 00:00:00+00:00,31356.76953125,31466.609375,31275.25,31321.259765625,0
2023-08-18 01:00:00+00:00,31571.689453125,31588.16015625,31339.470703125,31357.650390625,0
2023-08-18 02:00:00+00:00,31565.2109375,31644.890625,31554.16015625,31570.9609375,0
2023-08-18 03:00:00+00:00,31479.0390625,31488.560546875,31406.359375,31471.189453125,0
2023-08-18 04:00:00+00:00,31432.7890625,31508.470703125,31391.98046875,31479.33984375,0
2023-08-18 05:00:00+00:00,31455.689453125,31455.689453125,31321.169921875,31432.83984375,0
2023-08-18 06:00:00+00:00,31450.759765625,31474.369140625,31450.759765625,31474.369140625,0
2023-08-21 00:00:00+00:00,31669.970703125,31717.51953125,31501.2109375,31552.849609375,0
2023-08-21 01:00:00+00:00,31585.759765625,31674.2109375,31409.859375,31669.2109375,0
2023-08-21 02:00:00+00:00,31748.880859375,31758.69921875,31564.119140625,31584.91015625,0
2023-08-21 03:00:00+00:00,31675.740234375,31724.400390625,31662.7890625,31694.6796875,0
2023-08-21 04:00:00+00:00,31613.130859375,31697.189453125,31613.130859375,31673.900390625,0
2023-08-21 05:00:00+00:00,31549.150390625,31642.609375,31525.080078125,31610.099609375,0
2023-08-21 06:00:00+00:00,31565.640625,31565.640625,31534.849609375,31534.849609375,0
2023-08-22 00:00:00+00:00,31865.740234375,31906.099609375,31769.05078125,31792.599609375,0
2023-08-22 01:00:00+00:00,31751.55078125,31867.240234375,31693.759765625,31867.029296875,0
2023-08-22 02:00:00+00:00,31776.060546875,31798.640625,31727.130859375,31751.83984375,0
2023-08-22 03:00:00+00:00,31840.380859375,31843.630859375,31771.609375,31808.69921875,0
2023-08-22 04:00:00+00:00,31803.0,31842.599609375,31780.5703125,31839.970703125,0
2023-08-22 05:00:00+00:00,31873.30078125,31879.41015625,31803.9296875,31803.9296875,0
2023-08-22 06:00:00+00:00,31856.7109375,31888.23046875,31856.7109375,31888.23046875,0
2023-08-23 00:00:00+00:00,31919.1796875,31936.529296875,31717.91015625,31717.91015625,0
2023-08-23 01:00:00+00:00,31931.94921875,31950.9296875,31892.01953125,31919.400390625,0
2023-08-23 02:00:00+00:00,31962.990234375,31966.400390625,31909.740234375,31933.490234375,0
2023-08-23 03:00:00+00:00,31900.9609375,31966.1796875,31875.51953125,31926.5,0
2023-08-23 04:00:00+00:00,31927.619140625,31927.76953125,31875.109375,31900.30078125,0
2023-08-23 05:00:00+00:00,32029.859375,32039.599609375,31926.91015625,31926.91015625,0
2023-08-23 06:00:00+00:00,32010.259765625,32033.630859375,32010.259765625,32033.630859375,0
2023-08-24 00:00:00+00:00,32116.599609375,32199.119140625,32082.359375,32130.51953125,0
2023-08-24 01:00:00+00:00,32114.369140625,32173.30078125,32063.140625,32117.869140625,0
2023-08-24 02:00:00+00:00,32146.330078125,32178.73046875,32104.150390625,32114.83984375,0
2023-08-24 03:00:00+00:00,32153.7890625,32205.01953125,32132.7890625,32193.66015625,0
2023-08-24 04:00:00+00:00,32272.08984375,32280.849609375,32145.0,32157.25,0
2023-08-24 05:00:00+00:00,32259.810546875,32297.91015625,32248.08984375,32270.060546875,0
2023-08-24 06:00:00+00:00,32287.2109375,32287.2109375,32244.5390625,32244.5390625,0
2023-08-25 00:00:00+00:00,31764.859375,31885.529296875,31729.30078125,31840.91015625,0
2023-08-25 01:00:00+00:00,31728.150390625,31826.439453125,31635.220703125,31763.259765625,0
2023-08-25 02:00:00+00:00,31666.359375,31742.369140625,31660.630859375,31728.099609375,0
2023-08-25 03:00:00+00:00,31702.83984375,31702.83984375,31640.640625,31667.16015625,0
2023-08-25 04:00:00+00:00,31630.359375,31703.1796875,31629.9296875,31701.580078125,0
2023-08-25 05:00:00+00:00,31640.080078125,31650.5390625,31572.060546875,31629.990234375,0
2023-08-25 06:00:00+00:00,31624.279296875,31662.859375,31624.279296875,31662.859375,0
2023-08-28 00:00:00+00:00,32011.419921875,32020.3203125,31881.9296875,31915.6796875,0
2023-08-28 01:00:00+00:00,32134.2890625,32134.470703125,32013.76953125,32013.76953125,0
2023-08-28 02:00:00+00:00,32154.029296875,32156.740234375,32107.919921875,32137.189453125,0
2023-08-28 03:00:00+00:00,32135.4296875,32170.900390625,32128.16015625,32133.48046875,0
2023-08-28 04:00:00+00:00,32148.75,32154.4609375,32116.169921875,32134.76953125,0
2023-08-28 05:00:00+00:00,32197.759765625,32205.48046875,32115.26953125,32155.44921875,0
2023-08-28 06:00:00+00:00,32169.990234375,32187.5703125,32169.990234375,32187.5703125,0
2023-08-29 00:00:00+00:00,32330.349609375,32389.119140625,32248.619140625,32280.5703125,0
2023-08-29 01:00:00+00:00,32187.509765625,32329.91015625,32187.509765625,32329.91015625,0
2023-08-29 02:00:00+00:00,32225.720703125,32254.19921875,32186.5703125,32193.890625,0
2023-08-29 03:00:00+00:00,32274.970703125,32295.55078125,32248.619140625,32266.7109375,0
2023-08-29 04:00:00+00:00,32279.4609375,32295.2109375,32258.650390625,32275.099609375,0
2023-08-29 05:00:00+00:00,32206.720703125,32287.490234375,32195.099609375,32280.009765625,0
2023-08-29 06:00:00+00:00,32226.970703125,32226.970703125,32200.5703125,32200.5703125,0
2023-08-30 00:00:00+00:00,32390.330078125,32486.119140625,32367.919921875,32432.94921875,0
2023-08-30 01:00:00+00:00,32520.7890625,32522.91015625,32351.7109375,32388.130859375,0
2023-08-30 02:00:00+00:00,32529.720703125,32557.44921875,32508.8203125,32519.490234375,0
2023-08-30 03:00:00+00:00,32474.580078125,32513.5390625,32474.060546875,32484.880859375,0
2023-08-30 04:00:00+00:00,32411.1796875,32476.01953125,32411.1796875,32473.220703125,0
2023-08-30 05:00:00+00:00,32352.5703125,32408.44921875,32300.560546875,32406.2890625,0
2023-08-30 06:00:00+00:00,32333.4609375,32360.919921875,32333.4609375,32360.919921875,0
2023-08-31 00:00:00+00:00,32458.08984375,32488.7890625,32359.150390625,32361.01953125,0
2023-08-31 01:00:00+00:00,32505.720703125,32534.849609375,32435.109375,32458.240234375,0
2023-08-31 02:00:00+00:00,32517.23046875,32533.41015625,32493.759765625,32506.150390625,0
2023-08-31 03:00:00+00:00,32574.630859375,32605.169921875,32475.869140625,32482.490234375,0
2023-08-31 04:00:00+00:00,32654.669921875,32692.759765625,32561.890625,32574.599609375,0
2023-08-31 05:00:00+00:00,32586.900390625,32690.080078125,32579.0703125,32654.560546875,0
2023-08-31 06:00:00+00:00,32619.33984375,32619.33984375,32604.669921875,32604.669921875,0
2023-09-01 00:00:00+00:00,32750.76953125,32773.83984375,32499.439453125,32521.150390625,0
2023-09-01 01:00:00+00:00,32816.421875,32824.7109375,32738.5390625,32751.259765625,0
2023-09-01 02:00:00+00:00,32820.80078125,32845.4609375,32812.1484375,32817.3984375,0
2023-09-01 03:00:00+00:00,32749.44921875,32807.328125,32738.9296875,32751.400390625,0
2023-09-01 04:00:00+00:00,32783.78125,32814.6015625,32747.609375,32750.099609375,0
2023-09-01 05:00:00+00:00,32723.8203125,32793.328125,32717.5390625,32782.328125,0
2023-09-01 06:00:00+00:00,32710.619140625,32723.599609375,32710.619140625,32723.599609375,0
2023-09-04 00:00:00+00:00,32822.30078125,32858.51953125,32714.939453125,32797.3203125,0
2023-09-04 01:00:00+00:00,32831.6796875,32861.8984375,32777.55078125,32821.21875,0
2023-09-04 02:00:00+00:00,32899.98828125,32900.05078125,32832.671875,32832.671875,0
2023-09-04 03:00:00+00:00,32876.328125,32904.98046875,32867.328125,32885.71875,0
2023-09-04 04:00:00+00:00,32861.3984375,32876.37109375,32846.23828125,32876.37109375,0
2023-09-04 05:00:00+00:00,32916.19921875,32916.30859375,32849.41015625,32862.05078125,0
2023-09-04 06:00:00+00:00,32939.1796875,32939.1796875,32914.578125,32914.578125,0
2023-09-05 00:00:00+00:00,32799.078125,33002.58984375,32798.4609375,32941.41015625,0
2023-09-05 01:00:00+00:00,32848.51953125,32909.30859375,32784.3203125,32799.08984375,0
2023-09-05 02:00:00+00:00,32870.0,32908.1796875,32833.33984375,32848.96875,0
2023-09-05 03:00:00+00:00,32886.890625,32937.25,32886.890625,32914.87890625,0
2023-09-05 04:00:00+00:00,32951.98046875,32958.55078125,32872.5,32886.55078125,0
2023-09-05 05:00:00+00:00,32997.3203125,33012.33984375,32932.921875,32951.7109375,0
2023-09-05 06:00:00+00:00,33036.76171875,33036.76171875,33006.37890625,33006.37890625,0
2023-09-06 00:00:00+00:00,33220.48046875,33221.55859375,33088.21875,33115.05859375,0
2023-09-06 01:00:00+00:00,33134.98046875,33279.0,33095.91015625,33227.8203125,0
2023-09-06 02:00:00+00:00,33262.48046875,33262.48046875,33137.578125,33137.578125,0
2023-09-06 03:00:00+00:00,33266.359375,33282.1484375,33212.87109375,33220.12109375,0
2023-09-06 04:00:00+00:00,33164.8984375,33276.71875,33163.08984375,33265.21875,0
2023-09-06 05:00:00+00:00,33250.640625,33253.44921875,33138.921875,33165.3515625,0
2023-09-06 06:00:00+00:00,33241.01953125,33265.78125,33241.01953125,33265.78125,0
2023-09-07 00:00:00+00:00,33257.05859375,33322.44921875,33118.55078125,33118.55078125,0
2023-09-07 01:00:00+00:00,33169.859375,33299.76953125,33096.46875,33254.44140625,0
2023-09-07 02:00:00+00:00,33204.8203125,33206.69921875,33155.01171875,33168.37890625,0
2023-09-07 03:00:00+00:00,33152.171875,33201.3984375,33141.58984375,33181.390625,0
2023-09-07 04:00:00+00:00,33017.2109375,33163.3515625,32995.19921875,33152.9609375,0
2023-09-07 05:00:00+00:00,33021.78125,33062.5,32986.3515625,33016.671875,0
2023-09-07 06:00:00+00:00,32991.078125,33014.21875,32991.078125,33014.21875,0
2023-09-08 00:00:00+00:00,32689.349609375,32920.4296875,32535.580078125,32916.25,0
2023-09-08 01:00:00+00:00,32655.640625,32749.9296875,32629.73046875,32688.75,0
2023-09-08 02:00:00+00:00,32681.310546875,32682.51953125,32599.58984375,32655.41015625,0
2023-09-08 03:00:00+00:00,32565.580078125,32631.810546875,32563.349609375,32610.150390625,0
2023-09-08 04:00:00+00:00,32525.33984375,32612.80078125,32522.66015625,32565.630859375,0
2023-09-08 05:00:00+00:00,32587.76953125,32613.380859375,32512.80078125,32525.349609375,0
2023-09-08 06:00:00+00:00,32606.83984375,32606.83984375,32594.369140625,32594.369140625,0
2023-09-11 00:00:00+00:00,32523.5390625,32746.140625,32480.470703125,32690.5390625,0
2023-09-11 01:00:00+00:00,32554.970703125,32586.990234375,32410.310546875,32525.44921875,0
2023-09-11 02:00:00+00:00,32544.0390625,32593.259765625,32486.75,32554.58984375,0
2023-09-11 03:00:00+00:00,32447.5,32516.58984375,32425.490234375,32480.75,0
2023-09-11 04:00:00+00:00,32429.26953125,32484.75,32414.580078125,32448.310546875,0
2023-09-11 05:00:00+00:00,32469.26953125,32473.0,32391.689453125,32429.140625,0
2023-09-11 06:00:00+00:00,32467.759765625,32482.869140625,32467.759765625,32482.869140625,0
2023-09-12 00:00:00+00:00,32607.009765625,32749.349609375,32605.029296875,32629.16015625,0
2023-09-12 01:00:00+00:00,32513.26953125,32618.470703125,32486.48046875,32605.669921875,0
2023-09-12 02:00:00+00:00,32665.7109375,32672.4609375,32508.619140625,32514.400390625,0
2023-09-12 03:00:00+00:00,32730.109375,32748.609375,32681.779296875,32691.830078125,0
2023-09-12 04:00:00+00:00,32745.0,32756.779296875,32685.919921875,32730.189453125,0
2023-09-12 05:00:00+00:00,32793.8203125,32796.78125,32696.55078125,32744.779296875,0
2023-09-12 06:00:00+00:00,32776.37109375,32799.69140625,32776.37109375,32799.69140625,0
2023-09-13 00:00:00+00:00,32871.12890625,32872.44140625,32715.55078125,32742.2890625,0
2023-09-13 01:00:00+00:00,32706.609375,32865.390625,32663.720703125,32864.44140625,0
2023-09-13 02:00:00+00:00,32675.890625,32757.69921875,32672.060546875,32706.580078125,0
2023-09-13 03:00:00+00:00,32640.3203125,32678.83984375,32616.650390625,32667.5,0
2023-09-13 04:00:00+00:00,32806.48046875,32820.9296875,32630.19921875,32640.4609375,0
2023-09-13 05:00:00+00:00,32705.779296875,32827.19921875,32670.0,32823.25,0
2023-09-13 06:00:00+00:00,32706.51953125,32706.51953125,32686.349609375,32686.349609375,0
2023-09-14 00:00:00+00:00,32955.2890625,32977.69921875,32851.23828125,32925.5390625,0
2023-09-14 01:00:00+00:00,33059.19921875,33085.859375,32938.51953125,32955.421875,0
2023-09-14 02:00:00+00:00,33049.01171875,33061.4609375,33007.12109375,33059.26171875,0
2023-09-14 03:00:00+00:00,33102.98046875,33109.5390625,33062.87890625,33078.7890625,0
2023-09-14 04:00:00+00:00,33174.69921875,33189.23046875,33101.6015625,33102.3515625,0
2023-09-14 05:00:00+00:00,33192.12890625,33244.44921875,33165.96875,33174.328125,0
2023-09-14 06:00:00+00:00,33168.1015625,33187.2109375,33168.1015625,33187.2109375,0
2023-09-15 00:00:00+00:00,33521.87109375,33531.05859375,33391.4609375,33428.44140625,0
2023-09-15 01:00:00+00:00,33544.578125,33548.8515625,33423.578125,33527.76171875,0
2023-09-15 02:00:00+00:00,33613.51953125,33634.30859375,33544.2109375,33544.2109375,0
2023-09-15 03:00:00+00:00,33603.21875,33616.98046875,33551.37890625,33598.78125,0
2023-09-15 04:00:00+00:00,33601.98828125,33622.69921875,33529.66015625,33604.03125,0
2023-09-15 05:00:00+00:00,33589.390625,33625.05859375,33486.2109375,33601.9609375,0
2023-09-15 06:00:00+00:00,33533.08984375,33551.0390625,33533.08984375,33551.0390625,0
2023-09-19 00:00:00+00:00,33289.78125,33337.23046875,33231.2890625,33296.23046875,0
2023-09-19 01:00:00+00:00,33150.62890625,33319.9609375,33133.58984375,33289.0,0
2023-09-19 02:00:00+00:00,33129.23046875,33181.921875,33128.859375,33156.6015625,0
2023-09-19 03:00:00+00:00,33211.55859375,33223.75,33190.62109375,33218.7890625,0
2023-09-19 04:00:00+00:00,33191.9296875,33244.6796875,33178.51953125,33211.87890625,0
2023-09-19 05:00:00+00:00,33258.01171875,33258.01171875,33155.37109375,33191.171875,0
2023-09-19 06:00:00+00:00,33242.58984375,33279.109375,33242.58984375,33279.109375,0
2023-09-20 00:00:00+00:00,33170.109375,33263.44921875,33139.80078125,33261.3515625,0
2023-09-20 01:00:00+00:00,33195.71875,33267.140625,33159.71875,33169.58984375,0
2023-09-20 02:00:00+00:00,33122.2109375,33206.48046875,33111.6796875,33194.91015625,0
2023-09-20 03:00:00+00:00,33065.46875,33096.69140625,33048.4296875,33096.0390625,0
2023-09-20 04:00:00+00:00,33065.5,33096.3515625,33051.75,33064.75,0
2023-09-20 05:00:00+00:00,33016.69921875,33103.41015625,32993.12890625,33066.69921875,0
2023-09-20 06:00:00+00:00,33023.78125,33023.78125,33008.359375,33008.359375,0
2023-09-21 00:00:00+00:00,32779.0390625,32939.890625,32769.0703125,32865.55859375,0
2023-09-21 01:00:00+00:00,32681.05078125,32803.19921875,32679.279296875,32778.01953125,0
2023-09-21 02:00:00+00:00,32647.720703125,32703.470703125,32642.6796875,32680.5390625,0
2023-09-21 03:00:00+00:00,32625.369140625,32649.76953125,32597.55078125,32626.390625,0
2023-09-21 04:00:00+00:00,32607.80078125,32629.859375,32584.0390625,32625.3203125,0
2023-09-21 05:00:00+00:00,32604.490234375,32628.2109375,32550.650390625,32607.69921875,0
2023-09-21 06:00:00+00:00,32571.029296875,32594.76953125,32571.029296875,32594.76953125,0
2023-09-22 00:00:00+00:00,32246.619140625,32280.51953125,32154.529296875,32189.3203125,0
2023-09-22 01:00:00+00:00,32233.560546875,32295.830078125,32202.330078125,32246.4609375,0
2023-09-22 02:00:00+00:00,32287.4609375,32359.009765625,32233.310546875,32233.310546875,0
2023-09-22 03:00:00+00:00,32478.109375,32535.669921875,32447.91015625,32448.580078125,0
2023-09-22 04:00:00+00:00,32423.400390625,32519.400390625,32362.810546875,32478.560546875,0
2023-09-22 05:00:00+00:00,32386.859375,32516.58984375,32386.859375,32424.560546875,0
2023-09-22 06:00:00+00:00,32402.41015625,32402.41015625,32377.66015625,32377.66015625,0
2023-09-25 00:00:00+00:00,32482.119140625,32527.869140625,32388.279296875,32517.259765625,0
2023-09-25 01:00:00+00:00,32612.33984375,32642.75,32479.890625,32482.5703125,0
2023-09-25 02:00:00+00:00,32590.330078125,32663.8203125,32590.330078125,32610.5,0
2023-09-25 03:00:00+00:00,32664.7890625,32678.19921875,32624.970703125,32652.26953125,0
2023-09-25 04:00:00+00:00,32663.19921875,32720.58984375,32648.859375,32663.4609375,0
2023-09-25 05:00:00+00:00,32697.080078125,32722.220703125,32662.16015625,32664.669921875,0
2023-09-25 06:00:00+00:00,32678.619140625,32707.05078125,32678.619140625,32707.05078125,0
2023-09-26 00:00:00+00:00,32407.80078125,32643.41015625,32366.23046875,32640.05078125,0
2023-09-26 01:00:00+00:00,32408.830078125,32477.8203125,32392.529296875,32404.470703125,0
2023-09-26 02:00:00+00:00,32379.849609375,32442.619140625,32372.140625,32414.720703125,0
2023-09-26 03:00:00+00:00,32408.740234375,32415.98046875,32372.060546875,32379.630859375,0
2023-09-26 04:00:00+00:00,32397.630859375,32412.51953125,32347.73046875,32407.76953125,0
2023-09-26 05:00:00+00:00,32354.98046875,32410.2890625,32319.05078125,32397.5390625,0
2023-09-26 06:00:00+00:00,32315.05078125,32344.01953125,32315.05078125,32344.01953125,0
2023-09-27 00:00:00+00:00,31995.029296875,32103.669921875,31960.3203125,32023.369140625,0
2023-09-27 01:00:00+00:00,32117.169921875,32132.33984375,31978.310546875,31988.8203125,0
2023-09-27 02:00:00+00:00,32163.7109375,32188.51953125,32117.720703125,32118.849609375,0
2023-09-27 03:00:00+00:00,32190.9296875,32200.470703125,32128.390625,32138.779296875,0
2023-09-27 04:00:00+00:00,32249.869140625,32253.369140625,32179.2109375,32191.19921875,0
2023-09-27 05:00:00+00:00,32330.75,32335.109375,32217.0390625,32249.98046875,0
2023-09-27 06:00:00+00:00,32371.900390625,32371.900390625,32351.33984375,32351.33984375,0
2023-09-28 00:00:00+00:00,32078.759765625,32150.650390625,31986.880859375,32119.369140625,0
2023-09-28 01:00:00+00:00,32126.369140625,32164.44921875,32066.76953125,32078.5703125,0
2023-09-28 02:00:00+00:00,31813.009765625,32139.009765625,31797.380859375,32126.66015625,0
2023-09-28 03:00:00+00:00,31747.310546875,31761.640625,31674.419921875,31730.419921875,0
2023-09-28 04:00:00+00:00,31791.349609375,31797.830078125,31700.619140625,31745.720703125,0
2023-09-28 05:00:00+00:00,31850.80078125,31962.150390625,31787.140625,31790.48046875,0
2023-09-28 06:00:00+00:00,31872.51953125,31872.51953125,31849.55078125,31849.55078125,0
2023-09-29 00:00:00+00:00,31801.2109375,32027.4609375,31781.330078125,32018.640625,0
2023-09-29 01:00:00+00:00,31792.439453125,31864.349609375,31767.060546875,31801.58984375,0
2023-09-29 02:00:00+00:00,31836.240234375,31846.05078125,31737.130859375,31793.109375,0
2023-09-29 03:00:00+00:00,31857.0703125,31931.66015625,31854.7109375,31857.650390625,0
2023-09-29 04:00:00+00:00,31738.080078125,31880.01953125,31717.740234375,31857.029296875,0
2023-09-29 05:00:00+00:00,31850.599609375,31907.76953125,31719.98046875,31737.76953125,0
2023-09-29 06:00:00+00:00,31857.619140625,31857.619140625,31845.609375,31845.609375,0
2023-10-02 00:00:00+00:00,32351.650390625,32401.580078125,32062.69921875,32101.970703125,0
2023-10-02 01:00:00+00:00,32343.23046875,32379.25,32323.66015625,32356.310546875,0
2023-10-02 02:00:00+00:00,32305.66015625,32357.150390625,32300.689453125,32342.69921875,0
2023-10-02 03:00:00+00:00,32066.2890625,32242.599609375,32053.73046875,32239.580078125,0
2023-10-02 04:00:00+00:00,31884.0390625,32083.33984375,31840.759765625,32068.150390625,0
2023-10-02 05:00:00+00:00,31784.060546875,31931.580078125,31775.609375,31886.859375,0
2023-10-02 06:00:00+00:00,31759.880859375,31784.9296875,31759.880859375,31784.9296875,0
2023-10-03 00:00:00+00:00,31405.310546875,31607.970703125,31306.0703125,31607.970703125,0
2023-10-03 01:00:00+00:00,31314.640625,31426.98046875,31260.990234375,31404.859375,0
2023-10-03 02:00:00+00:00,31365.919921875,31378.25,31277.390625,31315.609375,0
2023-10-03 03:00:00+00:00,31310.919921875,31379.599609375,31301.890625,31340.310546875,0
2023-10-03 04:00:00+00:00,31231.130859375,31310.6796875,31221.509765625,31310.6796875,0
2023-10-03 05:00:00+00:00,31209.580078125,31249.73046875,31157.400390625,31231.66015625,0
2023-10-03 06:00:00+00:00,31237.939453125,31237.939453125,31214.4296875,31214.4296875,0
2023-10-04 00:00:00+00:00,30717.599609375,30830.849609375,30672.560546875,30765.029296875,0
2023-10-04 01:00:00+00:00,30688.5,30760.58984375,30581.609375,30714.779296875,0
2023-10-04 02:00:00+00:00,30634.890625,30696.44921875,30608.6796875,30678.30078125,0
2023-10-04 03:00:00+00:00,30591.029296875,30725.810546875,30538.359375,30710.76953125,0
2023-10-04 04:00:00+00:00,30704.41015625,30779.83984375,30547.640625,30594.970703125,0
2023-10-04 05:00:00+00:00,30539.939453125,30729.69921875,30487.669921875,30704.609375,0
2023-10-04 06:00:00+00:00,30526.880859375,30544.5703125,30526.880859375,30544.5703125,0
2023-10-05 00:00:00+00:00,30753.859375,30753.859375,30565.3203125,30733.650390625,0
2023-10-05 01:00:00+00:00,30832.169921875,30841.05078125,30700.55078125,30748.01953125,0
2023-10-05 02:00:00+00:00,30886.509765625,30890.5703125,30782.1796875,30838.7890625,0
2023-10-05 03:00:00+00:00,30988.169921875,30999.08984375,30914.310546875,30919.4609375,0
2023-10-05 04:00:00+00:00,31043.0390625,31083.900390625,30988.66015625,30989.98046875,0
2023-10-05 05:00:00+00:00,31057.55078125,31059.650390625,30934.23046875,31043.0390625,0
2023-10-05 06:00:00+00:00,31075.359375,31075.359375,31052.150390625,31052.150390625,0
2023-10-06 00:00:00+00:00,31081.849609375,31102.029296875,30928.16015625,31003.94921875,0
2023-10-06 01:00:00+00:00,31044.439453125,31160.44921875,31019.189453125,31081.810546875,0
2023-10-06 02:00:00+00:00,30998.80078125,31073.279296875,30990.16015625,31044.66015625,0
2023-10-06 03:00:00+00:00,31021.390625,31024.91015625,30970.439453125,30988.490234375,0
2023-10-06 04:00:00+00:00,31061.490234375,31104.939453125,31020.69921875,31020.69921875,0
2023-10-06 05:00:00+00:00,31024.330078125,31100.80078125,31005.560546875,31062.1796875,0
2023-10-06 06:00:00+00:00,30994.669921875,31021.4296875,30994.669921875,31021.4296875,0
2023-10-10 00:00:00+00:00,31670.119140625,31683.80078125,31314.669921875,31314.669921875,0
2023-10-10 01:00:00+00:00,31674.580078125,31748.3203125,31656.05078125,31671.9296875,0
2023-10-10 02:00:00+00:00,31766.75,31766.76953125,31659.869140625,31674.859375,0
2023-10-10 03:00:00+00:00,31708.140625,31717.009765625,31675.58984375,31692.359375,0
2023-10-10 04:00:00+00:00,31761.55078125,31808.900390625,31696.720703125,31707.55078125,0
2023-10-10 05:00:00+00:00,31765.119140625,31818.259765625,31742.939453125,31761.5390625,0
2023-10-10 06:00:00+00:00,31746.529296875,31763.880859375,31746.529296875,31763.880859375,0
2023-10-11 00:00:00+00:00,31876.720703125,31949.490234375,31804.08984375,31847.099609375,0
2023-10-11 01:00:00+00:00,31905.990234375,31930.169921875,31827.609375,31862.759765625,0
2023-10-11 02:00:00+00:00,31917.48046875,31930.740234375,31854.080078125,31905.16015625,0
2023-10-11 03:00:00+00:00,31961.150390625,31973.400390625,31905.30078125,31918.26953125,0
2023-10-11 04:00:00+00:00,31977.2109375,32037.0703125,31957.330078125,31961.91015625,0
2023-10-11 05:00:00+00:00,31936.720703125,32028.0,31936.720703125,31975.51953125,0
2023-10-11 06:00:00+00:00,31936.509765625,31936.509765625,31926.0,31926.0,0
2023-10-12 00:00:00+00:00,32328.810546875,32355.400390625,32120.939453125,32120.939453125,0
2023-10-12 01:00:00+00:00,32365.16015625,32383.30078125,32307.30078125,32327.2109375,0
2023-10-12 02:00:00+00:00,32323.279296875,32392.060546875,32323.279296875,32362.529296875,0
2023-10-12 03:00:00+00:00,32446.849609375,32465.5,32370.400390625,32370.400390625,0
2023-10-12 04:00:00+00:00,32462.439453125,32472.4296875,32420.130859375,32447.33984375,0
2023-10-12 05:00:00+00:00,32492.0,32493.630859375,32447.140625,32468.130859375,0
2023-10-12 06:00:00+00:00,32494.66015625,32494.66015625,32475.73046875,32475.73046875,0
2023-10-13 00:00:00+00:00,32376.419921875,32533.080078125,32313.80078125,32328.390625,0
2023-10-13 01:00:00+00:00,32407.80078125,32486.130859375,32344.560546875,32377.119140625,0
2023-10-13 02:00:00+00:00,32356.759765625,32482.779296875,32356.759765625,32409.810546875,0
2023-10-13 03:00:00+00:00,32319.25,32356.0703125,32294.369140625,32346.76953125,0
2023-10-13 04:00:00+00:00,32270.2890625,32379.1796875,32266.9609375,32320.029296875,0
2023-10-13 05:00:00+00:00,32291.419921875,32315.439453125,32249.029296875,32269.919921875,0
2023-10-13 06:00:00+00:00,32315.990234375,32315.990234375,32296.25,32296.25,0
2023-10-16 00:00:00+00:00,31733.4296875,31999.7890625,31693.279296875,31983.0390625,0
2023-10-16 01:00:00+00:00,31745.25,31839.240234375,31732.58984375,31733.689453125,0
2023-10-16 02:00:00+00:00,31786.779296875,31806.33984375,31671.109375,31742.419921875,0
2023-10-16 03:00:00+00:00,31729.8203125,31754.509765625,31699.0390625,31712.439453125,0
2023-10-16 04:00:00+00:00,31718.48046875,31737.05078125,31666.119140625,31729.349609375,0
2023-10-16 05:00:00+00:00,31645.48046875,31719.23046875,31564.310546875,31719.23046875,0
2023-10-16 06:00:00+00:00,31659.029296875,31659.029296875,31645.48046875,31645.48046875,0
2023-10-17 00:00:00+00:00,32102.330078125,32260.76953125,32063.7890625,32063.7890625,0
2023-10-17 01:00:00+00:00,31988.58984375,32150.0390625,31960.0390625,32140.91015625,0
2023-10-17 02:00:00+00:00,31944.310546875,31988.7890625,31912.01953125,31988.7890625,0
2023-10-17 03:00:00+00:00,32004.689453125,32006.73046875,31901.390625,31974.23046875,0
2023-10-17 04:00:00+00:00,31971.630859375,32035.7890625,31937.51953125,32005.439453125,0
2023-10-17 05:00:00+00:00,32025.990234375,32031.349609375,31928.80078125,31971.16015625,0
2023-10-17 06:00:00+00:00,32040.2890625,32040.2890625,31994.80078125,31994.80078125,0
2023-10-18 00:00:00+00:00,31900.7109375,32046.779296875,31866.94921875,32033.810546875,0
2023-10-18 01:00:00+00:00,31923.529296875,32014.4296875,31870.359375,31901.150390625,0
2023-10-18 02:00:00+00:00,31974.2890625,32026.810546875,31921.599609375,31921.599609375,0
2023-10-18 03:00:00+00:00,31956.1796875,31958.810546875,31873.4296875,31928.150390625,0
2023-10-18 04:00:00+00:00,32015.73046875,32094.669921875,31941.69921875,31954.990234375,0
2023-10-18 05:00:00+00:00,32070.439453125,32101.470703125,31975.119140625,31998.44921875,0
2023-10-18 06:00:00+00:00,32042.25,32074.779296875,32042.25,32074.779296875,0
2023-10-19 00:00:00+00:00,31662.30078125,31664.220703125,31510.33984375,31579.5390625,0
2023-10-19 01:00:00+00:00,31490.6796875,31660.189453125,31466.41015625,31650.029296875,0
2023-10-19 02:00:00+00:00,31446.990234375,31521.310546875,31446.990234375,31489.400390625,0
2023-10-19 03:00:00+00:00,31434.380859375,31460.669921875,31399.169921875,31419.4609375,0
2023-10-19 04:00:00+00:00,31535.810546875,31542.91015625,31418.849609375,31433.869140625,0
2023-10-19 05:00:00+00:00,31459.060546875,31537.91015625,31433.76953125,31536.259765625,0
2023-10-19 06:00:00+00:00,31430.619140625,31464.509765625,31430.619140625,31464.509765625,0
2023-10-20 00:00:00+00:00,31191.83984375,31249.9296875,31093.900390625,31164.890625,0
2023-10-20 01:00:00+00:00,31255.279296875,31301.619140625,31118.890625,31190.80078125,0
2023-10-20 02:00:00+00:00,31266.83984375,31335.759765625,31239.990234375,31254.4609375,0
2023-10-20 03:00:00+00:00,31371.3203125,31414.94921875,31344.01953125,31363.259765625,0
2023-10-20 04:00:00+00:00,31362.400390625,31428.970703125,31330.0703125,31371.400390625,0
2023-10-20 05:00:00+00:00,31279.66015625,31373.720703125,31279.66015625,31362.98046875,0
2023-10-20 06:00:00+00:00,31259.359375,31275.19921875,31259.359375,31275.19921875,0
2023-10-23 00:00:00+00:00,31158.359375,31177.41015625,31036.390625,31151.98046875,0
2023-10-23 01:00:00+00:00,31151.470703125,31171.169921875,31064.279296875,31159.5703125,0
2023-10-23 02:00:00+00:00,31007.119140625,31158.990234375,31007.119140625,31152.44921875,0
2023-10-23 03:00:00+00:00,31042.9296875,31077.630859375,31027.490234375,31069.4609375,0
2023-10-23 04:00:00+00:00,31087.23046875,31097.0703125,30974.259765625,31043.25,0
2023-10-23 05:00:00+00:00,31014.419921875,31150.83984375,31014.419921875,31086.029296875,0
2023-10-23 06:00:00+00:00,30999.55078125,30999.55078125,30991.80078125,30991.80078125,0
2023-10-24 00:00:00+00:00,30817.669921875,31210.259765625,30808.2109375,31157.009765625,0
2023-10-24 01:00:00+00:00,30667.0,30906.55078125,30551.669921875,30820.119140625,0
2023-10-24 02:00:00+00:00,30828.58984375,30925.609375,30649.919921875,30668.189453125,0
2023-10-24 03:00:00+00:00,30762.619140625,30850.509765625,30706.2109375,30763.0,0
2023-10-24 04:00:00+00:00,30993.740234375,30995.619140625,30756.94921875,30765.279296875,0
2023-10-24 05:00:00+00:00,31091.75,31155.720703125,30978.779296875,30978.779296875,0
2023-10-24 06:00:00+00:00,31062.349609375,31090.76953125,31062.349609375,31090.76953125,0
2023-10-25 00:00:00+00:00,31339.7109375,31401.529296875,31252.6796875,31302.509765625,0
2023-10-25 01:00:00+00:00,31429.939453125,31456.19921875,31319.810546875,31340.759765625,0
2023-10-25 02:00:00+00:00,31466.919921875,31466.919921875,31393.859375,31430.80078125,0
2023-10-25 03:00:00+00:00,31383.490234375,31437.5390625,31380.970703125,31406.7890625,0
2023-10-25 04:00:00+00:00,31424.80078125,31446.66015625,31361.69921875,31384.060546875,0
2023-10-25 05:00:00+00:00,31237.7890625,31434.75,31195.580078125,31425.060546875,0
2023-10-25 06:00:00+00:00,31269.919921875,31269.919921875,31246.19921875,31246.19921875,0
2023-10-26 00:00:00+00:00,30704.130859375,30943.330078125,30670.220703125,30902.919921875,0
2023-10-26 01:00:00+00:00,30704.73046875,30805.220703125,30660.1796875,30693.919921875,0
2023-10-26 02:00:00+00:00,30602.439453125,30721.26953125,30590.859375,30705.48046875,0
2023-10-26 03:00:00+00:00,30664.80078125,30691.759765625,30612.75,30625.140625,0
2023-10-26 04:00:00+00:00,30642.23046875,30700.44921875,30601.560546875,30660.890625,0
2023-10-26 05:00:00+00:00,30581.75,30697.779296875,30567.609375,30643.640625,0
2023-10-26 06:00:00+00:00,30601.779296875,30601.779296875,30594.369140625,30594.369140625,0
2023-10-27 00:00:00+00:00,30839.150390625,30858.830078125,30687.330078125,30713.7890625,0
2023-10-27 01:00:00+00:00,30943.009765625,30956.400390625,30821.080078125,30838.94921875,0
2023-10-27 02:00:00+00:00,31072.9296875,31081.48046875,30941.349609375,30941.349609375,0
2023-10-27 03:00:00+00:00,30969.439453125,30998.58984375,30928.630859375,30974.720703125,0
2023-10-27 04:00:00+00:00,31013.939453125,31022.130859375,30929.380859375,30969.6796875,0
2023-10-27 05:00:00+00:00,31034.9609375,31034.9609375,30948.08984375,31012.970703125,0
2023-10-27 06:00:00+00:00,30991.689453125,31033.41015625,30991.689453125,31033.41015625,0
2023-10-30 00:00:00+00:00,30707.6796875,30762.5,30591.75,30663.48046875,0
2023-10-30 01:00:00+00:00,30714.01953125,30729.419921875,30584.029296875,30709.720703125,0
2023-10-30 02:00:00+00:00,30609.48046875,30740.220703125,30599.44921875,30715.529296875,0
2023-10-30 03:00:00+00:00,30649.0390625,30683.169921875,30646.73046875,30648.439453125,0
2023-10-30 04:00:00+00:00,30580.5703125,30656.189453125,30538.2890625,30648.849609375,0
2023-10-30 05:00:00+00:00,30691.939453125,30702.619140625,30573.810546875,30579.41015625,0
2023-10-30 06:00:00+00:00,30696.9609375,30696.9609375,30683.759765625,30683.759765625,0
2023-10-31 00:00:00+00:00,30696.1796875,30713.08984375,30552.650390625,30694.9609375,0
2023-10-31 01:00:00+00:00,30648.19921875,30700.48046875,30589.66015625,30693.779296875,0
2023-10-31 02:00:00+00:00,30649.439453125,30668.2109375,30597.189453125,30649.189453125,0
2023-10-31 03:00:00+00:00,30804.400390625,30919.16015625,30651.630859375,30781.439453125,0
2023-10-31 04:00:00+00:00,30799.119140625,30973.66015625,30776.880859375,30803.490234375,0
2023-10-31 05:00:00+00:00,30886.490234375,30893.9609375,30712.880859375,30794.359375,0
2023-10-31 06:00:00+00:00,30858.849609375,30876.259765625,30858.849609375,30876.259765625,0
2023-11-01 00:00:00+00:00,31476.330078125,31559.05078125,31301.509765625,31311.220703125,0
2023-11-01 01:00:00+00:00,31437.470703125,31547.169921875,31418.189453125,31478.609375,0
2023-11-01 02:00:00+00:00,31475.619140625,31481.439453125,31376.4609375,31436.640625,0
2023-11-01 03:00:00+00:00,31491.630859375,31537.029296875,31487.490234375,31492.76953125,0
2023-11-01 04:00:00+00:00,31568.259765625,31568.259765625,31443.0390625,31488.5703125,0
2023-11-01 05:00:00+00:00,31584.810546875,31600.779296875,31494.0,31537.890625,0
2023-11-01 06:00:00+00:00,31601.650390625,31601.650390625,31569.69921875,31569.69921875,0
2023-11-02 00:00:00+00:00,32006.529296875,32087.130859375,31921.599609375,31987.01953125,0
2023-11-02 01:00:00+00:00,32002.75,32023.7109375,31946.439453125,32006.390625,0
2023-11-02 02:00:00+00:00,31954.48046875,32016.509765625,31932.83984375,32000.580078125,0
2023-11-02 03:00:00+00:00,31952.76953125,31971.80078125,31878.359375,31900.33984375,0
2023-11-02 04:00:00+00:00,31919.75,31960.44921875,31879.869140625,31953.439453125,0
2023-11-02 05:00:00+00:00,31968.609375,31992.58984375,31910.359375,31922.029296875,0
2023-11-02 06:00:00+00:00,31949.890625,31971.619140625,31949.890625,31971.619140625,0
2023-11-06 00:00:00+00:00,32683.529296875,32700.8203125,32395.5,32450.8203125,0
2023-11-06 01:00:00+00:00,32716.16015625,32765.259765625,32642.650390625,32684.0390625,0
2023-11-06 02:00:00+00:00,32720.51953125,32766.5390625,32714.759765625,32716.16015625,0
2023-11-06 03:00:00+00:00,32724.390625,32740.830078125,32671.099609375,32684.83984375,0
2023-11-06 04:00:00+00:00,32685.6796875,32746.58984375,32674.33984375,32725.830078125,0
2023-11-06 05:00:00+00:00,32684.01953125,32714.330078125,32641.580078125,32685.4296875,0
2023-11-06 06:00:00+00:00,32708.48046875,32708.48046875,32708.48046875,32708.48046875,0
2023-11-07 00:00:00+00:00,32471.599609375,32591.109375,32437.740234375,32551.76953125,0
2023-11-07 01:00:00+00:00,32459.849609375,32539.1796875,32423.689453125,32468.51953125,0
2023-11-07 02:00:00+00:00,32394.859375,32464.990234375,32394.859375,32460.640625,0
2023-11-07 03:00:00+00:00,32338.1796875,32406.0390625,32325.51953125,32377.44921875,0
2023-11-07 04:00:00+00:00,32293.470703125,32345.240234375,32281.390625,32340.009765625,0
2023-11-07 05:00:00+00:00,32258.259765625,32325.8203125,32250.9296875,32292.7890625,0
2023-11-07 06:00:00+00:00,32271.8203125,32271.8203125,32253.109375,32253.109375,0
2023-11-08 00:00:00+00:00,32376.419921875,32512.169921875,32358.599609375,32457.23046875,0
2023-11-08 01:00:00+00:00,32371.7109375,32385.91015625,32269.08984375,32375.810546875,0
2023-11-08 02:00:00+00:00,32329.390625,32385.830078125,32312.330078125,32369.2109375,0
2023-11-08 03:00:00+00:00,32084.94921875,32311.859375,32049.33984375,32289.390625,0
2023-11-08 04:00:00+00:00,32245.349609375,32269.80078125,32085.759765625,32088.859375,0
2023-11-08 05:00:00+00:00,32172.51953125,32270.01953125,32172.51953125,32243.259765625,0
2023-11-08 06:00:00+00:00,32166.48046875,32179.30078125,32166.48046875,32179.30078125,0
2023-11-09 00:00:00+00:00,32370.58984375,32378.69921875,32193.19921875,32316.390625,0
2023-11-09 01:00:00+00:00,32373.119140625,32497.740234375,32367.7109375,32367.7109375,0
2023-11-09 02:00:00+00:00,32454.919921875,32460.310546875,32367.5703125,32373.169921875,0
2023-11-09 03:00:00+00:00,32497.890625,32499.279296875,32431.0703125,32454.609375,0
2023-11-09 04:00:00+00:00,32639.19921875,32648.390625,32494.369140625,32499.779296875,0
2023-11-09 05:00:00+00:00,32675.48046875,32723.7109375,32629.859375,32638.55078125,0
2023-11-09 06:00:00+00:00,32646.4609375,32675.830078125,32646.4609375,32675.830078125,0
2023-11-10 00:00:00+00:00,32369.400390625,32522.5703125,32248.240234375,32491.240234375,0
2023-11-10 01:00:00+00:00,32326.869140625,32447.44921875,32326.869140625,32368.0703125,0
2023-11-10 02:00:00+00:00,32450.029296875,32495.880859375,32307.140625,32324.189453125,0
2023-11-10 03:00:00+00:00,32419.419921875,32451.51953125,32397.30078125,32427.439453125,0
2023-11-10 04:00:00+00:00,32529.349609375,32582.25,32416.08984375,32419.880859375,0
2023-11-10 05:00:00+00:00,32579.80078125,32598.9296875,32517.560546875,32531.48046875,0
2023-11-10 06:00:00+00:00,32568.109375,32596.359375,32568.109375,32596.359375,0
2023-11-13 00:00:00+00:00,32730.810546875,32913.30859375,32726.44921875,32818.1484375,0
2023-11-13 01:00:00+00:00,32711.75,32771.5390625,32673.25,32733.330078125,0
2023-11-13 02:00:00+00:00,32750.41015625,32784.9609375,32698.169921875,32711.880859375,0
2023-11-13 03:00:00+00:00,32558.5,32639.400390625,32558.5,32631.7890625,0
2023-11-13 04:00:00+00:00,32533.91015625,32605.140625,32529.330078125,32556.94921875,0
2023-11-13 05:00:00+00:00,32560.9296875,32592.4296875,32499.279296875,32533.3203125,0
2023-11-13 06:00:00+00:00,32585.109375,32585.109375,32539.759765625,32539.759765625,0
2023-11-14 00:00:00+00:00,32678.810546875,32822.828125,32678.810546875,32760.509765625,0
2023-11-14 01:00:00+00:00,32824.25,32836.23046875,32667.400390625,32679.220703125,0
2023-11-14 02:00:00+00:00,32757.439453125,32836.26953125,32731.009765625,32825.87890625,0
2023-11-14 03:00:00+00:00,32813.7890625,32818.5703125,32695.130859375,32695.130859375,0
2023-11-14 04:00:00+00:00,32793.23046875,32813.83984375,32765.80078125,32811.109375,0
2023-11-14 05:00:00+00:00,32720.869140625,32793.7890625,32707.44921875,32792.6484375,0
2023-11-14 06:00:00+00:00,32695.9296875,32724.94921875,32695.9296875,32724.94921875,0
2023-11-15 00:00:00+00:00,33333.08984375,33367.6015625,33096.9296875,33112.30859375,0
2023-11-15 01:00:00+00:00,33321.640625,33381.08984375,33264.01953125,33325.58984375,0
2023-11-15 02:00:00+00:00,33341.55859375,33358.0390625,33292.08984375,33321.8203125,0
2023-11-15 03:00:00+00:00,33469.4609375,33474.30859375,33412.51953125,33424.01953125,0
2023-11-15 04:00:00+00:00,33443.19140625,33488.71875,33430.55859375,33469.421875,0
2023-11-15 05:00:00+00:00,33514.2109375,33556.51953125,33428.71875,33441.73828125,0
2023-11-15 06:00:00+00:00,33519.69921875,33531.3515625,33519.69921875,33531.3515625,0
2023-11-16 00:00:00+00:00,33503.1484375,33614.12890625,33399.58984375,33399.58984375,0
2023-11-16 01:00:00+00:00,33278.1015625,33513.7890625,33278.1015625,33503.1015625,0
2023-11-16 02:00:00+00:00,33292.01953125,33317.23828125,33233.83984375,33273.2890625,0
2023-11-16 03:00:00+00:00,33250.890625,33315.44921875,33239.76953125,33288.51953125,0
2023-11-16 04:00:00+00:00,33399.76953125,33401.8203125,33248.30859375,33254.26171875,0
2023-11-16 05:00:00+00:00,33398.87109375,33469.1015625,33390.05078125,33401.80859375,0
2023-11-16 06:00:00+00:00,33424.41015625,33424.41015625,33405.21875,33405.21875,0
2023-11-17 00:00:00+00:00,33482.01953125,33529.8203125,33263.671875,33344.8515625,0
2023-11-17 01:00:00+00:00,33446.28125,33517.66015625,33409.0,33481.6015625,0
2023-11-17 02:00:00+00:00,33422.9296875,33465.140625,33394.48828125,33447.640625,0
2023-11-17 03:00:00+00:00,33498.0703125,33506.640625,33436.421875,33448.359375,0
2023-11-17 04:00:00+00:00,33507.21875,33513.5703125,33453.609375,33498.01953125,0
2023-11-17 05:00:00+00:00,33580.7890625,33582.6015625,33478.30859375,33507.23828125,0
2023-11-17 06:00:00+00:00,33585.19921875,33599.62890625,33585.19921875,33599.62890625,0
2023-11-20 00:00:00+00:00,33690.69921875,33853.4609375,33525.94140625,33559.62109375,0
2023-11-20 01:00:00+00:00,33568.0390625,33695.51171875,33520.80078125,33691.73828125,0
2023-11-20 02:00:00+00:00,33562.41015625,33618.2109375,33552.2109375,33566.94921875,0
2023-11-20 03:00:00+00:00,33414.2890625,33562.5703125,33411.44140625,33543.48046875,0
2023-11-20 04:00:00+00:00,33412.23046875,33453.171875,33352.69140625,33414.23828125,0
2023-11-20 05:00:00+00:00,33373.69921875,33482.37890625,33366.62109375,33416.0,0
2023-11-20 06:00:00+00:00,33388.03125,33388.03125,33357.12890625,33357.12890625,0
2023-11-21 00:00:00+00:00,33302.46875,33460.3203125,33298.0390625,33453.1484375,0
2023-11-21 01:00:00+00:00,33373.140625,33391.55078125,33254.73046875,33302.83984375,0
2023-11-21 02:00:00+00:00,33338.2890625,33401.73046875,33336.73828125,33372.8984375,0
2023-11-21 03:00:00+00:00,33369.71875,33429.80078125,33342.94140625,33357.6796875,0
2023-11-21 04:00:00+00:00,33390.078125,33430.28125,33352.2109375,33369.83984375,0
2023-11-21 05:00:00+00:00,33365.01953125,33432.890625,33332.55078125,33390.05078125,0
2023-11-21 06:00:00+00:00,33354.140625,33354.140625,33354.140625,33354.140625,0
2023-11-22 00:00:00+00:00,33449.33984375,33475.55078125,33182.98828125,33182.98828125,0
2023-11-22 01:00:00+00:00,33569.87890625,33593.5,33437.609375,33449.109375,0
2023-11-22 02:00:00+00:00,33560.01171875,33572.1015625,33513.5,33571.7109375,0
2023-11-22 03:00:00+00:00,33485.87890625,33536.71875,33467.71875,33518.078125,0
2023-11-22 04:00:00+00:00,33483.0390625,33487.328125,33433.37890625,33486.25,0
2023-11-22 05:00:00+00:00,33437.87109375,33519.30859375,33408.1015625,33483.26171875,0
2023-11-22 06:00:00+00:00,33451.828125,33451.828125,33451.828125,33451.828125,0
2023-11-24 00:00:00+00:00,33762.28125,33783.48046875,33657.94921875,33752.05078125,0
2023-11-24 01:00:00+00:00,33814.03125,33815.80859375,33727.30078125,33762.3203125,0
2023-11-24 02:00:00+00:00,33715.55078125,33817.859375,33711.16015625,33816.55859375,0
2023-11-24 03:00:00+00:00,33737.69140625,33763.3984375,33679.4609375,33679.4609375,0
2023-11-24 04:00:00+00:00,33659.21875,33737.671875,33633.28125,33736.01953125,0
2023-11-24 05:00:00+00:00,33631.76953125,33683.80078125,33622.5703125,33658.859375,0
2023-11-24 06:00:00+00:00,33625.53125,33662.05859375,33625.53125,33662.05859375,0
2023-11-27 00:00:00+00:00,33674.87890625,33811.41015625,33659.55859375,33710.03125,0
2023-11-27 01:00:00+00:00,33527.78125,33694.19140625,33514.76953125,33675.55078125,0
2023-11-27 02:00:00+00:00,33479.7109375,33540.78125,33469.94921875,33527.578125,0
2023-11-27 03:00:00+00:00,33462.98828125,33472.3984375,33397.0390625,33432.80078125,0
2023-11-27 04:00:00+00:00,33478.80859375,33487.8984375,33404.26171875,33462.58984375,0
2023-11-27 05:00:00+00:00,33418.76171875,33491.71875,33404.62109375,33479.2890625,0
2023-11-27 06:00:00+00:00,33447.671875,33447.671875,33422.12109375,33422.12109375,0
2023-11-28 00:00:00+00:00,33353.73828125,33545.8515625,33305.51171875,33520.390625,0
2023-11-28 01:00:00+00:00,33329.48046875,33402.8515625,33298.0390625,33345.03125,0
2023-11-28 02:00:00+00:00,33370.3984375,33416.640625,33328.1796875,33329.359375,0
2023-11-28 03:00:00+00:00,33358.3984375,33388.98828125,33346.44140625,33376.921875,0
2023-11-28 04:00:00+00:00,33397.44921875,33399.30078125,33319.37109375,33359.12890625,0
2023-11-28 05:00:00+00:00,33412.01953125,33452.25,33360.5390625,33396.94140625,0
2023-11-28 06:00:00+00:00,33408.390625,33419.9609375,33408.390625,33419.9609375,0
2023-11-29 00:00:00+00:00,33196.9296875,33380.71875,33179.0703125,33244.4296875,0
2023-11-29 01:00:00+00:00,33408.6796875,33433.94921875,33191.44921875,33194.69140625,0
2023-11-29 02:00:00+00:00,33450.3203125,33480.9296875,33406.640625,33406.640625,0
2023-11-29 03:00:00+00:00,33479.37890625,33516.23046875,33433.98046875,33455.48046875,0
2023-11-29 04:00:00+00:00,33382.12890625,33480.578125,33381.359375,33476.87890625,0
2023-11-29 05:00:00+00:00,33297.62890625,33390.859375,33288.78125,33386.55078125,0
2023-11-29 06:00:00+00:00,33321.21875,33321.21875,33301.62890625,33301.62890625,0
2023-11-30 00:00:00+00:00,33316.23046875,33337.30078125,33171.0390625,33260.140625,0
2023-11-30 01:00:00+00:00,33179.1015625,33321.51171875,33161.0703125,33312.41015625,0
2023-11-30 02:00:00+00:00,33255.37109375,33323.46875,33174.0,33176.91015625,0
2023-11-30 03:00:00+00:00,33327.6484375,33372.7890625,33282.26171875,33283.66015625,0
2023-11-30 04:00:00+00:00,33377.55859375,33410.3515625,33312.30859375,33328.6015625,0
2023-11-30 05:00:00+00:00,33464.1015625,33466.1015625,33365.9296875,33377.80859375,0
2023-11-30 06:00:00+00:00,33486.890625,33486.890625,33486.890625,33486.890625,0
2023-12-01 00:00:00+00:00,33448.48828125,33551.5703125,33419.2890625,33537.44140625,0
2023-12-01 01:00:00+00:00,33449.1015625,33535.25,33397.421875,33446.73828125,0
2023-12-01 02:00:00+00:00,33461.7109375,33469.05859375,33419.8515625,33443.1484375,0
2023-12-01 03:00:00+00:00,33504.1796875,33521.1015625,33455.76953125,33505.9296875,0
2023-12-01 04:00:00+00:00,33485.05078125,33516.390625,33470.80078125,33503.94140625,0
2023-12-01 05:00:00+00:00,33446.1796875,33509.01171875,33428.6015625,33485.05859375,0
2023-12-01 06:00:00+00:00,33431.51171875,33467.44921875,33431.51171875,33467.44921875,0
2023-12-04 00:00:00+00:00,33261.80859375,33324.37890625,33023.0390625,33318.0703125,0
2023-12-04 01:00:00+00:00,33272.12890625,33312.828125,33185.91015625,33260.25,0
2023-12-04 02:00:00+00:00,33216.05078125,33275.69921875,33164.12890625,33273.2890625,0
2023-12-04 03:00:00+00:00,33197.44140625,33199.69921875,33135.640625,33148.1484375,0
2023-12-04 04:00:00+00:00,33271.921875,33278.58984375,33181.6015625,33197.71875,0
2023-12-04 05:00:00+00:00,33202.08984375,33272.30859375,33184.640625,33271.69921875,0
2023-12-04 06:00:00+00:00,33231.26953125,33231.26953125,33198.51171875,33198.51171875,0
2023-12-05 00:00:00+00:00,32839.19921875,33089.8203125,32839.19921875,33022.37890625,0
2023-12-05 01:00:00+00:00,32754.25,32869.078125,32726.6796875,32839.890625,0
2023-12-05 02:00:00+00:00,32782.140625,32804.05078125,32740.599609375,32754.51953125,0
2023-12-05 03:00:00+00:00,32830.5390625,32831.53125,32777.8515625,32786.91015625,0
2023-12-05 04:00:00+00:00,32844.578125,32903.578125,32798.48828125,32831.66015625,0
2023-12-05 05:00:00+00:00,32791.1484375,32878.08984375,32779.140625,32844.37109375,0
2023-12-05 06:00:00+00:00,32775.8203125,32790.51171875,32775.8203125,32790.51171875,0
2023-12-06 00:00:00+00:00,33229.46875,33233.5703125,32914.08984375,32928.921875,0
2023-12-06 01:00:00+00:00,33306.25,33319.87109375,33214.9296875,33226.08984375,0
2023-12-06 02:00:00+00:00,33339.26171875,33343.51171875,33295.55859375,33306.71875,0
2023-12-06 03:00:00+00:00,33353.921875,33381.30078125,33341.3984375,33364.609375,0
2023-12-06 04:00:00+00:00,33385.5703125,33396.28125,33342.7890625,33354.01171875,0
2023-12-06 05:00:00+00:00,33452.12890625,33452.12890625,33374.6484375,33385.2109375,0
2023-12-06 06:00:00+00:00,33445.8984375,33445.8984375,33422.69140625,33422.69140625,0
2023-12-07 00:00:00+00:00,33096.23046875,33195.87109375,33076.6484375,33165.71875,0
2023-12-07 01:00:00+00:00,32899.78125,33129.6484375,32876.4296875,33095.828125,0
2023-12-07 02:00:00+00:00,32899.94140625,32946.44140625,32887.23828125,32899.421875,0
2023-12-07 03:00:00+00:00,32872.03125,32885.01953125,32828.53125,32861.890625,0
2023-12-07 04:00:00+00:00,32879.8203125,32916.55078125,32836.98828125,32871.6796875,0
2023-12-07 05:00:00+00:00,32870.6484375,32897.421875,32814.69140625,32879.859375,0
2023-12-07 06:00:00+00:00,32858.30859375,32894.3203125,32858.30859375,32894.3203125,0
2023-12-08 00:00:00+00:00,32474.939453125,32604.349609375,32439.919921875,32600.470703125,0
2023-12-08 01:00:00+00:00,32315.58984375,32476.0703125,32306.970703125,32476.0703125,0
2023-12-08 02:00:00+00:00,32305.330078125,32333.240234375,32287.05078125,32313.630859375,0
2023-12-08 03:00:00+00:00,32321.080078125,32354.4609375,32271.05078125,32290.7890625,0
2023-12-08 04:00:00+00:00,32268.4296875,32364.009765625,32253.7890625,32324.80078125,0
2023-12-08 05:00:00+00:00,32282.099609375,32282.099609375,32205.380859375,32266.619140625,0
2023-12-08 06:00:00+00:00,32307.859375,32307.859375,32293.98046875,32293.98046875,0
2023-12-11 00:00:00+00:00,32849.828125,32933.078125,32650.099609375,32665.08984375,0
2023-12-11 01:00:00+00:00,32847.2890625,32884.46875,32785.0703125,32851.4296875,0
2023-12-11 02:00:00+00:00,32817.609375,32881.171875,32816.91015625,32846.80078125,0
2023-12-11 03:00:00+00:00,32759.140625,32793.3203125,32732.69921875,32771.55859375,0
2023-12-11 04:00:00+00:00,32768.87109375,32827.48046875,32752.919921875,32760.91015625,0
2023-12-11 05:00:00+00:00,32819.41015625,32844.53125,32735.560546875,32769.1484375,0
2023-12-11 06:00:00+00:00,32791.80078125,32810.421875,32791.80078125,32810.421875,0
2023-12-12 00:00:00+00:00,33038.37890625,33172.12890625,32991.05859375,33107.6484375,0
2023-12-12 01:00:00+00:00,32975.83984375,33041.55078125,32942.19921875,33037.26953125,0
2023-12-12 02:00:00+00:00,32983.37109375,32997.1015625,32952.21875,32975.91015625,0
2023-12-12 03:00:00+00:00,32913.69140625,32984.48046875,32889.19921875,32959.83984375,0
2023-12-12 04:00:00+00:00,32830.55078125,32915.51171875,32825.3203125,32913.75,0
2023-12-12 05:00:00+00:00,32864.03125,32879.80078125,32800.23828125,32829.12890625,0
2023-12-12 06:00:00+00:00,32843.69921875,32843.69921875,32843.69921875,32843.69921875,0
2023-12-13 00:00:00+00:00,33068.71875,33089.1796875,32931.98828125,32973.46875,0
2023-12-13 01:00:00+00:00,33006.41015625,33104.46875,32986.66015625,33070.87890625,0
2023-12-13 02:00:00+00:00,32987.69140625,33067.859375,32983.94140625,33005.73828125,0
2023-12-13 03:00:00+00:00,32982.23046875,33001.671875,32959.08984375,32961.01171875,0
2023-12-13 04:00:00+00:00,32947.0703125,32986.94921875,32864.37890625,32978.51953125,0
2023-12-13 05:00:00+00:00,32942.30078125,33001.62890625,32921.05078125,32945.66015625,0
2023-12-13 06:00:00+00:00,32926.3515625,32954.87890625,32926.3515625,32954.87890625,0
2023-12-14 00:00:00+00:00,32734.5390625,33120.55078125,32709.2109375,33032.30078125,0
2023-12-14 01:00:00+00:00,32797.2109375,32816.28125,32708.76953125,32734.75,0
2023-12-14 02:00:00+00:00,32801.1484375,32874.69921875,32783.41015625,32804.44140625,0
2023-12-14 03:00:00+00:00,32584.41015625,32738.6796875,32515.0390625,32722.6796875,0
2023-12-14 04:00:00+00:00,32692.880859375,32740.76953125,32579.75,32583.529296875,0
2023-12-14 05:00:00+00:00,32675.94921875,32731.759765625,32637.369140625,32693.390625,0
2023-12-14 06:00:00+00:00,32686.25,32686.25,32669.009765625,32669.009765625,0
2023-12-15 00:00:00+00:00,33047.78125,33077.55859375,32732.66015625,32760.560546875,0
2023-12-15 01:00:00+00:00,33097.26953125,33122.328125,32975.73828125,33050.390625,0
2023-12-15 02:00:00+00:00,33080.37109375,33119.1015625,33059.96875,33096.46875,0
2023-12-15 03:00:00+00:00,33081.421875,33086.48046875,33047.390625,33056.55078125,0
2023-12-15 04:00:00+00:00,32970.69921875,33088.6015625,32938.6015625,33080.3515625,0
2023-12-15 05:00:00+00:00,32995.421875,33013.6484375,32877.5,32971.1796875,0
2023-12-15 06:00:00+00:00,32970.55078125,32970.55078125,32964.78125,32964.78125,0
2023-12-18 00:00:00+00:00,32605.400390625,32790.578125,32583.029296875,32769.23046875,0
2023-12-18 01:00:00+00:00,32563.830078125,32612.0390625,32545.91015625,32605.1796875,0
2023-12-18 02:00:00+00:00,32620.75,32628.26953125,32541.23046875,32565.970703125,0
2023-12-18 03:00:00+00:00,32712.16015625,32712.16015625,32617.330078125,32633.8203125,0
2023-12-18 04:00:00+00:00,32730.5,32747.509765625,32688.26953125,32711.990234375,0
2023-12-18 05:00:00+00:00,32751.509765625,32776.2109375,32727.060546875,32730.640625,0
2023-12-18 06:00:00+00:00,32758.98046875,32779.609375,32758.98046875,32779.609375,0
2023-12-19 00:00:00+00:00,32796.8203125,32840.26953125,32654.4296875,32774.2109375,0
2023-12-19 01:00:00+00:00,32764.189453125,32798.25,32698.76953125,32798.25,0
2023-12-19 02:00:00+00:00,32799.78125,32816.328125,32761.619140625,32764.830078125,0
2023-12-19 03:00:00+00:00,33099.48828125,33194.640625,33081.48046875,33105.19921875,0
2023-12-19 04:00:00+00:00,33094.5,33116.26953125,33026.58984375,33098.48828125,0
2023-12-19 05:00:00+00:00,33194.7109375,33210.69921875,33070.08984375,33093.26953125,0
2023-12-19 06:00:00+00:00,33219.390625,33219.390625,33206.98046875,33206.98046875,0
2023-12-20 00:00:00+00:00,33668.78125,33689.55859375,33467.3203125,33467.3203125,0
2023-12-20 01:00:00+00:00,33779.73046875,33783.109375,33604.03125,33666.9296875,0
2023-12-20 02:00:00+00:00,33799.41015625,33824.05859375,33775.078125,33780.8203125,0
2023-12-20 03:00:00+00:00,33775.12109375,33812.0390625,33754.69921875,33782.05078125,0
2023-12-20 04:00:00+00:00,33735.109375,33784.828125,33702.80859375,33773.421875,0
2023-12-20 05:00:00+00:00,33721.2109375,33783.78125,33709.55859375,33735.23828125,0
2023-12-20 06:00:00+00:00,33675.94140625,33694.80078125,33675.94140625,33694.80078125,0
2023-12-21 00:00:00+00:00,33157.55078125,33337.83984375,33147.69140625,33276.80859375,0
2023-12-21 01:00:00+00:00,33153.03125,33237.46875,33128.5703125,33158.55859375,0
2023-12-21 02:00:00+00:00,33171.4296875,33178.1796875,33101.1484375,33154.69140625,0
2023-12-21 03:00:00+00:00,33132.828125,33164.94140625,33131.44921875,33155.41015625,0
2023-12-21 04:00:00+00:00,33122.1796875,33151.109375,33097.7890625,33132.390625,0
2023-12-21 05:00:00+00:00,33140.25,33174.859375,33106.80078125,33122.87890625,0
2023-12-21 06:00:00+00:00,33140.46875,33149.1015625,33140.46875,33149.1015625,0
2023-12-22 00:00:00+00:00,33246.66015625,33375.19140625,33166.46875,33257.94921875,0
2023-12-22 01:00:00+00:00,33215.98828125,33293.37890625,33210.8984375,33246.44140625,0
2023-12-22 02:00:00+00:00,33204.890625,33252.01171875,33188.73828125,33215.609375,0
2023-12-22 03:00:00+00:00,33208.0703125,33251.1484375,33178.21875,33240.8203125,0
2023-12-22 04:00:00+00:00,33177.0390625,33210.609375,33154.48046875,33208.46875,0
2023-12-22 05:00:00+00:00,33176.05859375,33204.3203125,33152.87890625,33177.48046875,0
2023-12-22 06:00:00+00:00,33169.05078125,33169.05078125,33151.69921875,33151.69921875,0
2023-12-25 00:00:00+00:00,33305.26171875,33414.51171875,33267.1796875,33414.51171875,0
2023-12-25 01:00:00+00:00,33280.3984375,33318.91015625,33240.859375,33304.4296875,0
2023-12-25 02:00:00+00:00,33291.390625,33312.078125,33280.19921875,33280.19921875,0
2023-12-25 03:00:00+00:00,33268.2890625,33292.28125,33257.5703125,33273.6484375,0
2023-12-25 04:00:00+00:00,33263.98828125,33273.46875,33221.5703125,33268.421875,0
2023-12-25 05:00:00+00:00,33277.37890625,33290.5703125,33242.1484375,33264.28125,0
2023-12-25 06:00:00+00:00,33254.03125,33278.640625,33254.03125,33278.640625,0
2023-12-26 00:00:00+00:00,33279.80859375,33312.26171875,33212.1796875,33295.6796875,0
2023-12-26 01:00:00+00:00,33241.80078125,33300.6796875,33220.890625,33280.26953125,0
2023-12-26 02:00:00+00:00,33253.2109375,33253.76953125,33225.6484375,33241.421875,0
2023-12-26 03:00:00+00:00,33227.73828125,33261.28125,33222.75,33251.58984375,0
2023-12-26 04:00:00+00:00,33231.71875,33233.359375,33181.359375,33228.73828125,0
2023-12-26 05:00:00+00:00,33265.55078125,33278.94140625,33226.51953125,33230.94921875,0
2023-12-26 06:00:00+00:00,33305.8515625,33305.8515625,33281.671875,33281.671875,0
2023-12-27 00:00:00+00:00,33697.3515625,33717.96875,33521.51953125,33532.96875,0
2023-12-27 01:00:00+00:00,33702.390625,33755.75,33667.44140625,33697.828125,0
2023-12-27 02:00:00+00:00,33658.3203125,33733.23828125,33656.62109375,33703.33984375,0
2023-12-27 03:00:00+00:00,33714.51953125,33715.8203125,33638.6015625,33642.609375,0
2023-12-27 04:00:00+00:00,33698.1015625,33720.46875,33678.73046875,33716.33984375,0
2023-12-27 05:00:00+00:00,33683.28125,33738.87109375,33668.08984375,33698.8203125,0
2023-12-27 06:00:00+00:00,33681.23828125,33681.23828125,33679.94921875,33679.94921875,0
2023-12-28 00:00:00+00:00,33501.46875,33512.5390625,33411.23828125,33477.46875,0
2023-12-28 01:00:00+00:00,33490.94140625,33553.87890625,33490.94140625,33510.48828125,0
2023-12-28 02:00:00+00:00,33503.94140625,33512.890625,33452.26953125,33490.94921875,0
2023-12-28 03:00:00+00:00,33548.609375,33558.28125,33525.53125,33541.94140625,0
2023-12-28 04:00:00+00:00,33529.828125,33557.19921875,33511.0,33547.66015625,0
2023-12-28 05:00:00+00:00,33533.5390625,33571.73046875,33522.26171875,33530.1484375,0
2023-12-28 06:00:00+00:00,33539.62109375,33539.62109375,33538.0,33538.0,0
2023-12-29 00:00:00+00:00,33495.62890625,33652.7109375,33458.640625,33458.640625,0
2023-12-29 01:00:00+00:00,33479.55859375,33499.9609375,33407.76171875,33495.12109375,0
2023-12-29 02:00:00+00:00,33470.37109375,33496.05078125,33427.55859375,33476.171875,0
2023-12-29 03:00:00+00:00,33439.69140625,33490.26953125,33438.859375,33466.4296875,0
2023-12-29 04:00:00+00:00,33373.21875,33441.4296875,33334.44921875,33440.1015625,0
2023-12-29 05:00:00+00:00,33410.76953125,33410.76953125,33305.171875,33372.5703125,0
2023-12-29 06:00:00+00:00,33464.171875,33464.171875,33444.109375,33444.109375,0
2024-01-04 00:00:00+00:00,32930.30078125,33193.05078125,32693.1796875,33193.05078125,0
2024-01-04 01:00:00+00:00,33116.19140625,33165.69140625,32903.5703125,32926.98046875,0
2024-01-04 02:00:00+00:00,33048.578125,33138.01171875,33044.2890625,33115.8515625,0
2024-01-04 03:00:00+00:00,33146.87109375,33152.1015625,33085.3984375,33103.33984375,0
2024-01-04 04:00:00+00:00,33247.62109375,33260.83984375,33138.609375,33147.359375,0
2024-01-04 05:00:00+00:00,33276.1796875,33299.390625,33242.08984375,33246.76171875,0
2024-01-04 06:00:00+00:00,33288.2890625,33288.2890625,33270.1484375,33270.1484375,0
2024-01-05 00:00:00+00:00,33382.25,33424.94921875,33257.4296875,33397.51953125,0
2024-01-05 01:00:00+00:00,33463.94921875,33478.5,33378.30859375,33384.80078125,0
2024-01-05 02:00:00+00:00,33442.62109375,33464.9609375,33415.7109375,33464.9609375,0
2024-01-05 03:00:00+00:00,33515.21875,33568.0390625,33502.30859375,33515.91015625,0
2024-01-05 04:00:00+00:00,33477.58984375,33557.78125,33462.62890625,33515.19140625,0
2024-01-05 05:00:00+00:00,33422.6015625,33511.48046875,33392.25,33474.62109375,0
2024-01-05 06:00:00+00:00,33377.421875,33406.9296875,33377.421875,33406.9296875,0
2024-01-09 00:00:00+00:00,33954.48828125,33990.28125,33672.6015625,33704.828125,0
2024-01-09 01:00:00+00:00,33812.87109375,33964.4296875,33811.859375,33955.3984375,0
2024-01-09 02:00:00+00:00,33858.62890625,33869.609375,33797.46875,33813.51953125,0
2024-01-09 03:00:00+00:00,33751.671875,33810.19921875,33725.94140625,33800.1796875,0
2024-01-09 04:00:00+00:00,33702.671875,33759.2109375,33600.3203125,33751.26171875,0
2024-01-09 05:00:00+00:00,33772.6796875,33799.98046875,33702.96875,33703.08984375,0
2024-01-09 06:00:00+00:00,33763.1796875,33798.76953125,33763.1796875,33798.76953125,0
2024-01-10 00:00:00+00:00,34168.55078125,34233.80859375,33885.73828125,33896.328125,0
2024-01-10 01:00:00+00:00,34360.94921875,34364.58984375,34164.75,34164.75,0
2024-01-10 02:00:00+00:00,34386.7890625,34402.44921875,34344.75,34362.0703125,0
2024-01-10 03:00:00+00:00,34438.46875,34465.0390625,34346.2890625,34366.94140625,0
2024-01-10 04:00:00+00:00,34455.21875,34489.7109375,34428.55078125,34438.9609375,0
2024-01-10 05:00:00+00:00,34476.80859375,34539.01953125,34432.12890625,34454.01171875,0
2024-01-10 06:00:00+00:00,34441.71875,34465.69921875,34441.71875,34465.69921875,0
2024-01-11 00:00:00+00:00,34908.12890625,35095.87890625,34849.5703125,34871.328125,0
2024-01-11 01:00:00+00:00,35085.109375,35119.328125,34894.05078125,34907.46875,0
2024-01-11 02:00:00+00:00,35110.51953125,35140.62890625,35064.1015625,35085.19921875,0
2024-01-11 03:00:00+00:00,35112.05859375,35157.55859375,35087.78125,35115.2109375,0
2024-01-11 04:00:00+00:00,35060.44140625,35114.12109375,34993.328125,35112.30078125,0
2024-01-11 05:00:00+00:00,35086.828125,35120.26953125,35052.890625,35058.78125,0
2024-01-11 06:00:00+00:00,35049.859375,35085.1015625,35049.859375,35085.1015625,0
2024-01-12 00:00:00+00:00,35466.01171875,35839.6484375,35427.19921875,35601.6484375,0
2024-01-12 01:00:00+00:00,35429.16015625,35511.578125,35362.23828125,35468.48828125,0
2024-01-12 02:00:00+00:00,35422.94921875,35521.23828125,35407.44921875,35427.8203125,0
2024-01-12 03:00:00+00:00,35442.12890625,35474.73828125,35374.828125,35404.94921875,0
2024-01-12 04:00:00+00:00,35476.6015625,35485.12890625,35405.26953125,35441.69140625,0
2024-01-12 05:00:00+00:00,35553.3203125,35619.76953125,35457.640625,35475.62890625,0
2024-01-12 06:00:00+00:00,35577.109375,35577.109375,35563.30859375,35563.30859375,0
2024-01-15 00:00:00+00:00,35710.91015625,35715.01953125,35544.3203125,35634.12109375,0
2024-01-15 01:00:00+00:00,35786.921875,35869.75,35710.8984375,35710.8984375,0
2024-01-15 02:00:00+00:00,35870.73046875,35875.94140625,35780.25,35786.98046875,0
2024-01-15 03:00:00+00:00,35981.8515625,35996.890625,35918.23828125,35918.23828125,0
2024-01-15 04:00:00+00:00,35935.9609375,36008.23046875,35884.71875,35980.71875,0
2024-01-15 05:00:00+00:00,35925.62109375,35938.53125,35880.44140625,35935.94140625,0
2024-01-15 06:00:00+00:00,35901.7890625,35930.421875,35901.7890625,35930.421875,0
2024-01-16 00:00:00+00:00,35747.078125,35955.6796875,35710.5703125,35909.19921875,0
2024-01-16 01:00:00+00:00,35688.7109375,35766.69140625,35587.53125,35747.5703125,0
2024-01-16 02:00:00+00:00,35792.05859375,35795.78125,35678.80078125,35690.1796875,0
2024-01-16 03:00:00+00:00,35664.359375,35755.5703125,35623.41015625,35755.5703125,0
2024-01-16 04:00:00+00:00,35677.7109375,35688.19140625,35598.9296875,35662.0,0
2024-01-16 05:00:00+00:00,35662.73046875,35726.41015625,35638.94921875,35677.609375,0
2024-01-16 06:00:00+00:00,35619.1796875,35664.1484375,35619.1796875,35664.1484375,0
2024-01-17 00:00:00+00:00,36060.19921875,36099.05859375,35850.1796875,35850.1796875,0
2024-01-17 01:00:00+00:00,35876.71875,36239.21875,35796.0,36059.58984375,0
2024-01-17 02:00:00+00:00,35810.3515625,35942.3203125,35687.51171875,35875.91015625,0
2024-01-17 03:00:00+00:00,35568.76953125,35770.7109375,35543.66015625,35770.7109375,0
2024-01-17 04:00:00+00:00,35712.3515625,35736.33984375,35566.55859375,35568.76953125,0
2024-01-17 05:00:00+00:00,35497.609375,35713.62890625,35476.51953125,35712.140625,0
2024-01-17 06:00:00+00:00,35477.75,35512.94921875,35477.75,35512.94921875,0
2024-01-18 00:00:00+00:00,35601.921875,35633.80859375,35371.25,35371.25,0
2024-01-18 01:00:00+00:00,35699.51171875,35702.94140625,35410.9609375,35600.94921875,0
2024-01-18 02:00:00+00:00,35637.01171875,35728.08984375,35617.71875,35728.08984375,0
2024-01-18 03:00:00+00:00,35634.05078125,35693.01171875,35631.5,35632.3515625,0
2024-01-18 04:00:00+00:00,35453.05859375,35633.69140625,35411.48046875,35633.69140625,0
2024-01-18 05:00:00+00:00,35467.08984375,35503.62109375,35416.4296875,35455.640625,0
2024-01-18 06:00:00+00:00,35466.171875,35466.171875,35448.30078125,35448.30078125,0
2024-01-19 00:00:00+00:00,35973.94140625,36076.23046875,35869.73828125,35913.71875,0
2024-01-19 01:00:00+00:00,36048.98046875,36053.0,35885.4296875,35975.44140625,0
2024-01-19 02:00:00+00:00,36027.41015625,36066.6796875,36001.46875,36048.890625,0
2024-01-19 03:00:00+00:00,35933.171875,35989.94140625,35891.19140625,35989.94140625,0
2024-01-19 04:00:00+00:00,35813.01953125,35949.1015625,35790.0703125,35932.0703125,0
2024-01-19 05:00:00+00:00,35958.890625,35977.37890625,35813.1484375,35813.46875,0
2024-01-19 06:00:00+00:00,35963.26953125,35988.5703125,35963.26953125,35988.5703125,0
2024-01-22 00:00:00+00:00,36527.80859375,36535.359375,36225.91015625,36294.1015625,0
2024-01-22 01:00:00+00:00,36334.08984375,36527.80078125,36332.7109375,36527.80078125,0
2024-01-22 02:00:00+00:00,36375.55859375,36397.8515625,36303.171875,36331.28125,0
2024-01-22 03:00:00+00:00,36397.890625,36428.390625,36342.8515625,36372.76953125,0
2024-01-22 04:00:00+00:00,36446.26953125,36448.12109375,36376.23828125,36397.12890625,0
2024-01-22 05:00:00+00:00,36562.98828125,36566.69921875,36404.44921875,36444.19140625,0
2024-01-22 06:00:00+00:00,36546.94921875,36571.80078125,36546.94921875,36571.80078125,0
2024-01-23 00:00:00+00:00,36752.37109375,36877.41015625,36605.30078125,36605.30078125,0
2024-01-23 01:00:00+00:00,36871.7109375,36871.7109375,36698.41015625,36753.83984375,0
2024-01-23 02:00:00+00:00,36920.26953125,36920.26953125,36818.921875,36871.37890625,0
2024-01-23 03:00:00+00:00,36484.53125,36984.51171875,36436.0703125,36971.078125,0
2024-01-23 04:00:00+00:00,36592.87890625,36696.859375,36486.83984375,36496.9296875,0
2024-01-23 05:00:00+00:00,36506.33984375,36638.3203125,36475.69921875,36591.62109375,0
2024-01-23 06:00:00+00:00,36517.5703125,36517.5703125,36517.5703125,36517.5703125,0
2024-01-24 00:00:00+00:00,36434.87109375,36471.390625,36247.609375,36415.66015625,0
2024-01-24 01:00:00+00:00,36279.25,36432.859375,36265.80859375,36432.859375,0
2024-01-24 02:00:00+00:00,36268.1484375,36302.5703125,36220.41015625,36285.51953125,0
2024-01-24 03:00:00+00:00,36180.83984375,36285.87109375,36104.890625,36265.2890625,0
2024-01-24 04:00:00+00:00,36162.1015625,36198.48046875,36121.87109375,36180.9296875,0
2024-01-24 05:00:00+00:00,36226.0,36276.890625,36133.94140625,36161.109375,0
2024-01-24 06:00:00+00:00,36226.48046875,36226.48046875,36212.890625,36212.890625,0
2024-01-25 00:00:00+00:00,36127.328125,36271.30078125,36069.58984375,36213.140625,0
2024-01-25 01:00:00+00:00,36038.87109375,36199.16015625,35912.5390625,36126.46875,0
2024-01-25 02:00:00+00:00,36162.01171875,36177.76953125,36028.05859375,36038.91015625,0
2024-01-25 03:00:00+00:00,36189.1796875,36198.08984375,36130.73828125,36168.03125,0
2024-01-25 04:00:00+00:00,36252.87890625,36279.359375,36187.66015625,36189.80859375,0
2024-01-25 05:00:00+00:00,36258.33984375,36312.359375,36242.41015625,36253.76171875,0
2024-01-25 06:00:00+00:00,36236.46875,36267.73046875,36236.46875,36267.73046875,0
2024-01-26 00:00:00+00:00,35898.890625,36060.3984375,35808.0390625,36003.0,0
2024-01-26 01:00:00+00:00,35869.83984375,35964.05078125,35818.4609375,35904.05078125,0
2024-01-26 02:00:00+00:00,35835.0703125,35919.12890625,35832.21875,35869.51953125,0
2024-01-26 03:00:00+00:00,35813.94921875,35832.390625,35755.80078125,35813.1796875,0
2024-01-26 04:00:00+00:00,35691.4296875,35808.55859375,35687.578125,35808.55859375,0
2024-01-26 05:00:00+00:00,35731.3203125,35867.78125,35691.98828125,35691.98828125,0
2024-01-26 06:00:00+00:00,35751.0703125,35751.0703125,35734.12109375,35734.12109375,0
2024-01-29 00:00:00+00:00,35926.109375,35969.328125,35813.76953125,35814.2890625,0
2024-01-29 01:00:00+00:00,36102.55859375,36105.8203125,35875.9296875,35920.62890625,0
2024-01-29 02:00:00+00:00,36079.140625,36167.109375,36062.37109375,36101.26953125,0
2024-01-29 03:00:00+00:00,36139.25,36186.87109375,36089.4296875,36091.23828125,0
2024-01-29 04:00:00+00:00,36050.171875,36147.5390625,36050.08984375,36138.44140625,0
2024-01-29 05:00:00+00:00,36032.23828125,36068.33984375,35957.19140625,36067.8515625,0
2024-01-29 06:00:00+00:00,36026.94140625,36062.4296875,36026.94140625,36062.4296875,0
2024-01-30 00:00:00+00:00,36139.16015625,36249.03125,36071.2109375,36196.640625,0
2024-01-30 01:00:00+00:00,36154.3203125,36188.96875,36124.98046875,36139.26171875,0
2024-01-30 02:00:00+00:00,36113.828125,36155.01953125,36048.62109375,36154.609375,0
2024-01-30 03:00:00+00:00,36117.44921875,36146.078125,36064.19140625,36079.76171875,0
2024-01-30 04:00:00+00:00,36141.37890625,36193.73828125,36113.8203125,36117.41015625,0
2024-01-30 05:00:00+00:00,36043.6796875,36141.69921875,36039.30859375,36141.69921875,0
2024-01-30 06:00:00+00:00,36065.859375,36065.859375,36043.6484375,36043.6484375,0
2024-01-31 00:00:00+00:00,35795.94921875,35909.19140625,35704.578125,35747.890625,0
2024-01-31 01:00:00+00:00,35863.75,35874.53125,35739.48828125,35797.41015625,0
2024-01-31 02:00:00+00:00,35876.9609375,35912.80078125,35859.0703125,35864.83984375,0
2024-01-31 03:00:00+00:00,35952.08984375,35989.03125,35900.44140625,35906.01953125,0
2024-01-31 04:00:00+00:00,36081.48046875,36097.0,35947.421875,35952.3203125,0
2024-01-31 05:00:00+00:00,36270.76953125,36270.76953125,36079.3203125,36081.0,0
2024-01-31 06:00:00+00:00,36286.7109375,36292.53125,36286.7109375,36292.53125,0
2024-02-01 00:00:00+00:00,35959.66015625,36146.359375,35944.05078125,36008.55859375,0
2024-02-01 01:00:00+00:00,36021.62890625,36118.390625,35940.05859375,35959.1015625,0
2024-02-01 02:00:00+00:00,36024.2890625,36028.421875,35956.08984375,36021.96875,0
2024-02-01 03:00:00+00:00,36010.328125,36028.4296875,35942.37890625,35987.62109375,0
2024-02-01 04:00:00+00:00,35970.671875,36014.23828125,35924.6015625,36011.08984375,0
2024-02-01 05:00:00+00:00,35969.1015625,36037.87109375,35949.171875,35970.671875,0
2024-02-01 06:00:00+00:00,36011.4609375,36011.4609375,35978.0,35978.0,0
2024-02-02 00:00:00+00:00,36265.55859375,36274.859375,36083.609375,36249.98828125,0
2024-02-02 01:00:00+00:00,36404.46875,36441.08984375,36228.08984375,36265.078125,0
2024-02-02 02:00:00+00:00,36370.6796875,36409.51953125,36302.421875,36404.3984375,0
2024-02-02 03:00:00+00:00,36266.0,36321.8203125,36266.0,36294.16015625,0
2024-02-02 04:00:00+00:00,36230.46875,36278.66015625,36128.9296875,36260.28125,0
2024-02-02 05:00:00+00:00,36180.76171875,36262.8203125,36150.01171875,36231.80078125,0
2024-02-02 06:00:00+00:00,36158.01953125,36179.12109375,36158.01953125,36179.12109375,0
2024-02-05 00:00:00+00:00,36254.3203125,36452.62109375,36235.109375,36419.33984375,0
2024-02-05 01:00:00+00:00,36339.2109375,36340.5703125,36213.0,36253.30078125,0
2024-02-05 02:00:00+00:00,36358.2109375,36379.69140625,36310.48046875,36338.328125,0
2024-02-05 03:00:00+00:00,36353.3203125,36413.8515625,36351.3203125,36398.8203125,0
2024-02-05 04:00:00+00:00,36365.2109375,36375.390625,36314.0390625,36353.828125,0
2024-02-05 05:00:00+00:00,36383.44140625,36412.96875,36346.671875,36367.26953125,0
2024-02-05 06:00:00+00:00,36354.16015625,36378.6015625,36354.16015625,36378.6015625,0
2024-02-06 00:00:00+00:00,36115.30078125,36284.28125,36105.828125,36249.078125,0
2024-02-06 01:00:00+00:00,36128.109375,36170.23046875,36065.98046875,36118.66015625,0
2024-02-06 02:00:00+00:00,36114.05859375,36155.55078125,36109.98828125,36125.98828125,0
2024-02-06 03:00:00+00:00,36166.609375,36166.609375,36106.3515625,36128.83984375,0
2024-02-06 04:00:00+00:00,36256.51953125,36273.01171875,36154.51171875,36166.30078125,0
2024-02-06 05:00:00+00:00,36141.96875,36294.48046875,36125.1796875,36258.55078125,0
2024-02-06 06:00:00+00:00,36160.66015625,36160.66015625,36144.2109375,36144.2109375,0
2024-02-07 00:00:00+00:00,36176.55859375,36192.578125,35906.3203125,36002.98828125,0
2024-02-07 01:00:00+00:00,36105.3984375,36195.5,36068.78125,36178.55078125,0
2024-02-07 02:00:00+00:00,36122.5703125,36141.03125,36082.83984375,36110.5390625,0
2024-02-07 03:00:00+00:00,35893.80078125,36092.0,35854.62890625,36092.0,0
2024-02-07 04:00:00+00:00,36091.51171875,36110.55078125,35890.98828125,35892.53125,0
2024-02-07 05:00:00+00:00,36134.96875,36134.96875,36052.578125,36091.609375,0
2024-02-07 06:00:00+00:00,36119.921875,36138.73046875,36119.921875,36138.73046875,0
2024-02-08 00:00:00+00:00,36363.51953125,36443.62109375,36206.19921875,36258.83984375,0
2024-02-08 01:00:00+00:00,36578.921875,36582.140625,36344.73828125,36362.05859375,0
2024-02-08 02:00:00+00:00,36738.421875,36741.87109375,36571.3984375,36578.48828125,0
2024-02-08 03:00:00+00:00,36745.37109375,36793.609375,36705.6796875,36742.3984375,0
2024-02-08 04:00:00+00:00,36956.12890625,36956.96875,36727.28125,36744.109375,0
2024-02-08 05:00:00+00:00,36901.96875,36954.37890625,36802.94140625,36954.37890625,0
2024-02-08 06:00:00+00:00,36863.28125,36890.5390625,36863.28125,36890.5390625,0
2024-02-09 00:00:00+00:00,37249.62109375,37287.26171875,36807.03125,36915.44140625,0
2024-02-09 01:00:00+00:00,36991.08984375,37266.33984375,36978.6796875,37251.58984375,0
2024-02-09 02:00:00+00:00,37029.91015625,37054.33984375,36932.390625,36993.1484375,0
2024-02-09 03:00:00+00:00,37085.4296875,37124.76171875,36995.328125,37003.75,0
2024-02-09 04:00:00+00:00,36997.609375,37140.078125,36975.421875,37085.890625,0
2024-02-09 05:00:00+00:00,36942.1015625,37033.05078125,36922.109375,36997.21875,0
2024-02-09 06:00:00+00:00,36897.421875,36928.69921875,36897.421875,36928.69921875,0
2024-02-13 00:00:00+00:00,37517.2109375,37634.76171875,37184.1015625,37248.359375,0
2024-02-13 01:00:00+00:00,37657.4296875,37659.05078125,37478.9609375,37522.08984375,0
2024-02-13 02:00:00+00:00,37798.890625,37802.51171875,37654.890625,37655.48828125,0
2024-02-13 03:00:00+00:00,37857.5703125,37894.12890625,37778.140625,37799.171875,0
2024-02-13 04:00:00+00:00,37843.4296875,37930.1015625,37796.66015625,37858.12109375,0
2024-02-13 05:00:00+00:00,37991.8984375,38010.69140625,37813.671875,37841.28125,0
2024-02-13 06:00:00+00:00,37963.96875,37986.01171875,37963.96875,37986.01171875,0
2024-02-14 00:00:00+00:00,37770.80859375,37825.8515625,37639.12109375,37712.87109375,0
2024-02-14 01:00:00+00:00,37677.51171875,37817.80859375,37657.26171875,37770.30078125,0
2024-02-14 02:00:00+00:00,37646.94921875,37697.390625,37627.05078125,37676.1015625,0
2024-02-14 03:00:00+00:00,37638.48828125,37717.01953125,37622.28125,37658.51171875,0
2024-02-14 04:00:00+00:00,37699.78125,37704.51953125,37594.46875,37641.3984375,0
2024-02-14 05:00:00+00:00,37747.76171875,37807.359375,37677.37109375,37699.2109375,0
2024-02-14 06:00:00+00:00,37703.3203125,37721.4609375,37703.3203125,37721.4609375,0
2024-02-15 00:00:00+00:00,38015.3515625,38127.8515625,37962.69921875,38017.828125,0
2024-02-15 01:00:00+00:00,38012.6015625,38063.140625,37951.33984375,38014.94921875,0
2024-02-15 02:00:00+00:00,37948.3515625,38025.41015625,37935.359375,38021.37109375,0
2024-02-15 03:00:00+00:00,38093.76953125,38100.8984375,38018.78125,38018.78125,0
2024-02-15 04:00:00+00:00,38034.80859375,38111.5390625,38021.76171875,38095.41015625,0
2024-02-15 05:00:00+00:00,38165.0703125,38186.44921875,38020.8515625,38034.25,0
2024-02-15 06:00:00+00:00,38157.94140625,38188.73828125,38157.94140625,38188.73828125,0
2024-02-16 00:00:00+00:00,38837.6484375,38859.5703125,38506.5703125,38517.37109375,0
2024-02-16 01:00:00+00:00,38366.33984375,38865.05859375,38361.55078125,38837.41015625,0
2024-02-16 02:00:00+00:00,38505.890625,38516.26171875,38366.12109375,38366.12109375,0
2024-02-16 03:00:00+00:00,38789.12890625,38831.16015625,38573.48828125,38596.19140625,0
2024-02-16 04:00:00+00:00,38555.76171875,38806.4609375,38539.171875,38788.12890625,0
2024-02-16 05:00:00+00:00,38502.5390625,38634.5,38456.7109375,38547.859375,0
2024-02-16 06:00:00+00:00,38487.23828125,38511.33984375,38487.23828125,38511.33984375,0
2024-02-19 00:00:00+00:00,38472.8515625,38555.83984375,38425.94140625,38473.41015625,0
2024-02-19 01:00:00+00:00,38365.5703125,38473.71875,38320.91015625,38473.71875,0
2024-02-19 02:00:00+00:00,38365.58984375,38366.76171875,38281.69921875,38363.94921875,0
2024-02-19 03:00:00+00:00,38351.94921875,38406.48046875,38338.28125,38363.28125,0
2024-02-19 04:00:00+00:00,38456.1015625,38471.28125,38349.0,38352.5,0
2024-02-19 05:00:00+00:00,38454.05859375,38477.171875,38404.41015625,38455.05078125,0
2024-02-19 06:00:00+00:00,38470.37890625,38470.37890625,38438.53125,38438.53125,0
2024-02-20 00:00:00+00:00,38542.71875,38555.58984375,38430.76171875,38510.37109375,0
2024-02-20 01:00:00+00:00,38471.05078125,38742.328125,38446.58984375,38542.98828125,0
2024-02-20 02:00:00+00:00,38438.640625,38470.96875,38387.0,38470.30078125,0
2024-02-20 03:00:00+00:00,38388.96875,38389.30078125,38288.0390625,38351.359375,0
2024-02-20 04:00:00+00:00,38336.359375,38440.26171875,38325.73828125,38390.48828125,0
2024-02-20 05:00:00+00:00,38409.390625,38466.41015625,38336.05078125,38336.05078125,0
2024-02-20 06:00:00+00:00,38363.609375,38398.140625,38363.609375,38398.140625,0
2024-02-21 00:00:00+00:00,38214.5390625,38282.44921875,38130.5703125,38191.96875,0
2024-02-21 01:00:00+00:00,38257.1484375,38339.69921875,38213.94921875,38213.94921875,0
2024-02-21 02:00:00+00:00,38188.8515625,38267.2109375,38173.91015625,38249.91015625,0
2024-02-21 03:00:00+00:00,38160.80859375,38197.0703125,38095.1484375,38163.4296875,0
2024-02-21 04:00:00+00:00,38232.8515625,38265.87109375,38160.37890625,38160.37890625,0
2024-02-21 05:00:00+00:00,38280.0,38283.46875,38222.30078125,38232.69140625,0
2024-02-21 06:00:00+00:00,38262.16015625,38296.78125,38262.16015625,38296.78125,0
2024-02-22 00:00:00+00:00,38845.51953125,38856.44921875,38508.0703125,38508.0703125,0
2024-02-22 01:00:00+00:00,38785.1484375,38924.87890625,38772.33984375,38847.80078125,0
2024-02-22 02:00:00+00:00,38913.83984375,38917.51953125,38785.41015625,38785.41015625,0
2024-02-22 03:00:00+00:00,38996.578125,39029.0,38957.578125,38962.328125,0
2024-02-22 04:00:00+00:00,38885.6484375,38997.921875,38817.33984375,38997.921875,0
2024-02-22 05:00:00+00:00,39113.12890625,39156.96875,38865.828125,38884.75,0
2024-02-22 06:00:00+00:00,39098.6796875,39128.71875,39098.6796875,39128.71875,0
2024-02-26 00:00:00+00:00,39276.1015625,39379.55078125,39194.21875,39320.640625,0
2024-02-26 01:00:00+00:00,39306.53125,39388.078125,39238.1484375,39281.53125,0
2024-02-26 02:00:00+00:00,39309.80078125,39354.87890625,39286.66015625,39311.5703125,0
2024-02-26 03:00:00+00:00,39321.48828125,39347.7109375,39269.2890625,39278.4609375,0
2024-02-26 04:00:00+00:00,39236.80859375,39322.37890625,39217.890625,39322.37890625,0
2024-02-26 05:00:00+00:00,39198.4609375,39275.46875,39181.03125,39237.640625,0
2024-02-26 06:00:00+00:00,39233.7109375,39233.7109375,39185.16015625,39185.16015625,0
2024-02-27 00:00:00+00:00,39371.0390625,39392.6796875,39252.21875,39260.78125,0
2024-02-27 01:00:00+00:00,39321.19921875,39426.2890625,39296.80859375,39371.55859375,0
2024-02-27 02:00:00+00:00,39173.921875,39373.46875,39113.03125,39323.94921875,0
2024-02-27 03:00:00+00:00,39208.01953125,39260.390625,39193.578125,39193.578125,0
2024-02-27 04:00:00+00:00,39167.23046875,39233.58984375,39141.76171875,39207.390625,0
2024-02-27 05:00:00+00:00,39273.8515625,39273.8515625,39151.3515625,39166.73828125,0
2024-02-27 06:00:00+00:00,39239.51953125,39276.98046875,39239.51953125,39276.98046875,0
2024-02-28 00:00:00+00:00,39183.33984375,39283.94921875,39174.1484375,39189.21875,0
2024-02-28 01:00:00+00:00,39125.08984375,39194.23828125,39075.46875,39170.26171875,0
2024-02-28 02:00:00+00:00,39191.98828125,39191.98828125,39105.01953125,39126.390625,0
2024-02-28 03:00:00+00:00,39246.44921875,39265.23046875,39184.078125,39192.28125,0
2024-02-28 04:00:00+00:00,39223.87109375,39259.6484375,39194.8203125,39245.98828125,0
2024-02-28 05:00:00+00:00,39168.28125,39282.421875,39161.53125,39224.078125,0
2024-02-28 06:00:00+00:00,39208.03125,39208.03125,39163.7890625,39163.7890625,0
2024-02-29 00:00:00+00:00,39084.41015625,39086.8203125,38876.80859375,38935.53125,0
2024-02-29 01:00:00+00:00,38994.671875,39159.23828125,38944.3984375,39083.71875,0
2024-02-29 02:00:00+00:00,38953.48828125,39038.1796875,38924.48046875,38991.73046875,0
2024-02-29 03:00:00+00:00,39044.078125,39047.19921875,38886.71875,38903.05859375,0
2024-02-29 04:00:00+00:00,39177.109375,39192.23046875,39028.0390625,39045.28125,0
2024-02-29 05:00:00+00:00,39184.98828125,39250.12109375,39124.51953125,39177.390625,0
2024-02-29 06:00:00+00:00,39166.19140625,39187.1484375,39166.19140625,39187.1484375,0
2024-03-01 00:00:00+00:00,39612.69921875,39619.76171875,39224.640625,39254.69140625,0
2024-03-01 01:00:00+00:00,39858.69921875,39862.69921875,39608.12109375,39608.12109375,0
2024-03-01 02:00:00+00:00,39883.859375,39888.109375,39808.859375,39860.01171875,0
2024-03-01 03:00:00+00:00,39844.01953125,39881.96875,39816.2109375,39872.4609375,0
2024-03-01 04:00:00+00:00,39939.48828125,39945.30078125,39842.26953125,39842.98046875,0
2024-03-01 05:00:00+00:00,39941.16015625,39990.23046875,39908.8515625,39938.12109375,0
2024-03-01 06:00:00+00:00,39910.8203125,39910.8203125,39910.8203125,39910.8203125,0
2024-03-04 00:00:00+00:00,40252.5390625,40301.30078125,40123.359375,40201.76171875,0
2024-03-04 01:00:00+00:00,40226.73046875,40314.640625,40194.33984375,40254.609375,0
2024-03-04 02:00:00+00:00,40226.828125,40243.05859375,40154.30859375,40227.6796875,0
2024-03-04 03:00:00+00:00,40159.83984375,40184.41015625,40076.26953125,40166.41015625,0
2024-03-04 04:00:00+00:00,40100.6015625,40159.6796875,40051.6796875,40159.6796875,0
2024-03-04 05:00:00+00:00,40084.98046875,40114.5390625,40001.55078125,40100.1015625,0
2024-03-04 06:00:00+00:00,40109.23046875,40109.23046875,40059.0703125,40059.0703125,0
2024-03-05 00:00:00+00:00,39913.30859375,40047.4296875,39862.0,39881.73046875,0
2024-03-05 01:00:00+00:00,39900.5703125,39952.2890625,39840.33984375,39912.5703125,0
2024-03-05 02:00:00+00:00,39940.609375,39950.46875,39882.671875,39899.48046875,0
2024-03-05 03:00:00+00:00,40134.05859375,40167.609375,39972.8515625,39978.859375,0
2024-03-05 04:00:00+00:00,40181.01953125,40226.98828125,40127.55859375,40132.921875,0
2024-03-05 05:00:00+00:00,40124.73046875,40213.44921875,40057.73046875,40178.12890625,0
2024-03-05 06:00:00+00:00,40097.62890625,40143.23828125,40097.62890625,40143.23828125,0
2024-03-06 00:00:00+00:00,39945.890625,39975.2109375,39769.0390625,39792.37109375,0
2024-03-06 01:00:00+00:00,40008.8203125,40039.16015625,39929.609375,39940.671875,0
2024-03-06 02:00:00+00:00,39997.66015625,40021.640625,39980.62109375,40011.03125,0
2024-03-06 03:00:00+00:00,40050.12890625,40076.83984375,39999.078125,40075.83984375,0
2024-03-06 04:00:00+00:00,40073.0,40094.171875,40028.78125,40051.37109375,0
2024-03-06 05:00:00+00:00,40113.0703125,40147.76953125,40064.25,40075.48046875,0
2024-03-06 06:00:00+00:00,40090.78125,40105.69140625,40090.78125,40105.69140625,0
2024-03-07 00:00:00+00:00,40202.62890625,40472.109375,40202.62890625,40331.05859375,0
2024-03-07 01:00:00+00:00,39815.3515625,40203.51171875,39794.12890625,40203.140625,0
2024-03-07 02:00:00+00:00,39731.171875,39818.7109375,39680.73046875,39815.16015625,0
2024-03-07 03:00:00+00:00,39887.26171875,39887.26171875,39653.75,39732.6484375,0
2024-03-07 04:00:00+00:00,39714.62890625,39887.3984375,39698.390625,39887.3984375,0
2024-03-07 05:00:00+00:00,39624.30078125,39741.640625,39518.3984375,39714.6484375,0
2024-03-07 06:00:00+00:00,39598.7109375,39613.75,39598.7109375,39613.75,0
2024-03-08 00:00:00+00:00,39728.44140625,39843.3984375,39551.6015625,39809.55859375,0
2024-03-08 01:00:00+00:00,39948.578125,39948.609375,39653.83984375,39727.890625,0
2024-03-08 02:00:00+00:00,39935.23828125,39951.58984375,39855.58984375,39951.58984375,0
2024-03-08 03:00:00+00:00,39906.01171875,39989.328125,39864.58984375,39883.7890625,0
2024-03-08 04:00:00+00:00,39778.890625,39982.87109375,39745.41015625,39900.26953125,0
2024-03-08 05:00:00+00:00,39666.01953125,39786.9296875,39618.12109375,39779.21875,0
2024-03-08 06:00:00+00:00,39688.94140625,39688.94140625,39649.921875,39649.921875,0
2024-03-11 00:00:00+00:00,38742.6796875,39241.28125,38710.01171875,39232.140625,0
2024-03-11 01:00:00+00:00,38714.5,38835.109375,38701.55078125,38741.421875,0
2024-03-11 02:00:00+00:00,38704.1015625,38767.140625,38698.21875,38715.109375,0
2024-03-11 03:00:00+00:00,38616.6796875,38756.359375,38602.140625,38755.359375,0
2024-03-11 04:00:00+00:00,38523.87890625,38648.53125,38496.66015625,38625.91015625,0
2024-03-11 05:00:00+00:00,38836.73046875,38836.73046875,38498.73046875,38524.6015625,0
2024-03-11 06:00:00+00:00,38820.48828125,38868.1015625,38820.48828125,38868.1015625,0
2024-03-12 00:00:00+00:00,38360.609375,38519.921875,38276.83984375,38470.390625,0
2024-03-12 01:00:00+00:00,38371.46875,38458.16015625,38271.37890625,38366.0390625,0
2024-03-12 02:00:00+00:00,38586.921875,38650.78125,38362.109375,38371.078125,0
2024-03-12 03:00:00+00:00,38639.859375,38698.359375,38578.98828125,38679.921875,0
2024-03-12 04:00:00+00:00,38588.6484375,38690.6796875,38544.5,38634.7109375,0
2024-03-12 05:00:00+00:00,38810.73046875,38824.80078125,38586.62890625,38586.62890625,0
2024-03-12 06:00:00+00:00,38797.51171875,38841.80078125,38797.51171875,38841.80078125,0
2024-03-13 00:00:00+00:00,38854.96875,39147.80078125,38827.76171875,39059.94921875,0
2024-03-13 01:00:00+00:00,38723.9296875,38855.1796875,38573.8984375,38855.1796875,0
2024-03-13 02:00:00+00:00,38636.12109375,38803.05859375,38629.1484375,38724.87890625,0
2024-03-13 03:00:00+00:00,38668.44921875,38686.8984375,38452.5703125,38543.3515625,0
2024-03-13 04:00:00+00:00,38748.171875,38772.23046875,38643.8984375,38670.16015625,0
2024-03-13 05:00:00+00:00,38695.390625,38797.26171875,38653.8203125,38749.26171875,0
2024-03-13 06:00:00+00:00,38695.96875,38695.96875,38671.76171875,38671.76171875,0
2024-03-14 00:00:00+00:00,38477.58984375,38621.21875,38400.171875,38591.73046875,0
2024-03-14 01:00:00+00:00,38588.12109375,38615.359375,38407.1796875,38438.4296875,0
2024-03-14 02:00:00+00:00,38625.21875,38635.41015625,38527.0703125,38586.19921875,0
2024-03-14 03:00:00+00:00,38679.12890625,38693.109375,38590.828125,38599.55859375,0
2024-03-14 04:00:00+00:00,38806.80859375,38809.9296875,38677.37109375,38677.37109375,0
2024-03-14 05:00:00+00:00,38822.25,38838.98046875,38745.328125,38805.98046875,0
2024-03-14 06:00:00+00:00,38807.37890625,38840.328125,38807.37890625,38840.328125,0
2024-03-15 00:00:00+00:00,38657.05859375,38753.48828125,38519.94140625,38548.16015625,0
2024-03-15 01:00:00+00:00,38724.6484375,38748.23828125,38579.69921875,38655.3984375,0
2024-03-15 02:00:00+00:00,38751.5390625,38779.359375,38663.8515625,38724.51171875,0
2024-03-15 03:00:00+00:00,38750.01953125,38808.6796875,38716.7890625,38748.91015625,0
2024-03-15 04:00:00+00:00,38597.44921875,38750.328125,38562.8515625,38747.12109375,0
2024-03-15 05:00:00+00:00,38718.87890625,38718.87890625,38596.53125,38596.53125,0
2024-03-15 06:00:00+00:00,38707.640625,38707.640625,38707.640625,38707.640625,0
2024-03-18 00:00:00+00:00,39523.62890625,39523.62890625,38935.46875,38960.98828125,0
2024-03-18 01:00:00+00:00,39594.8515625,39594.8515625,39469.55859375,39515.859375,0
2024-03-18 02:00:00+00:00,39521.4296875,39612.94140625,39496.94140625,39592.80859375,0
2024-03-18 03:00:00+00:00,39573.7109375,39595.4296875,39532.609375,39552.7890625,0
2024-03-18 04:00:00+00:00,39617.01171875,39652.80078125,39563.21875,39572.3984375,0
2024-03-18 05:00:00+00:00,39715.83984375,39722.8515625,39606.23828125,39617.1796875,0
2024-03-18 06:00:00+00:00,39740.44140625,39769.109375,39740.44140625,39769.109375,0
2024-03-19 00:00:00+00:00,39489.76171875,39622.578125,39458.8984375,39622.578125,0
2024-03-19 01:00:00+00:00,39443.4296875,39549.140625,39407.5,39492.26171875,0
2024-03-19 02:00:00+00:00,39596.2890625,39596.2890625,39445.328125,39445.328125,0
2024-03-19 03:00:00+00:00,39699.46875,39908.171875,39449.078125,39568.01171875,0
2024-03-19 04:00:00+00:00,39875.78125,39907.03125,39658.7890625,39719.109375,0
2024-03-19 05:00:00+00:00,39958.390625,39958.421875,39831.75,39876.98828125,0
2024-03-19 06:00:00+00:00,40003.6015625,40003.6015625,39985.51171875,39985.51171875,0
2024-03-21 00:00:00+00:00,40717.2890625,40748.76953125,40487.19921875,40511.55078125,0
2024-03-21 01:00:00+00:00,40569.578125,40744.140625,40452.19140625,40711.55078125,0
2024-03-21 02:00:00+00:00,40670.51953125,40688.3203125,40530.7890625,40565.3984375,0
2024-03-21 03:00:00+00:00,40670.83984375,40681.390625,40596.078125,40654.6484375,0
2024-03-21 04:00:00+00:00,40803.26953125,40812.55078125,40643.53125,40670.078125,0
2024-03-21 05:00:00+00:00,40796.12109375,40823.3203125,40750.01171875,40803.55078125,0
2024-03-21 06:00:00+00:00,40815.66015625,40815.66015625,40795.51171875,40795.51171875,0
2024-03-22 00:00:00+00:00,41040.8203125,41087.75,40903.0390625,40942.87890625,0
2024-03-22 01:00:00+00:00,40909.69921875,41064.7109375,40892.23046875,41045.4296875,0
2024-03-22 02:00:00+00:00,40844.53125,40930.21875,40843.19140625,40910.37109375,0
2024-03-22 03:00:00+00:00,40851.5390625,40860.87109375,40714.140625,40785.66015625,0
2024-03-22 04:00:00+00:00,40912.6796875,40939.8515625,40825.55859375,40851.671875,0
2024-03-22 05:00:00+00:00,40904.19921875,41001.5,40890.4296875,40915.921875,0
2024-03-22 06:00:00+00:00,40888.4296875,40889.5703125,40888.4296875,40889.5703125,0
2024-03-25 00:00:00+00:00,40788.91015625,40837.1796875,40686.08984375,40798.9609375,0
2024-03-25 01:00:00+00:00,40653.9296875,40818.26953125,40594.3515625,40789.6015625,0
2024-03-25 02:00:00+00:00,40621.23828125,40659.98046875,40568.76953125,40654.87109375,0
2024-03-25 03:00:00+00:00,40614.0390625,40649.19140625,40540.26171875,40588.5703125,0
2024-03-25 04:00:00+00:00,40637.44140625,40654.609375,40577.75,40615.76953125,0
2024-03-25 05:00:00+00:00,40442.2890625,40647.44140625,40440.4609375,40637.05859375,0
2024-03-25 06:00:00+00:00,40414.12109375,40417.46875,40414.12109375,40417.46875,0
2024-03-26 00:00:00+00:00,40474.12890625,40529.53125,40308.4296875,40345.0390625,0
2024-03-26 01:00:00+00:00,40404.421875,40510.171875,40369.6484375,40471.62890625,0
2024-03-26 02:00:00+00:00,40364.3984375,40406.16015625,40327.75,40406.16015625,0
2024-03-26 03:00:00+00:00,40389.671875,40394.1484375,40280.8515625,40346.7890625,0
2024-03-26 04:00:00+00:00,40364.6484375,40455.98046875,40355.58984375,40389.73828125,0
2024-03-26 05:00:00+00:00,40449.66015625,40484.23828125,40328.03125,40364.16015625,0
2024-03-26 06:00:00+00:00,40398.03125,40420.640625,40398.03125,40420.640625,0
2024-03-27 00:00:00+00:00,40675.91015625,40677.0,40452.2109375,40517.171875,0
2024-03-27 01:00:00+00:00,40771.1796875,40794.41015625,40589.78125,40674.7890625,0
2024-03-27 02:00:00+00:00,40804.8515625,40811.2109375,40756.98828125,40772.8984375,0
2024-03-27 03:00:00+00:00,40847.0390625,40896.390625,40806.140625,40833.78125,0
2024-03-27 04:00:00+00:00,40897.890625,40897.890625,40806.8203125,40847.1484375,0
2024-03-27 05:00:00+00:00,40758.30859375,40979.359375,40747.46875,40898.25,0
2024-03-27 06:00:00+00:00,40762.73046875,40762.73046875,40750.78125,40750.78125,0
2024-03-28 00:00:00+00:00,40357.66015625,40482.01953125,40289.53125,40324.421875,0
2024-03-28 01:00:00+00:00,40246.25,40385.12890625,40213.2109375,40357.5703125,0
2024-03-28 02:00:00+00:00,40283.44140625,40285.828125,40219.30859375,40244.98828125,0
2024-03-28 03:00:00+00:00,40297.91015625,40324.01171875,40254.69140625,40299.921875,0
2024-03-28 04:00:00+00:00,40278.37109375,40306.75,40238.859375,40292.6484375,0
2024-03-28 05:00:00+00:00,40150.4296875,40283.08984375,40054.05859375,40278.98046875,0
2024-03-28 06:00:00+00:00,40168.0703125,40168.0703125,40160.921875,40160.921875,0
2024-03-29 00:00:00+00:00,40329.578125,40420.87890625,40275.640625,40277.44921875,0
2024-03-29 01:00:00+00:00,40403.37890625,40418.48046875,40294.46875,40332.01953125,0
2024-03-29 02:00:00+00:00,40466.8203125,40466.8203125,40386.078125,40401.6484375,0
2024-03-29 03:00:00+00:00,40297.5390625,40362.2890625,40268.109375,40339.05078125,0
2024-03-29 04:00:00+00:00,40350.44921875,40358.25,40283.7109375,40297.12890625,0
2024-03-29 05:00:00+00:00,40444.0703125,40521.7109375,40320.96875,40350.37890625,0
2024-03-29 06:00:00+00:00,40369.44140625,40393.44140625,40369.44140625,40393.44140625,0
2024-04-01 00:00:00+00:00,40401.890625,40697.21875,40320.66015625,40646.69921875,0
2024-04-01 01:00:00+00:00,39964.078125,40403.8203125,39963.12109375,40403.390625,0
2024-04-01 02:00:00+00:00,39765.21875,39968.01953125,39737.19921875,39963.19140625,0
2024-04-01 03:00:00+00:00,39932.30078125,39954.8203125,39706.44921875,39709.98828125,0
2024-04-01 04:00:00+00:00,39928.4296875,39975.6015625,39869.0703125,39929.98046875,0
2024-04-01 05:00:00+00:00,39836.80859375,39940.6796875,39804.01953125,39929.2109375,0
2024-04-01 06:00:00+00:00,39803.08984375,39828.0390625,39803.08984375,39828.0390625,0
2024-04-02 00:00:00+00:00,40057.03125,40151.05078125,39792.2109375,39892.58984375,0
2024-04-02 01:00:00+00:00,39945.98046875,40065.73046875,39855.98828125,40058.5703125,0
2024-04-02 02:00:00+00:00,39853.19921875,39984.55078125,39838.8984375,39958.76953125,0
2024-04-02 03:00:00+00:00,39773.359375,39917.390625,39727.0703125,39917.390625,0
2024-04-02 04:00:00+00:00,39811.7890625,39829.7109375,39707.87109375,39779.80859375,0
2024-04-02 05:00:00+00:00,39846.1796875,39864.19140625,39765.69140625,39812.109375,0
2024-04-02 06:00:00+00:00,39838.91015625,39849.19921875,39838.91015625,39849.19921875,0
2024-04-03 00:00:00+00:00,39534.828125,39603.7109375,39217.0390625,39503.71875,0
2024-04-03 01:00:00+00:00,39435.890625,39547.76171875,39296.1015625,39547.76171875,0
2024-04-03 02:00:00+00:00,39428.578125,39476.3515625,39360.76953125,39438.6796875,0
2024-04-03 03:00:00+00:00,39597.0703125,39618.05078125,39442.23046875,39469.69921875,0
2024-04-03 04:00:00+00:00,39606.73828125,39625.8984375,39533.609375,39596.5390625,0
2024-04-03 05:00:00+00:00,39465.109375,39617.69921875,39443.48828125,39601.6015625,0
2024-04-03 06:00:00+00:00,39451.8515625,39451.8515625,39446.73828125,39446.73828125,0
2024-04-04 00:00:00+00:00,40099.3515625,40243.01953125,39899.44140625,39928.328125,0
2024-04-04 01:00:00+00:00,40121.9609375,40191.03125,40004.109375,40111.33984375,0
2024-04-04 02:00:00+00:00,40101.8203125,40124.01953125,40018.12890625,40120.46875,0
2024-04-04 03:00:00+00:00,40086.390625,40162.44921875,40082.921875,40135.71875,0
2024-04-04 04:00:00+00:00,39999.91015625,40115.96875,39985.05078125,40085.3515625,0
2024-04-04 05:00:00+00:00,39839.5703125,39999.71875,39798.6015625,39999.71875,0
2024-04-04 06:00:00+00:00,39773.140625,39806.48046875,39773.140625,39806.48046875,0
2024-04-05 00:00:00+00:00,39012.69140625,39274.76171875,38990.1015625,39237.390625,0
2024-04-05 01:00:00+00:00,38808.8203125,39039.6015625,38774.23828125,39012.671875,0
2024-04-05 02:00:00+00:00,38812.23828125,38872.890625,38787.55859375,38807.2890625,0
2024-04-05 03:00:00+00:00,39056.26953125,39056.26953125,38829.87890625,38842.28125,0
2024-04-05 04:00:00+00:00,38927.33984375,39053.26171875,38926.33984375,39053.26171875,0
2024-04-05 05:00:00+00:00,39005.6796875,39011.3515625,38874.69140625,38927.828125,0
2024-04-05 06:00:00+00:00,38992.078125,39014.62109375,38992.078125,39014.62109375,0
2024-04-08 00:00:00+00:00,39436.71875,39492.19921875,39294.30859375,39407.19921875,0
2024-04-08 01:00:00+00:00,39599.25,39615.26171875,39388.26171875,39436.23046875,0
2024-04-08 02:00:00+00:00,39517.80859375,39617.359375,39505.328125,39600.109375,0
2024-04-08 03:00:00+00:00,39232.03125,39409.6484375,39218.609375,39409.6484375,0
2024-04-08 04:00:00+00:00,39299.26171875,39345.66015625,39225.1796875,39230.94140625,0
2024-04-08 05:00:00+00:00,39319.3984375,39326.87109375,39202.2890625,39299.078125,0
2024-04-08 06:00:00+00:00,39347.0390625,39347.0390625,39335.33984375,39335.33984375,0
2024-04-09 00:00:00+00:00,39532.62890625,39649.26953125,39496.94921875,39496.94921875,0
2024-04-09 01:00:00+00:00,39524.05078125,39639.25,39491.390625,39534.3203125,0
2024-04-09 02:00:00+00:00,39540.76171875,39567.51171875,39476.12890625,39524.30859375,0
2024-04-09 03:00:00+00:00,39610.55859375,39636.3515625,39518.9609375,39559.26953125,0
2024-04-09 04:00:00+00:00,39653.4296875,39691.51171875,39579.19140625,39613.37890625,0
2024-04-09 05:00:00+00:00,39738.171875,39764.91015625,39648.08984375,39653.140625,0
2024-04-09 06:00:00+00:00,39773.12890625,39773.12890625,39750.8515625,39750.8515625,0
2024-04-10 00:00:00+00:00,39611.98828125,39703.9296875,39535.23046875,39582.328125,0
2024-04-10 01:00:00+00:00,39625.30859375,39676.08984375,39563.6015625,39612.37890625,0
2024-04-10 02:00:00+00:00,39666.23828125,39693.23828125,39619.87109375,39626.3203125,0
2024-04-10 03:00:00+00:00,39652.3515625,39708.69921875,39649.19921875,39683.8203125,0
2024-04-10 04:00:00+00:00,39642.55078125,39663.33984375,39602.390625,39659.921875,0
2024-04-10 05:00:00+00:00,39551.94921875,39678.66015625,39512.421875,39643.51953125,0
2024-04-10 06:00:00+00:00,39581.80859375,39581.80859375,39572.26171875,39572.26171875,0
2024-04-11 00:00:00+00:00,39287.6015625,39291.37890625,39065.30859375,39090.6796875,0
2024-04-11 01:00:00+00:00,39282.578125,39355.6484375,39229.71875,39289.109375,0
2024-04-11 02:00:00+00:00,39383.73046875,39383.73046875,39277.91015625,39281.44921875,0
2024-04-11 03:00:00+00:00,39418.26171875,39441.75,39384.1796875,39405.828125,0
2024-04-11 04:00:00+00:00,39409.25,39438.140625,39359.69921875,39417.94140625,0
2024-04-11 05:00:00+00:00,39424.44140625,39473.48046875,39386.2109375,39409.46875,0
2024-04-11 06:00:00+00:00,39442.62890625,39442.62890625,39423.96875,39423.96875,0
2024-04-12 00:00:00+00:00,39524.46875,39774.8203125,39514.66015625,39722.01953125,0
2024-04-12 01:00:00+00:00,39702.62890625,39702.80078125,39457.73046875,39523.48828125,0
2024-04-12 02:00:00+00:00,39642.66015625,39708.21875,39635.05859375,39703.3984375,0
2024-04-12 03:00:00+00:00,39594.48046875,39684.578125,39588.1484375,39675.7890625,0
2024-04-12 04:00:00+00:00,39536.98828125,39626.2109375,39532.609375,39594.98828125,0
2024-04-12 05:00:00+00:00,39545.87109375,39589.8203125,39503.0,39537.109375,0
2024-04-12 06:00:00+00:00,39523.55078125,39535.66015625,39523.55078125,39535.66015625,0
2024-04-15 00:00:00+00:00,38971.859375,39115.5703125,38820.94921875,39056.9296875,0
2024-04-15 01:00:00+00:00,39092.73828125,39108.44921875,38922.7890625,38979.4296875,0
2024-04-15 02:00:00+00:00,39114.19140625,39170.3515625,39080.03125,39091.078125,0
2024-04-15 03:00:00+00:00,39083.3515625,39166.7890625,39083.3515625,39092.21875,0
2024-04-15 04:00:00+00:00,39125.37890625,39140.48828125,39069.4609375,39079.91015625,0
2024-04-15 05:00:00+00:00,39204.30078125,39204.30078125,39124.75,39124.75,0
2024-04-15 06:00:00+00:00,39232.80078125,39232.80078125,39210.1484375,39210.1484375,0
2024-04-16 00:00:00+00:00,38605.83984375,38764.8203125,38523.30859375,38750.671875,0
2024-04-16 01:00:00+00:00,38516.08984375,38611.2109375,38461.109375,38601.19921875,0
2024-04-16 02:00:00+00:00,38405.578125,38526.48828125,38405.578125,38515.9609375,0
2024-04-16 03:00:00+00:00,38446.390625,38446.390625,38326.69921875,38382.3515625,0
2024-04-16 04:00:00+00:00,38413.30078125,38446.3984375,38322.3203125,38446.3984375,0
2024-04-16 05:00:00+00:00,38482.140625,38591.05859375,38387.078125,38412.421875,0
2024-04-16 06:00:00+00:00,38471.19921875,38471.19921875,38463.671875,38463.671875,0
2024-04-17 00:00:00+00:00,38250.16015625,38587.609375,38160.828125,38587.46875,0
2024-04-17 01:00:00+00:00,38359.16015625,38371.94921875,38162.01171875,38251.6015625,0
2024-04-17 02:00:00+00:00,38404.44921875,38430.75,38345.859375,38360.609375,0
2024-04-17 03:00:00+00:00,38459.48828125,38502.6015625,38376.171875,38415.69921875,0
2024-04-17 04:00:00+00:00,38334.48828125,38474.01953125,38281.51953125,38458.48828125,0
2024-04-17 05:00:00+00:00,37982.609375,38335.6484375,37976.171875,38335.6484375,0
2024-04-17 06:00:00+00:00,37961.80078125,37996.98046875,37961.80078125,37996.98046875,0
2024-04-18 00:00:00+00:00,37831.94140625,37873.58984375,37644.91015625,37745.0390625,0
2024-04-18 01:00:00+00:00,37955.75,37955.75,37776.3515625,37831.87890625,0
2024-04-18 02:00:00+00:00,38090.87109375,38090.87109375,37924.609375,37955.55859375,0
2024-04-18 03:00:00+00:00,38116.859375,38164.078125,38077.3203125,38136.5703125,0
2024-04-18 04:00:00+00:00,38065.94140625,38187.078125,38055.171875,38116.5703125,0
2024-04-18 05:00:00+00:00,38064.48828125,38216.75,38013.8984375,38073.51953125,0
2024-04-18 06:00:00+00:00,38079.69921875,38079.69921875,38066.01953125,38066.01953125,0
2024-04-19 00:00:00+00:00,37240.1796875,37749.48046875,37226.0703125,37724.46875,0
2024-04-19 01:00:00+00:00,36944.75,37292.83984375,36824.48046875,37241.05859375,0
2024-04-19 02:00:00+00:00,36818.80859375,36955.83984375,36733.05859375,36943.4296875,0
2024-04-19 03:00:00+00:00,37138.19921875,37177.23046875,37003.1484375,37062.98828125,0
2024-04-19 04:00:00+00:00,37083.46875,37213.390625,37011.58984375,37142.8515625,0
2024-04-19 05:00:00+00:00,37096.5,37259.87890625,37064.69140625,37083.98828125,0
2024-04-19 06:00:00+00:00,37068.3515625,37109.23046875,37068.3515625,37109.23046875,0
2024-04-22 00:00:00+00:00,37117.4296875,37511.80078125,37101.08984375,37240.9296875,0
2024-04-22 01:00:00+00:00,37243.05078125,37289.48828125,37052.62890625,37113.7109375,0
2024-04-22 02:00:00+00:00,37334.96875,37400.26171875,37235.55078125,37245.01171875,0
2024-04-22 03:00:00+00:00,37193.66015625,37289.78125,37191.44921875,37289.78125,0
2024-04-22 04:00:00+00:00,37290.87109375,37305.96875,37156.96875,37191.6796875,0
2024-04-22 05:00:00+00:00,37474.87109375,37474.87109375,37174.25,37290.7109375,0
2024-04-22 06:00:00+00:00,37438.609375,37466.87890625,37438.609375,37466.87890625,0
2024-04-23 00:00:00+00:00,37640.7890625,37817.78125,37570.58984375,37797.05859375,0
2024-04-23 01:00:00+00:00,37427.390625,37643.53125,37421.87890625,37643.53125,0
2024-04-23 02:00:00+00:00,37538.05859375,37549.76953125,37397.26953125,37428.9296875,0
2024-04-23 03:00:00+00:00,37547.8515625,37588.48828125,37491.7890625,37505.6484375,0
2024-04-23 04:00:00+00:00,37595.66015625,37637.609375,37533.23046875,37552.01953125,0
2024-04-23 05:00:00+00:00,37550.6796875,37610.66015625,37494.23828125,37595.71875,0
2024-04-23 06:00:00+00:00,37552.16015625,37561.9296875,37552.16015625,37561.9296875,0
2024-04-24 00:00:00+00:00,38297.76171875,38328.25,37857.46875,37871.921875,0
2024-04-24 01:00:00+00:00,38316.01953125,38351.0390625,38170.30078125,38298.25,0
2024-04-24 02:00:00+00:00,38329.390625,38351.44140625,38274.48046875,38316.44140625,0
2024-04-24 03:00:00+00:00,38411.91015625,38424.76171875,38307.0703125,38307.078125,0
2024-04-24 04:00:00+00:00,38407.421875,38417.8984375,38333.41015625,38412.44921875,0
2024-04-24 05:00:00+00:00,38416.5703125,38439.5703125,38356.78125,38407.87109375,0
2024-04-24 06:00:00+00:00,38460.078125,38460.078125,38450.48046875,38450.48046875,0
2024-04-25 00:00:00+00:00,38001.828125,38129.53125,37880.9609375,38065.91015625,0
2024-04-25 01:00:00+00:00,37779.71875,38028.69140625,37722.109375,38003.98046875,0
2024-04-25 02:00:00+00:00,37818.109375,37825.51171875,37745.26171875,37781.30078125,0
2024-04-25 03:00:00+00:00,37691.80859375,37776.640625,37672.69140625,37776.640625,0
2024-04-25 04:00:00+00:00,37692.41015625,37738.80859375,37651.1015625,37691.3984375,0
2024-04-25 05:00:00+00:00,37630.55859375,37692.1015625,37604.23046875,37691.41015625,0
2024-04-25 06:00:00+00:00,37628.48046875,37628.48046875,37613.671875,37613.671875,0
2024-04-26 00:00:00+00:00,37649.80078125,37786.640625,37550.69921875,37725.609375,0
2024-04-26 01:00:00+00:00,37806.578125,37807.578125,37606.96875,37655.73828125,0
2024-04-26 02:00:00+00:00,37780.3515625,37852.96875,37768.51953125,37806.87890625,0
2024-04-26 03:00:00+00:00,37915.73046875,38084.921875,37883.83984375,37926.05859375,0
2024-04-26 04:00:00+00:00,38037.23828125,38086.98046875,37859.9296875,37918.5390625,0
2024-04-26 05:00:00+00:00,37928.140625,38061.328125,37919.8515625,38039.66015625,0
2024-04-26 06:00:00+00:00,37934.76171875,37934.76171875,37929.2890625,37929.2890625,0
2024-04-30 00:00:00+00:00,38391.51953125,38454.421875,38252.7109375,38312.66015625,0
2024-04-30 01:00:00+00:00,38577.69140625,38608.171875,38368.94140625,38394.94140625,0
2024-04-30 02:00:00+00:00,38459.01171875,38581.30859375,38453.0390625,38578.578125,0
2024-04-30 03:00:00+00:00,38412.0703125,38446.76171875,38361.890625,38392.23828125,0
2024-04-30 04:00:00+00:00,38344.26171875,38471.12890625,38319.44921875,38413.87109375,0
2024-04-30 05:00:00+00:00,38372.91015625,38372.91015625,38182.109375,38339.55078125,0
2024-04-30 06:00:00+00:00,38405.66015625,38411.23828125,38405.66015625,38411.23828125,0
2024-05-01 00:00:00+00:00,38129.1015625,38276.55078125,38078.109375,38107.37890625,0
2024-05-01 01:00:00+00:00,38134.0703125,38182.6015625,38036.23828125,38130.19140625,0
2024-05-01 02:00:00+00:00,38189.5390625,38194.75,38081.890625,38135.01171875,0
2024-05-01 03:00:00+00:00,38421.0390625,38427.48828125,38264.80859375,38264.80859375,0
2024-05-01 04:00:00+00:00,38346.078125,38433.33984375,38330.8515625,38419.62109375,0
2024-05-01 05:00:00+00:00,38235.609375,38368.05078125,38235.609375,38346.73046875,0
2024-05-01 06:00:00+00:00,38274.05078125,38274.05078125,38239.390625,38239.390625,0
2024-05-02 00:00:00+00:00,38161.75,38206.609375,37958.19140625,38004.01171875,0
2024-05-02 01:00:00+00:00,38199.4609375,38199.9296875,38114.5703125,38164.21875,0
2024-05-02 02:00:00+00:00,38299.7109375,38300.75,38161.0,38199.109375,0
2024-05-02 03:00:00+00:00,38275.2890625,38355.6015625,38234.98046875,38348.37890625,0
2024-05-02 04:00:00+00:00,38260.23828125,38278.4296875,38214.578125,38276.890625,0
2024-05-02 05:00:00+00:00,38203.7109375,38307.37890625,38203.4609375,38259.1484375,0
2024-05-02 06:00:00+00:00,38236.0703125,38236.0703125,38210.98828125,38210.98828125,0
2024-05-07 00:00:00+00:00,38609.26953125,38863.140625,38578.01953125,38636.23046875,0
2024-05-07 01:00:00+00:00,38682.53125,38687.8203125,38541.96875,38609.359375,0
2024-05-07 02:00:00+00:00,38688.66015625,38697.2109375,38613.671875,38673.25,0
2024-05-07 03:00:00+00:00,38762.19140625,38800.71875,38668.98046875,38670.48828125,0
2024-05-07 04:00:00+00:00,38723.16015625,38821.62109375,38722.171875,38757.83984375,0
2024-05-07 05:00:00+00:00,38786.140625,38786.140625,38677.8203125,38723.78125,0
2024-05-07 06:00:00+00:00,38835.1015625,38835.1015625,38791.578125,38791.578125,0
2024-05-08 00:00:00+00:00,38456.2890625,38749.3515625,38396.87109375,38677.5703125,0
2024-05-08 01:00:00+00:00,38422.5390625,38506.87109375,38388.12109375,38456.171875,0
2024-05-08 02:00:00+00:00,38303.390625,38477.76953125,38283.98046875,38423.58984375,0
2024-05-08 03:00:00+00:00,38309.4296875,38340.9296875,38259.37109375,38259.37109375,0
2024-05-08 04:00:00+00:00,38214.87890625,38307.41015625,38159.8515625,38307.41015625,0
2024-05-08 05:00:00+00:00,38188.44140625,38298.69921875,38185.53125,38215.640625,0
2024-05-08 06:00:00+00:00,38202.37109375,38202.37109375,38184.55078125,38184.55078125,0
2024-05-09 00:00:00+00:00,38287.0,38354.921875,38115.41015625,38242.921875,0
2024-05-09 01:00:00+00:00,38355.328125,38371.44140625,38234.0,38278.37109375,0
2024-05-09 02:00:00+00:00,38392.1015625,38395.9296875,38309.48046875,38355.08984375,0
2024-05-09 03:00:00+00:00,38337.12890625,38429.80859375,38336.0703125,38425.01171875,0
2024-05-09 04:00:00+00:00,38257.05859375,38365.30859375,38244.7109375,38338.19140625,0
2024-05-09 05:00:00+00:00,38072.23828125,38273.37109375,38072.23828125,38259.9296875,0
2024-05-09 06:00:00+00:00,38073.98046875,38079.96875,38073.98046875,38079.96875,0
2024-05-10 00:00:00+00:00,38620.421875,38741.87890625,38321.98046875,38361.7890625,0
2024-05-10 01:00:00+00:00,38347.6796875,38669.1484375,38274.80078125,38618.98828125,0
2024-05-10 02:00:00+00:00,38311.62890625,38383.96875,38293.05078125,38349.9296875,0
2024-05-10 03:00:00+00:00,38245.0703125,38283.75,38180.4296875,38253.76171875,0
2024-05-10 04:00:00+00:00,38207.58984375,38249.98828125,38126.91015625,38244.62890625,0
2024-05-10 05:00:00+00:00,38257.69140625,38257.69140625,38133.8984375,38207.48046875,0
2024-05-10 06:00:00+00:00,38229.109375,38268.4609375,38229.109375,38268.4609375,0
2024-05-13 00:00:00+00:00,38181.21875,38235.76171875,38053.83984375,38211.609375,0
2024-05-13 01:00:00+00:00,38118.46875,38180.8203125,37969.578125,38180.8203125,0
2024-05-13 02:00:00+00:00,38243.58984375,38273.3984375,38118.87109375,38118.87109375,0
2024-05-13 03:00:00+00:00,38126.3515625,38248.08984375,38125.609375,38248.08984375,0
2024-05-13 04:00:00+00:00,38103.828125,38157.3203125,38052.8203125,38126.2109375,0
2024-05-13 05:00:00+00:00,38167.73828125,38190.0,38082.21875,38103.98046875,0
2024-05-13 06:00:00+00:00,38179.4609375,38179.4609375,38163.71875,38163.71875,0
2024-05-14 00:00:00+00:00,38351.69140625,38477.6796875,38275.23046875,38287.98828125,0
2024-05-14 01:00:00+00:00,38234.328125,38367.6796875,38166.03125,38351.69140625,0
2024-05-14 02:00:00+00:00,38199.1015625,38248.6796875,38141.98046875,38236.4296875,0
2024-05-14 03:00:00+00:00,38170.390625,38170.390625,38084.7109375,38109.66015625,0
2024-05-14 04:00:00+00:00,38246.3984375,38289.3984375,38171.671875,38171.671875,0
2024-05-14 05:00:00+00:00,38309.62109375,38333.96875,38205.94921875,38245.87890625,0
2024-05-14 06:00:00+00:00,38356.05859375,38356.05859375,38314.5,38314.5,0
2024-05-15 00:00:00+00:00,38530.26171875,38816.6015625,38525.3515625,38533.08984375,0
2024-05-15 01:00:00+00:00,38512.2109375,38591.421875,38466.109375,38531.33984375,0
2024-05-15 02:00:00+00:00,38491.1484375,38557.73046875,38448.12109375,38512.96875,0
2024-05-15 03:00:00+00:00,38490.58984375,38613.30078125,38485.01953125,38605.609375,0
2024-05-15 04:00:00+00:00,38399.16015625,38490.78125,38386.890625,38490.78125,0
2024-05-15 05:00:00+00:00,38380.640625,38409.4609375,38335.609375,38398.62890625,0
2024-05-15 06:00:00+00:00,38385.73046875,38385.73046875,38375.87890625,38375.87890625,0
2024-05-16 00:00:00+00:00,38606.828125,38897.53125,38513.328125,38645.9609375,0
2024-05-16 01:00:00+00:00,38632.1484375,38754.5703125,38576.9609375,38609.16015625,0
2024-05-16 02:00:00+00:00,38669.5703125,38686.41015625,38586.73046875,38631.55859375,0
2024-05-16 03:00:00+00:00,38696.80078125,38733.55859375,38671.37890625,38701.359375,0
2024-05-16 04:00:00+00:00,38771.55859375,38799.1015625,38678.171875,38696.6796875,0
2024-05-16 05:00:00+00:00,38904.671875,38949.37890625,38722.28125,38771.9296875,0
2024-05-16 06:00:00+00:00,38920.26171875,38920.26171875,38905.421875,38905.421875,0
2024-05-17 00:00:00+00:00,38575.26953125,38688.94921875,38540.328125,38561.0390625,0
2024-05-17 01:00:00+00:00,38790.73046875,38799.9296875,38561.87890625,38576.2890625,0
2024-05-17 02:00:00+00:00,38782.078125,38799.55078125,38736.078125,38791.4296875,0
2024-05-17 03:00:00+00:00,38806.62890625,38842.48828125,38716.5,38739.6484375,0
2024-05-17 04:00:00+00:00,38747.9296875,38821.140625,38747.9296875,38808.48046875,0
2024-05-17 05:00:00+00:00,38770.44921875,38777.12890625,38685.140625,38748.16015625,0
2024-05-17 06:00:00+00:00,38787.37890625,38787.37890625,38753.73828125,38753.73828125,0
2024-05-20 00:00:00+00:00,39232.921875,39233.03125,38703.69921875,38761.7109375,0
2024-05-20 01:00:00+00:00,39374.76171875,39437.16015625,39221.5,39231.01953125,0
2024-05-20 02:00:00+00:00,39346.921875,39383.828125,39249.05859375,39379.2109375,0
2024-05-20 03:00:00+00:00,39170.46875,39241.640625,39138.58984375,39221.390625,0
2024-05-20 04:00:00+00:00,39141.26171875,39219.8203125,39117.44921875,39171.21875,0
2024-05-20 05:00:00+00:00,39090.0,39153.28125,39018.23046875,39141.53125,0
2024-05-20 06:00:00+00:00,39069.6796875,39091.1484375,39069.6796875,39091.1484375,0
2024-05-21 00:00:00+00:00,39215.55859375,39346.1484375,39196.66015625,39232.16015625,0
2024-05-21 01:00:00+00:00,39127.9296875,39239.30859375,39119.69140625,39214.98046875,0
2024-05-21 02:00:00+00:00,39135.91015625,39143.609375,39087.51953125,39127.62109375,0
2024-05-21 03:00:00+00:00,39097.828125,39193.19921875,39096.55078125,39167.328125,0
2024-05-21 04:00:00+00:00,39047.98828125,39103.44140625,39022.87109375,39097.94921875,0
2024-05-21 05:00:00+00:00,38950.6015625,39048.0,38942.328125,39048.0,0
2024-05-21 06:00:00+00:00,38946.9296875,38946.9296875,38942.28125,38942.28125,0
2024-05-22 00:00:00+00:00,38669.71875,38854.98828125,38645.828125,38823.91015625,0
2024-05-22 01:00:00+00:00,38696.4296875,38737.609375,38624.9609375,38669.83984375,0
2024-05-22 02:00:00+00:00,38719.3515625,38758.01171875,38692.4296875,38694.73828125,0
2024-05-22 03:00:00+00:00,38755.5,38773.98828125,38665.05078125,38704.078125,0
2024-05-22 04:00:00+00:00,38609.55859375,38763.3203125,38607.578125,38754.12890625,0
2024-05-22 05:00:00+00:00,38615.828125,38669.33984375,38592.94140625,38610.390625,0
2024-05-22 06:00:00+00:00,38617.1015625,38617.1015625,38604.9296875,38604.9296875,0
2024-05-23 00:00:00+00:00,38825.8984375,38938.671875,38617.4296875,38803.12890625,0
2024-05-23 01:00:00+00:00,38844.1796875,38923.3984375,38799.640625,38827.23046875,0
2024-05-23 02:00:00+00:00,38913.48046875,38922.98046875,38831.87890625,38844.28125,0
2024-05-23 03:00:00+00:00,39079.30859375,39084.12109375,38981.75,39032.83984375,0
2024-05-23 04:00:00+00:00,39082.671875,39129.46875,39048.55078125,39084.87109375,0
2024-05-23 05:00:00+00:00,39110.73828125,39124.9609375,39018.5703125,39083.890625,0
2024-05-23 06:00:00+00:00,39103.21875,39112.9609375,39103.21875,39112.9609375,0
2024-05-24 00:00:00+00:00,38566.8984375,38611.80859375,38367.69921875,38506.03125,0
2024-05-24 01:00:00+00:00,38594.9609375,38710.53125,38550.37890625,38564.16015625,0
2024-05-24 02:00:00+00:00,38649.1484375,38658.05859375,38595.41015625,38595.41015625,0
2024-05-24 03:00:00+00:00,38635.0703125,38710.7109375,38627.80859375,38677.609375,0
2024-05-24 04:00:00+00:00,38714.80078125,38740.8203125,38629.359375,38633.171875,0
2024-05-24 05:00:00+00:00,38617.2109375,38735.73046875,38566.51171875,38717.03125,0
2024-05-24 06:00:00+00:00,38646.109375,38646.109375,38620.640625,38620.640625,0
2024-05-27 00:00:00+00:00,38739.80859375,38802.73828125,38691.69140625,38766.2109375,0
2024-05-27 01:00:00+00:00,38733.03125,38764.078125,38667.9296875,38740.12109375,0
2024-05-27 02:00:00+00:00,38758.9609375,38762.3515625,38709.12890625,38729.5703125,0
2024-05-27 03:00:00+00:00,38727.828125,38771.390625,38715.12109375,38715.12109375,0
2024-05-27 04:00:00+00:00,38772.05859375,38773.23046875,38689.23828125,38729.890625,0
2024-05-27 05:00:00+00:00,38888.71875,38888.71875,38771.30078125,38771.30078125,0
2024-05-27 06:00:00+00:00,38900.01953125,38900.01953125,38887.140625,38887.140625,0
2024-05-28 00:00:00+00:00,38866.98828125,38981.96875,38786.859375,38879.1484375,0
2024-05-28 01:00:00+00:00,38805.078125,38878.7890625,38756.12890625,38864.46875,0
2024-05-28 02:00:00+00:00,38783.26953125,38826.05078125,38768.53125,38804.80078125,0
2024-05-28 03:00:00+00:00,38827.23046875,38845.69921875,38765.2890625,38780.55078125,0
2024-05-28 04:00:00+00:00,38812.4296875,38868.6015625,38807.0703125,38826.98046875,0
2024-05-28 05:00:00+00:00,38863.1015625,38882.0390625,38786.94140625,38810.859375,0
2024-05-28 06:00:00+00:00,38855.37109375,38856.69921875,38855.37109375,38856.69921875,0
2024-05-29 00:00:00+00:00,38819.890625,39141.98828125,38808.12890625,38880.5,0
2024-05-29 01:00:00+00:00,38719.80859375,38874.859375,38675.109375,38823.55078125,0
2024-05-29 02:00:00+00:00,38789.51953125,38805.01171875,38712.109375,38720.73046875,0
2024-05-29 03:00:00+00:00,38680.25,38756.8515625,38666.4609375,38721.21875,0
2024-05-29 04:00:00+00:00,38657.421875,38700.5703125,38640.44140625,38681.30859375,0
2024-05-29 05:00:00+00:00,38529.6015625,38672.26953125,38524.23828125,38657.62890625,0
2024-05-29 06:00:00+00:00,38556.87109375,38556.87109375,38528.08984375,38528.08984375,0
2024-05-30 00:00:00+00:00,37633.6796875,38138.03125,37617.0,38112.76953125,0
2024-05-30 01:00:00+00:00,37906.87109375,37962.96875,37640.76953125,37644.37890625,0
2024-05-30 02:00:00+00:00,37974.46875,37989.44140625,37886.87109375,37906.51171875,0
2024-05-30 03:00:00+00:00,38064.671875,38101.30078125,38029.19140625,38058.671875,0
2024-05-30 04:00:00+00:00,38071.94140625,38111.87109375,38007.73046875,38066.0390625,0
2024-05-30 05:00:00+00:00,37990.5,38095.7109375,37893.30078125,38072.640625,0
2024-05-30 06:00:00+00:00,38054.12890625,38054.12890625,38019.30859375,38019.30859375,0
2024-05-31 00:00:00+00:00,38292.0,38311.44921875,38087.609375,38173.21875,0
2024-05-31 01:00:00+00:00,38174.66015625,38333.76953125,38116.51953125,38288.19921875,0
2024-05-31 02:00:00+00:00,38119.9609375,38218.140625,38110.0703125,38175.78125,0
2024-05-31 03:00:00+00:00,38369.19140625,38390.5390625,38245.55078125,38245.55078125,0
2024-05-31 04:00:00+00:00,38426.23046875,38426.48046875,38361.73046875,38369.640625,0
2024-05-31 05:00:00+00:00,38506.0703125,38526.9296875,38409.05078125,38425.80859375,0
2024-05-31 06:00:00+00:00,38487.8984375,38487.8984375,38486.390625,38486.390625,0
2024-06-03 00:00:00+00:00,38953.3515625,39032.5,38734.94921875,38734.94921875,0
2024-06-03 01:00:00+00:00,38860.25,39014.73828125,38836.37890625,38950.03125,0
2024-06-03 02:00:00+00:00,38849.6484375,38899.921875,38836.12109375,38859.71875,0
2024-06-03 03:00:00+00:00,38964.2109375,38964.328125,38815.87109375,38832.12109375,0
2024-06-03 04:00:00+00:00,38928.859375,38968.33984375,38914.9609375,38962.1796875,0
2024-06-03 05:00:00+00:00,38943.359375,38987.25,38894.05859375,38929.390625,0
2024-06-03 06:00:00+00:00,38923.03125,38933.7109375,38923.03125,38933.7109375,0
2024-06-04 00:00:00+00:00,38744.4609375,38840.921875,38687.48828125,38702.5390625,0
2024-06-04 01:00:00+00:00,38717.890625,38750.94921875,38591.7890625,38745.1015625,0
2024-06-04 02:00:00+00:00,38749.25,38767.53125,38682.921875,38722.2109375,0
2024-06-04 03:00:00+00:00,38823.51953125,38841.3203125,38743.08984375,38747.5703125,0
2024-06-04 04:00:00+00:00,38823.30078125,38895.05859375,38809.6484375,38822.73046875,0
2024-06-04 05:00:00+00:00,38814.37890625,38862.0,38752.25,38820.55078125,0
2024-06-04 06:00:00+00:00,38837.4609375,38837.4609375,38799.48828125,38799.48828125,0
2024-06-05 00:00:00+00:00,38370.140625,38656.41015625,38350.69140625,38654.08984375,0
2024-06-05 01:00:00+00:00,38430.62109375,38483.21875,38343.98046875,38371.08984375,0
2024-06-05 02:00:00+00:00,38527.6015625,38559.98046875,38430.12109375,38430.12109375,0
2024-06-05 03:00:00+00:00,38406.9296875,38491.16015625,38386.19140625,38474.73828125,0
2024-06-05 04:00:00+00:00,38398.51171875,38451.3203125,38384.71875,38405.94921875,0
2024-06-05 05:00:00+00:00,38460.96875,38488.37890625,38356.46875,38398.03125,0
2024-06-05 06:00:00+00:00,38490.171875,38490.171875,38449.0390625,38449.0390625,0
2024-06-06 00:00:00+00:00,38977.03125,39011.9296875,38835.6015625,38841.66015625,0
2024-06-06 01:00:00+00:00,38962.9609375,38989.96875,38855.4296875,38976.03125,0
2024-06-06 02:00:00+00:00,38841.75,38967.05859375,38835.23046875,38965.578125,0
2024-06-06 03:00:00+00:00,38762.44921875,38853.28125,38757.33984375,38786.0,0
2024-06-06 04:00:00+00:00,38748.3984375,38773.73828125,38693.5,38762.4296875,0
2024-06-06 05:00:00+00:00,38734.359375,38810.25,38730.12109375,38748.03125,0
2024-06-06 06:00:00+00:00,38703.51171875,38720.37890625,38703.51171875,38720.37890625,0
2024-06-07 00:00:00+00:00,38669.3984375,38747.26953125,38597.55078125,38597.55078125,0
2024-06-07 01:00:00+00:00,38569.98828125,38711.140625,38567.7890625,38669.78125,0
2024-06-07 02:00:00+00:00,38661.0390625,38669.1015625,38560.8515625,38569.76171875,0
2024-06-07 03:00:00+00:00,38638.8984375,38695.01953125,38621.41015625,38695.01953125,0
2024-06-07 04:00:00+00:00,38609.19921875,38662.12890625,38595.55078125,38639.26171875,0
2024-06-07 05:00:00+00:00,38657.73828125,38670.2109375,38595.8984375,38609.9296875,0
2024-06-07 06:00:00+00:00,38683.9296875,38683.9296875,38672.7109375,38672.7109375,0
2024-06-10 00:00:00+00:00,38843.7890625,38895.25,38689.78125,38689.78125,0
2024-06-10 01:00:00+00:00,38880.4609375,38911.08984375,38805.76953125,38842.5390625,0
2024-06-10 02:00:00+00:00,38872.19140625,38902.76953125,38846.41015625,38881.078125,0
2024-06-10 03:00:00+00:00,38936.1796875,39023.390625,38911.171875,38991.390625,0
2024-06-10 04:00:00+00:00,39044.109375,39049.5,38874.1796875,38935.71875,0
2024-06-10 05:00:00+00:00,39052.140625,39081.5390625,39012.1015625,39045.19140625,0
2024-06-10 06:00:00+00:00,39038.16015625,39046.48046875,39038.16015625,39046.48046875,0
2024-06-11 00:00:00+00:00,39291.03125,39336.66015625,39137.16015625,39175.58984375,0
2024-06-11 01:00:00+00:00,39174.1015625,39289.58984375,39137.5390625,39289.58984375,0
2024-06-11 02:00:00+00:00,39155.16015625,39186.75,39120.30859375,39172.91015625,0
2024-06-11 03:00:00+00:00,39166.828125,39188.94140625,39102.19140625,39141.51953125,0
2024-06-11 04:00:00+00:00,39159.69140625,39221.75,39135.171875,39170.03125,0
2024-06-11 05:00:00+00:00,39107.71875,39190.0703125,39074.87890625,39159.6484375,0
2024-06-11 06:00:00+00:00,39134.7890625,39134.7890625,39107.078125,39107.078125,0
2024-06-12 00:00:00+00:00,38935.08984375,38938.5,38824.08984375,38865.1484375,0
2024-06-12 01:00:00+00:00,38819.51171875,38934.3203125,38809.359375,38934.3203125,0
2024-06-12 02:00:00+00:00,38826.328125,38859.94140625,38814.171875,38817.9296875,0
2024-06-12 03:00:00+00:00,38876.69921875,38919.12109375,38870.078125,38873.671875,0
2024-06-12 04:00:00+00:00,38907.12890625,38918.55078125,38866.890625,38875.890625,0
2024-06-12 05:00:00+00:00,38875.62109375,38945.98828125,38875.62109375,38906.6015625,0
2024-06-12 06:00:00+00:00,38876.7109375,38889.80859375,38876.7109375,38889.80859375,0
2024-06-13 00:00:00+00:00,38991.328125,39252.44140625,38921.08984375,39182.05859375,0
2024-06-13 01:00:00+00:00,38903.078125,39025.890625,38878.58984375,38991.01171875,0
2024-06-13 02:00:00+00:00,38831.359375,38947.51953125,38830.73046875,38905.30078125,0
2024-06-13 03:00:00+00:00,38847.9296875,38861.66015625,38755.01171875,38762.578125,0
2024-06-13 04:00:00+00:00,38843.8203125,38853.140625,38757.8203125,38848.5,0
2024-06-13 05:00:00+00:00,38689.7890625,38843.73828125,38689.7890625,38843.73828125,0
2024-06-13 06:00:00+00:00,38720.46875,38720.46875,38712.51953125,38712.51953125,0
2024-06-14 00:00:00+00:00,38609.01171875,38727.1015625,38554.75,38587.5703125,0
2024-06-14 01:00:00+00:00,38713.78125,38723.671875,38567.5390625,38604.58984375,0
2024-06-14 02:00:00+00:00,38709.01953125,38741.609375,38694.890625,38713.71875,0
2024-06-14 03:00:00+00:00,38977.140625,39006.921875,38853.80078125,38898.05078125,0
2024-06-14 04:00:00+00:00,38833.76953125,39025.69921875,38809.640625,38977.4609375,0
2024-06-14 05:00:00+00:00,38855.0,38900.0,38832.80078125,38832.87890625,0
2024-06-14 06:00:00+00:00,38814.55859375,38840.30078125,38814.55859375,38840.30078125,0
2024-06-17 00:00:00+00:00,38067.98046875,38442.69921875,38060.890625,38440.98046875,0
2024-06-17 01:00:00+00:00,38077.69140625,38077.69140625,37956.48828125,38068.7890625,0
2024-06-17 02:00:00+00:00,38106.41015625,38139.0,38078.6484375,38078.6484375,0
2024-06-17 03:00:00+00:00,38008.66015625,38106.48046875,38001.21875,38077.94921875,0
2024-06-17 04:00:00+00:00,37977.01171875,38012.62109375,37950.19921875,38008.8984375,0
2024-06-17 05:00:00+00:00,38089.73828125,38121.390625,37966.23046875,37976.6015625,0
2024-06-17 06:00:00+00:00,38102.44140625,38102.44140625,38102.44140625,38102.44140625,0
2024-06-18 00:00:00+00:00,38350.05078125,38473.71875,38344.921875,38433.48046875,0
2024-06-18 01:00:00+00:00,38475.26953125,38485.23828125,38332.890625,38338.6484375,0
2024-06-18 02:00:00+00:00,38504.109375,38519.01953125,38477.140625,38477.828125,0
2024-06-18 03:00:00+00:00,38449.48046875,38449.578125,38390.421875,38424.94140625,0
2024-06-18 04:00:00+00:00,38408.421875,38451.5390625,38396.609375,38448.16015625,0
2024-06-18 05:00:00+00:00,38439.23828125,38439.23828125,38375.9296875,38408.03125,0
2024-06-18 06:00:00+00:00,38482.109375,38482.109375,38449.80078125,38449.80078125,0
2024-06-19 00:00:00+00:00,38685.16015625,38797.96875,38653.91015625,38653.91015625,0
2024-06-19 01:00:00+00:00,38728.421875,38757.109375,38656.30078125,38683.62890625,0
2024-06-19 02:00:00+00:00,38707.2109375,38731.1015625,38669.53125,38727.4609375,0
2024-06-19 03:00:00+00:00,38585.21875,38619.55859375,38565.0390625,38615.2890625,0
2024-06-19 04:00:00+00:00,38468.51171875,38603.30859375,38453.41015625,38589.12109375,0
2024-06-19 05:00:00+00:00,38525.46875,38531.44921875,38466.94921875,38467.62109375,0
2024-06-19 06:00:00+00:00,38570.76171875,38570.76171875,38545.62109375,38545.62109375,0
2024-06-20 00:00:00+00:00,38331.2890625,38483.76171875,38291.5,38410.3203125,0
2024-06-20 01:00:00+00:00,38329.76953125,38355.3203125,38263.078125,38335.6015625,0
2024-06-20 02:00:00+00:00,38324.1015625,38335.890625,38279.48828125,38328.08984375,0
2024-06-20 03:00:00+00:00,38443.91015625,38457.8984375,38368.94921875,38368.94921875,0
2024-06-20 04:00:00+00:00,38583.46875,38592.6015625,38419.26171875,38445.5390625,0
2024-06-20 05:00:00+00:00,38629.6484375,38637.62109375,38561.78125,38582.359375,0
2024-06-20 06:00:00+00:00,38633.01953125,38633.01953125,38622.62890625,38622.62890625,0
2024-06-21 00:00:00+00:00,38651.2890625,38795.6796875,38579.9296875,38608.66015625,0
2024-06-21 01:00:00+00:00,38641.71875,38770.16015625,38613.6484375,38649.73046875,0
2024-06-21 02:00:00+00:00,38626.94921875,38705.921875,38613.6015625,38635.21875,0
2024-06-21 03:00:00+00:00,38593.6015625,38593.6015625,38532.12890625,38589.26953125,0
2024-06-21 04:00:00+00:00,38643.8515625,38646.671875,38587.44921875,38594.26171875,0
2024-06-21 05:00:00+00:00,38619.33984375,38650.6796875,38577.23828125,38643.8515625,0
2024-06-21 06:00:00+00:00,38596.46875,38596.46875,38588.9609375,38588.9609375,0
2024-06-24 00:00:00+00:00,38743.80078125,38751.69140625,38416.0703125,38497.421875,0
2024-06-24 01:00:00+00:00,38717.25,38744.609375,38498.109375,38744.609375,0
2024-06-24 02:00:00+00:00,38689.21875,38773.3984375,38665.46875,38718.05078125,0
2024-06-24 03:00:00+00:00,38733.26171875,38781.23046875,38710.98046875,38776.48046875,0
2024-06-24 04:00:00+00:00,38875.30859375,38897.421875,38731.7890625,38734.76953125,0
2024-06-24 05:00:00+00:00,38799.44140625,38905.46875,38799.44140625,38875.859375,0
2024-06-24 06:00:00+00:00,38804.6484375,38804.6484375,38763.62109375,38763.62109375,0
2024-06-25 00:00:00+00:00,38830.328125,38938.609375,38809.76953125,38833.8984375,0
2024-06-25 01:00:00+00:00,39000.16015625,39014.62109375,38758.0703125,38828.33984375,0
2024-06-25 02:00:00+00:00,39001.390625,39028.6484375,38994.7109375,39000.3515625,0
2024-06-25 03:00:00+00:00,39080.9609375,39110.5703125,39034.140625,39110.5703125,0
2024-06-25 04:00:00+00:00,39082.28125,39083.578125,39025.25,39080.6484375,0
2024-06-25 05:00:00+00:00,39194.66015625,39215.0703125,39070.828125,39083.76953125,0
2024-06-25 06:00:00+00:00,39173.1484375,39186.37890625,39173.1484375,39186.37890625,0
2024-06-26 00:00:00+00:00,39412.87109375,39415.51171875,39233.55859375,39364.73046875,0
2024-06-26 01:00:00+00:00,39664.78125,39684.37109375,39357.421875,39412.05078125,0
2024-06-26 02:00:00+00:00,39726.390625,39726.390625,39656.30078125,39663.98046875,0
2024-06-26 03:00:00+00:00,39700.6484375,39788.62890625,39676.19140625,39731.671875,0
2024-06-26 04:00:00+00:00,39636.921875,39718.1015625,39628.30859375,39700.28125,0
2024-06-26 05:00:00+00:00,39689.3984375,39734.96875,39635.8515625,39635.8515625,0
2024-06-26 06:00:00+00:00,39667.0703125,39694.21875,39667.0703125,39694.21875,0
2024-06-27 00:00:00+00:00,39266.41015625,39439.23828125,39236.140625,39434.46875,0
2024-06-27 01:00:00+00:00,39220.51171875,39286.8203125,39193.51171875,39263.46875,0
2024-06-27 02:00:00+00:00,39286.51953125,39289.21875,39202.55859375,39221.359375,0
2024-06-27 03:00:00+00:00,39248.921875,39315.05078125,39231.5390625,39299.8203125,0
2024-06-27 04:00:00+00:00,39284.05078125,39289.890625,39213.44921875,39250.5703125,0
2024-06-27 05:00:00+00:00,39267.8515625,39348.01953125,39246.640625,39283.0703125,0
2024-06-27 06:00:00+00:00,39341.5390625,39341.5390625,39296.2890625,39296.2890625,0
2024-06-28 00:00:00+00:00,39708.890625,39748.1484375,39534.890625,39593.01171875,0
2024-06-28 01:00:00+00:00,39748.46875,39783.69921875,39619.6796875,39708.26171875,0
2024-06-28 02:00:00+00:00,39727.91015625,39759.80859375,39692.78125,39749.8515625,0
2024-06-28 03:00:00+00:00,39680.80859375,39684.4296875,39610.3515625,39649.2109375,0
2024-06-28 04:00:00+00:00,39545.28125,39680.30859375,39534.66015625,39680.30859375,0
2024-06-28 05:00:00+00:00,39573.76953125,39573.76953125,39485.73046875,39545.328125,0
2024-06-28 06:00:00+00:00,39583.078125,39583.078125,39578.87109375,39578.87109375,0
2024-07-01 00:00:00+00:00,39759.33984375,39942.69140625,39742.8203125,39839.8203125,0
2024-07-01 01:00:00+00:00,39721.078125,39763.0390625,39676.80859375,39758.46875,0
2024-07-01 02:00:00+00:00,39687.3984375,39723.53125,39645.69140625,39722.94921875,0
2024-07-01 03:00:00+00:00,39599.51171875,39723.1484375,39579.0390625,39695.890625,0
2024-07-01 04:00:00+00:00,39602.921875,39631.1015625,39559.44140625,39602.2890625,0
2024-07-01 05:00:00+00:00,39602.08984375,39625.5703125,39537.1015625,39603.16015625,0
2024-07-01 06:00:00+00:00,39631.05859375,39631.05859375,39621.87109375,39621.87109375,0
2024-07-02 00:00:00+00:00,39637.23828125,39637.73828125,39457.62109375,39543.609375,0
2024-07-02 01:00:00+00:00,39821.5390625,39929.671875,39636.62890625,39636.62890625,0
2024-07-02 02:00:00+00:00,39780.578125,39855.4296875,39765.359375,39824.140625,0
2024-07-02 03:00:00+00:00,39807.26171875,39814.9296875,39625.48046875,39669.96875,0
2024-07-02 04:00:00+00:00,40055.69140625,40113.48046875,39804.87890625,39806.30078125,0
2024-07-02 05:00:00+00:00,40032.671875,40084.58984375,39997.421875,40054.98828125,0
2024-07-02 06:00:00+00:00,40074.69140625,40074.69140625,40026.87890625,40026.87890625,0
2024-07-03 00:00:00+00:00,40326.21875,40420.53125,40172.8515625,40225.828125,0
2024-07-03 01:00:00+00:00,40345.98828125,40407.3984375,40231.9296875,40325.33984375,0
2024-07-03 02:00:00+00:00,40425.37109375,40441.6796875,40327.23046875,40345.1015625,0
2024-07-03 03:00:00+00:00,40470.171875,40521.3984375,40420.62109375,40420.62109375,0
2024-07-03 04:00:00+00:00,40530.19921875,40540.73046875,40434.109375,40464.51171875,0
2024-07-03 05:00:00+00:00,40585.26171875,40694.2109375,40530.37890625,40530.37890625,0
2024-07-03 06:00:00+00:00,40580.76171875,40580.76171875,40580.76171875,40580.76171875,0
2024-07-04 00:00:00+00:00,40712.171875,40861.3515625,40666.96875,40747.58984375,0
2024-07-04 01:00:00+00:00,40634.828125,40772.94921875,40634.828125,40711.08984375,0
2024-07-04 02:00:00+00:00,40666.78125,40675.01171875,40604.1484375,40634.46875,0
2024-07-04 03:00:00+00:00,40820.171875,40820.171875,40710.44921875,40712.51953125,0
2024-07-04 04:00:00+00:00,40927.1484375,40939.62890625,40782.1015625,40820.62109375,0
2024-07-04 05:00:00+00:00,40943.30078125,40971.23046875,40890.94140625,40926.5390625,0
2024-07-04 06:00:00+00:00,40913.6484375,40939.171875,40913.6484375,40939.171875,0
2024-07-05 00:00:00+00:00,40883.87109375,41100.12890625,40815.62109375,41009.359375,0
2024-07-05 01:00:00+00:00,40964.46875,41022.859375,40848.69921875,40885.8203125,0
2024-07-05 02:00:00+00:00,41051.48828125,41063.0390625,40936.69140625,40966.171875,0
2024-07-05 03:00:00+00:00,40789.26171875,40904.28125,40746.890625,40877.69921875,0
2024-07-05 04:00:00+00:00,40845.12109375,40903.9609375,40784.16015625,40788.078125,0
2024-07-05 05:00:00+00:00,40872.578125,40872.8515625,40792.75,40843.55859375,0
2024-07-05 06:00:00+00:00,40912.37109375,40912.37109375,40863.76171875,40863.76171875,0
2024-07-08 00:00:00+00:00,40817.859375,40956.30859375,40816.078125,40863.140625,0
2024-07-08 01:00:00+00:00,40931.05078125,40936.58984375,40785.7109375,40818.3515625,0
2024-07-08 02:00:00+00:00,40999.80078125,41005.4609375,40903.7109375,40930.23828125,0
2024-07-08 03:00:00+00:00,41028.1015625,41112.23828125,41010.87890625,41018.671875,0
2024-07-08 04:00:00+00:00,40961.3515625,41030.26171875,40937.94921875,41023.828125,0
2024-07-08 05:00:00+00:00,40825.8984375,40953.328125,40825.8984375,40953.328125,0
2024-07-08 06:00:00+00:00,40780.69921875,40794.03125,40780.69921875,40794.03125,0
2024-07-09 00:00:00+00:00,41090.2890625,41239.05859375,40942.44140625,40953.41015625,0
2024-07-09 01:00:00+00:00,41265.640625,41366.05078125,41068.37890625,41091.1484375,0
2024-07-09 02:00:00+00:00,41386.80078125,41386.80078125,41239.109375,41265.609375,0
2024-07-09 03:00:00+00:00,41592.98828125,41592.98828125,41459.421875,41459.421875,0
2024-07-09 04:00:00+00:00,41740.5,41740.71875,41596.171875,41602.96875,0
2024-07-09 05:00:00+00:00,41636.3515625,41769.3515625,41636.3515625,41748.9296875,0
2024-07-09 06:00:00+00:00,41580.171875,41619.08984375,41580.171875,41619.08984375,0
2024-07-10 00:00:00+00:00,41574.921875,41604.19140625,41430.37890625,41444.328125,0
2024-07-10 01:00:00+00:00,41642.23046875,41740.9609375,41568.03125,41571.98828125,0
2024-07-10 02:00:00+00:00,41635.53125,41698.9609375,41611.76171875,41642.1484375,0
2024-07-10 03:00:00+00:00,41548.640625,41640.8203125,41513.71875,41599.30078125,0
2024-07-10 04:00:00+00:00,41668.80859375,41675.6484375,41537.7109375,41552.171875,0
2024-07-10 05:00:00+00:00,41861.609375,41889.16015625,41670.48828125,41671.5,0
2024-07-10 06:00:00+00:00,41831.98828125,41848.51171875,41831.98828125,41848.51171875,0
2024-07-11 00:00:00+00:00,42227.921875,42426.76953125,42209.421875,42343.71875,0
2024-07-11 01:00:00+00:00,42237.44140625,42276.87890625,42102.4609375,42228.01171875,0
2024-07-11 02:00:00+00:00,42179.83984375,42235.3203125,42164.3984375,42235.3203125,0
2024-07-11 03:00:00+00:00,42280.5,42300.37109375,42171.26171875,42198.5390625,0
2024-07-11 04:00:00+00:00,42240.87109375,42299.4609375,42224.05078125,42281.171875,0
2024-07-11 05:00:00+00:00,42280.87890625,42385.8984375,42240.30078125,42240.30078125,0
2024-07-11 06:00:00+00:00,42224.01953125,42257.16015625,42224.01953125,42257.16015625,0
2024-07-12 00:00:00+00:00,41188.8515625,41754.76171875,41188.8515625,41668.859375,0
2024-07-12 01:00:00+00:00,41451.328125,41453.62890625,41188.2890625,41188.2890625,0
2024-07-12 02:00:00+00:00,41388.921875,41452.3984375,41331.78125,41444.80078125,0
2024-07-12 03:00:00+00:00,41260.01171875,41399.609375,41260.01171875,41327.5390625,0
2024-07-12 04:00:00+00:00,41227.078125,41298.71875,41224.30078125,41260.28125,0
2024-07-12 05:00:00+00:00,41230.671875,41298.51953125,41192.91015625,41227.41015625,0
2024-07-12 06:00:00+00:00,41190.6796875,41254.46875,41190.6796875,41254.46875,0
2024-07-16 00:00:00+00:00,41424.41015625,41520.0703125,41220.6484375,41366.7890625,0
2024-07-16 01:00:00+00:00,41358.41015625,41434.609375,41247.05078125,41424.73828125,0
2024-07-16 02:00:00+00:00,41399.71875,41445.16015625,41352.0703125,41358.8984375,0
2024-07-16 03:00:00+00:00,41385.890625,41417.44921875,41343.26953125,41359.8984375,0
2024-07-16 04:00:00+00:00,41272.0703125,41393.390625,41269.48828125,41385.55078125,0
2024-07-16 05:00:00+00:00,41242.19140625,41332.71875,41242.19140625,41271.69921875,0
2024-07-16 06:00:00+00:00,41275.078125,41275.078125,41237.9609375,41237.9609375,0
2024-07-17 00:00:00+00:00,41365.05859375,41461.25,41306.1796875,41416.1796875,0
2024-07-17 01:00:00+00:00,41330.76953125,41466.44921875,41308.359375,41363.73046875,0
2024-07-17 02:00:00+00:00,41307.359375,41360.0,41282.37890625,41330.6796875,0
2024-07-17 03:00:00+00:00,41199.328125,41363.859375,41121.46875,41316.62890625,0
2024-07-17 04:00:00+00:00,41099.03125,41222.9609375,41054.71875,41193.33984375,0
2024-07-17 05:00:00+00:00,41109.30859375,41217.078125,41081.3515625,41097.7109375,0
2024-07-17 06:00:00+00:00,41097.69140625,41190.41015625,41097.69140625,41190.41015625,0
2024-07-18 00:00:00+00:00,40325.1015625,40587.62890625,40112.55859375,40521.7109375,0
2024-07-18 01:00:00+00:00,40355.7890625,40408.1796875,40239.33984375,40325.25,0
2024-07-18 02:00:00+00:00,40277.859375,40395.6015625,40246.37109375,40354.9609375,0
2024-07-18 03:00:00+00:00,40278.109375,40333.80859375,40197.21875,40329.6015625,0
2024-07-18 04:00:00+00:00,40214.2109375,40339.859375,40178.921875,40278.3203125,0
2024-07-18 05:00:00+00:00,40119.05859375,40277.5703125,40119.05859375,40214.1015625,0
2024-07-18 06:00:00+00:00,40126.3515625,40126.3515625,40104.21875,40104.21875,0
2024-07-19 00:00:00+00:00,40166.51953125,40212.73046875,39824.578125,39965.91015625,0
2024-07-19 01:00:00+00:00,39990.859375,40212.8984375,39975.30078125,40165.76171875,0
2024-07-19 02:00:00+00:00,39952.62109375,40063.76171875,39949.0390625,39985.0703125,0
2024-07-19 03:00:00+00:00,39981.80078125,39983.078125,39873.3515625,39939.33984375,0
2024-07-19 04:00:00+00:00,40063.671875,40073.7109375,39944.28125,39985.421875,0
2024-07-19 05:00:00+00:00,40053.26953125,40118.75,39971.98046875,40062.69140625,0
2024-07-19 06:00:00+00:00,40063.7890625,40106.6015625,40063.7890625,40106.6015625,0
2024-07-22 00:00:00+00:00,39646.6015625,39973.19921875,39610.5390625,39947.94921875,0
2024-07-22 01:00:00+00:00,39647.87109375,39820.171875,39555.05078125,39646.37109375,0
2024-07-22 02:00:00+00:00,39593.80859375,39693.69921875,39567.6484375,39645.80859375,0
2024-07-22 03:00:00+00:00,39575.21875,39710.3203125,39552.7890625,39671.37890625,0
2024-07-22 04:00:00+00:00,39636.6484375,39643.2109375,39519.390625,39576.671875,0
2024-07-22 05:00:00+00:00,39559.51171875,39650.96875,39520.3984375,39637.12109375,0
2024-07-22 06:00:00+00:00,39599.0,39599.0,39559.8984375,39559.8984375,0
2024-07-23 00:00:00+00:00,39663.609375,39927.890625,39654.48046875,39864.08984375,0
2024-07-23 01:00:00+00:00,39701.30859375,39825.6484375,39630.078125,39663.140625,0
2024-07-23 02:00:00+00:00,39676.33984375,39712.48046875,39604.578125,39700.96875,0
2024-07-23 03:00:00+00:00,39576.609375,39608.1796875,39542.48046875,39554.8515625,0
2024-07-23 04:00:00+00:00,39601.26171875,39648.76171875,39519.91015625,39577.62109375,0
2024-07-23 05:00:00+00:00,39615.23046875,39679.640625,39580.76953125,39599.62890625,0
2024-07-23 06:00:00+00:00,39594.390625,39617.921875,39594.390625,39617.921875,0
2024-07-24 00:00:00+00:00,39614.0703125,39643.26953125,39263.80859375,39336.73828125,0
2024-07-24 01:00:00+00:00,39492.51171875,39633.73046875,39451.2890625,39613.3203125,0
2024-07-24 02:00:00+00:00,39508.83984375,39534.76171875,39429.33984375,39487.0703125,0
2024-07-24 03:00:00+00:00,39317.171875,39401.890625,39312.41015625,39397.55859375,0
2024-07-24 04:00:00+00:00,39185.80078125,39322.1015625,39133.1484375,39320.83984375,0
2024-07-24 05:00:00+00:00,39109.9609375,39263.37109375,39096.5,39184.41015625,0
2024-07-24 06:00:00+00:00,39154.8515625,39154.8515625,39127.1484375,39127.1484375,0
2024-07-25 00:00:00+00:00,38121.3515625,38557.7890625,38039.62890625,38524.19921875,0
2024-07-25 01:00:00+00:00,38034.76171875,38153.9609375,37959.0703125,38118.26953125,0
2024-07-25 02:00:00+00:00,38165.19140625,38165.19140625,37962.328125,38035.37890625,0
2024-07-25 03:00:00+00:00,38021.640625,38051.8984375,37911.01953125,37994.94921875,0
2024-07-25 04:00:00+00:00,37972.8984375,38158.140625,37968.26171875,38021.44140625,0
2024-07-25 05:00:00+00:00,37871.640625,38014.8203125,37825.578125,37973.48828125,0
2024-07-25 06:00:00+00:00,37869.51171875,37879.3984375,37869.51171875,37879.3984375,0
2024-07-26 00:00:00+00:00,37934.73046875,37971.4296875,37668.9296875,37792.87109375,0
2024-07-26 01:00:00+00:00,37916.30078125,38045.578125,37800.44921875,37937.16015625,0
2024-07-26 02:00:00+00:00,38057.609375,38105.9609375,37913.828125,37915.37890625,0
2024-07-26 03:00:00+00:00,37979.73828125,38084.98046875,37935.7109375,38084.98046875,0
2024-07-26 04:00:00+00:00,37863.62109375,37980.390625,37852.37890625,37977.30078125,0
2024-07-26 05:00:00+00:00,37633.87109375,37925.1015625,37611.19140625,37865.53125,0
2024-07-26 06:00:00+00:00,37667.41015625,37667.41015625,37629.12109375,37629.12109375,0
2024-07-29 00:00:00+00:00,38646.1796875,38707.48828125,38010.01171875,38139.12109375,0
2024-07-29 01:00:00+00:00,38551.25,38719.69921875,38481.25,38638.55859375,0
2024-07-29 02:00:00+00:00,38415.75,38582.62890625,38358.5390625,38551.12109375,0
2024-07-29 03:00:00+00:00,38514.98828125,38593.23046875,38457.62890625,38457.62890625,0
2024-07-29 04:00:00+00:00,38589.7109375,38646.33984375,38515.73828125,38516.46875,0
2024-07-29 05:00:00+00:00,38499.03125,38675.5703125,38463.30859375,38591.16015625,0
2024-07-29 06:00:00+00:00,38468.62890625,38545.83984375,38468.62890625,38545.83984375,0
2024-07-30 00:00:00+00:00,38322.62109375,38349.87109375,38154.01171875,38241.3515625,0
2024-07-30 01:00:00+00:00,38125.6796875,38323.73046875,38093.23828125,38323.73046875,0
2024-07-30 02:00:00+00:00,38101.23828125,38176.48828125,38076.69921875,38125.83984375,0
2024-07-30 03:00:00+00:00,38232.1796875,38240.640625,38156.890625,38193.8203125,0
2024-07-30 04:00:00+00:00,38376.8984375,38385.98046875,38221.55078125,38232.5703125,0
2024-07-30 05:00:00+00:00,38518.01953125,38531.16015625,38367.6015625,38379.05078125,0
2024-07-30 06:00:00+00:00,38525.94921875,38525.94921875,38525.94921875,38525.94921875,0
2024-07-31 00:00:00+00:00,38192.44921875,38230.828125,37954.37890625,38140.76953125,0
2024-07-31 01:00:00+00:00,38201.578125,38264.1484375,38136.0,38193.6484375,0
2024-07-31 02:00:00+00:00,38369.5390625,38419.41015625,38171.71875,38201.828125,0
2024-07-31 03:00:00+00:00,38524.19921875,38531.9609375,38122.9296875,38411.6796875,0
2024-07-31 04:00:00+00:00,38582.671875,38713.87109375,38376.05078125,38534.44140625,0
2024-07-31 05:00:00+00:00,39164.19921875,39188.37109375,38518.58984375,38583.80859375,0
2024-07-31 06:00:00+00:00,39101.8203125,39140.26171875,39101.8203125,39140.26171875,0
2024-08-01 00:00:00+00:00,38151.94140625,38781.55859375,38130.12109375,38781.55859375,0
2024-08-01 01:00:00+00:00,37916.51171875,38162.41015625,37737.87890625,38159.69140625,0
2024-08-01 02:00:00+00:00,38094.23828125,38123.671875,37872.73828125,37920.23046875,0
2024-08-01 03:00:00+00:00,38146.25,38174.7890625,37976.55859375,38057.9296875,0
2024-08-01 04:00:00+00:00,38017.19140625,38172.828125,37970.44140625,38144.28125,0
2024-08-01 05:00:00+00:00,38101.890625,38165.83984375,38013.05859375,38013.05859375,0
2024-08-01 06:00:00+00:00,38126.328125,38126.328125,38083.640625,38083.640625,0
2024-08-02 00:00:00+00:00,36182.19140625,37471.51953125,36119.7890625,37444.171875,0
2024-08-02 01:00:00+00:00,36496.671875,36656.98828125,36107.2890625,36183.12109375,0
2024-08-02 02:00:00+00:00,36261.8515625,36529.03125,36166.01171875,36493.3515625,0
2024-08-02 03:00:00+00:00,36364.37109375,36433.30859375,36210.62109375,36316.30078125,0
2024-08-02 04:00:00+00:00,36298.609375,36440.671875,36191.28125,36370.28125,0
2024-08-02 05:00:00+00:00,35911.28125,36326.87109375,35880.1484375,36307.71875,0
2024-08-02 06:00:00+00:00,35909.69921875,35909.69921875,35886.5390625,35886.5390625,0
2024-08-05 00:00:00+00:00,33832.16015625,35301.1796875,33369.37109375,35249.359375,0
2024-08-05 01:00:00+00:00,33948.87890625,34019.96875,33529.8984375,33820.55859375,0
2024-08-05 02:00:00+00:00,34247.55859375,34284.359375,33864.30078125,33941.828125,0
2024-08-05 03:00:00+00:00,33602.890625,34055.3515625,33602.890625,34055.3515625,0
2024-08-05 04:00:00+00:00,32698.310546875,33618.03125,32698.310546875,33606.41015625,0
2024-08-05 05:00:00+00:00,31421.66015625,32701.66015625,31156.119140625,32667.5390625,0
2024-08-05 06:00:00+00:00,31458.419921875,31458.419921875,31419.66015625,31419.66015625,0
2024-08-06 00:00:00+00:00,34705.44140625,34797.80859375,32077.330078125,32077.330078125,0
2024-08-06 01:00:00+00:00,34361.28125,34911.80078125,33689.98828125,34708.26953125,0
2024-08-06 02:00:00+00:00,34416.3203125,34500.5390625,34095.46875,34372.1015625,0
2024-08-06 03:00:00+00:00,34595.21875,34841.75,34476.16015625,34492.7109375,0
2024-08-06 04:00:00+00:00,33863.6484375,34738.48828125,33797.890625,34598.62890625,0
2024-08-06 05:00:00+00:00,34340.3515625,34519.21875,33441.76171875,33877.8515625,0
2024-08-06 06:00:00+00:00,34675.4609375,34675.4609375,34457.37890625,34457.37890625,0
2024-08-07 00:00:00+00:00,34330.4296875,34687.46875,33739.4609375,34122.3515625,0
2024-08-07 01:00:00+00:00,35634.609375,35849.76953125,34078.5703125,34287.4296875,0
2024-08-07 02:00:00+00:00,35464.609375,35632.4609375,35165.4609375,35611.0,0
2024-08-07 03:00:00+00:00,35362.73046875,35732.19140625,35300.9296875,35368.109375,0
2024-08-07 04:00:00+00:00,35757.48046875,35832.578125,35368.66015625,35368.66015625,0
2024-08-07 05:00:00+00:00,35058.1484375,35785.55078125,34942.328125,35750.41015625,0
2024-08-07 06:00:00+00:00,35089.62109375,35089.62109375,35048.76171875,35048.76171875,0
2024-08-08 00:00:00+00:00,34434.859375,34807.76953125,34207.16015625,34645.7890625,0
2024-08-08 01:00:00+00:00,34715.828125,34799.26953125,34388.4609375,34433.109375,0
2024-08-08 02:00:00+00:00,35148.1015625,35222.1484375,34673.78125,34707.3515625,0
2024-08-08 03:00:00+00:00,35041.25,35379.6484375,34918.9609375,35271.26171875,0
2024-08-08 04:00:00+00:00,34914.26953125,35116.37890625,34766.1015625,35032.62890625,0
2024-08-08 05:00:00+00:00,34843.578125,35026.9296875,34712.078125,34915.171875,0
2024-08-08 06:00:00+00:00,34831.1484375,34831.1484375,34817.44140625,34817.44140625,0
2024-08-09 00:00:00+00:00,35378.2890625,35671.30859375,35102.109375,35272.33984375,0
2024-08-09 01:00:00+00:00,35345.44921875,35482.58984375,35183.828125,35374.8203125,0
2024-08-09 02:00:00+00:00,35380.23046875,35435.76171875,35305.83984375,35342.37890625,0
2024-08-09 03:00:00+00:00,35289.76171875,35523.4296875,35207.08984375,35481.8515625,0
2024-08-09 04:00:00+00:00,34650.05078125,35299.62109375,34617.6484375,35290.66015625,0
2024-08-09 05:00:00+00:00,35104.80078125,35184.75,34445.5703125,34646.921875,0
2024-08-09 06:00:00+00:00,35025.0,35069.96875,35025.0,35069.96875,0
2024-08-13 00:00:00+00:00,35927.44140625,36025.921875,35476.7890625,35490.578125,0
2024-08-13 01:00:00+00:00,35799.390625,35993.37109375,35772.87890625,35931.828125,0
2024-08-13 02:00:00+00:00,35785.55078125,35889.08984375,35768.3515625,35800.4296875,0
2024-08-13 03:00:00+00:00,35925.30859375,36002.7890625,35850.25,35910.69921875,0
2024-08-13 04:00:00+00:00,36098.03125,36148.5,35893.6015625,35922.37109375,0
2024-08-13 05:00:00+00:00,36209.78125,36209.78125,35970.94140625,36094.390625,0
2024-08-13 06:00:00+00:00,36232.51171875,36232.51171875,36225.62109375,36225.62109375,0
2024-08-14 00:00:00+00:00,36393.859375,36683.890625,36280.359375,36535.6015625,0
2024-08-14 01:00:00+00:00,36657.109375,36664.921875,36291.1484375,36393.51953125,0
2024-08-14 02:00:00+00:00,36155.26171875,36651.78125,36074.7109375,36651.78125,0
2024-08-14 03:00:00+00:00,36216.41015625,36337.30859375,36146.390625,36151.76171875,0
2024-08-14 04:00:00+00:00,36198.0703125,36285.12890625,36144.28125,36217.08984375,0
2024-08-14 05:00:00+00:00,36394.62109375,36506.5703125,36126.30859375,36198.12109375,0
2024-08-14 06:00:00+00:00,36442.4296875,36442.4296875,36397.4296875,36397.4296875,0
2024-08-15 00:00:00+00:00,36655.73828125,36658.12109375,36381.3984375,36381.3984375,0
2024-08-15 01:00:00+00:00,36714.78125,36798.0703125,36500.83984375,36654.94921875,0
2024-08-15 02:00:00+00:00,36808.75,36823.05078125,36695.171875,36714.23828125,0
2024-08-15 03:00:00+00:00,36808.44921875,36885.16015625,36773.30078125,36830.671875,0
2024-08-15 04:00:00+00:00,36729.94921875,36857.96875,36710.05859375,36808.83984375,0
2024-08-15 05:00:00+00:00,36705.91015625,36740.05859375,36593.55078125,36731.3515625,0
2024-08-15 06:00:00+00:00,36726.640625,36726.640625,36726.640625,36726.640625,0
2024-08-16 00:00:00+00:00,37714.19140625,37811.23046875,37304.9296875,37304.9296875,0
2024-08-16 01:00:00+00:00,37830.96875,37831.51171875,37694.8515625,37720.87109375,0
2024-08-16 02:00:00+00:00,37800.421875,37888.66015625,37788.5,37826.80078125,0
2024-08-16 03:00:00+00:00,37888.91015625,37925.0390625,37851.05078125,37875.8203125,0
2024-08-16 04:00:00+00:00,37772.421875,37922.94921875,37664.48046875,37887.94921875,0
2024-08-16 05:00:00+00:00,38109.51953125,38143.55078125,37772.921875,37772.921875,0
2024-08-16 06:00:00+00:00,38062.671875,38109.80078125,38062.671875,38109.80078125,0
2024-08-19 00:00:00+00:00,38010.359375,38125.26953125,37683.62890625,37863.76171875,0
2024-08-19 01:00:00+00:00,38012.01953125,38037.4609375,37877.58984375,38009.58984375,0
2024-08-19 02:00:00+00:00,38047.171875,38075.0390625,37980.5390625,38013.390625,0
2024-08-19 03:00:00+00:00,37630.76953125,37924.58984375,37540.859375,37924.58984375,0
2024-08-19 04:00:00+00:00,37460.48046875,37741.58984375,37383.6484375,37629.421875,0
2024-08-19 05:00:00+00:00,37351.109375,37563.4296875,37318.0390625,37465.30078125,0
2024-08-19 06:00:00+00:00,37388.62109375,37388.62109375,37319.0390625,37319.0390625,0
2024-08-20 00:00:00+00:00,37885.41015625,37933.6484375,37738.30078125,37847.8515625,0
2024-08-20 01:00:00+00:00,37980.51171875,38076.44140625,37770.98046875,37889.359375,0
2024-08-20 02:00:00+00:00,38015.87109375,38092.9296875,37969.30859375,37974.5703125,0
2024-08-20 03:00:00+00:00,38152.05078125,38236.390625,38128.53125,38179.25,0
2024-08-20 04:00:00+00:00,38084.859375,38230.859375,37984.3203125,38150.51171875,0
2024-08-20 05:00:00+00:00,38172.46875,38220.6015625,38052.26171875,38086.73828125,0
2024-08-20 06:00:00+00:00,38062.921875,38068.69140625,38062.921875,38068.69140625,0
2024-08-21 00:00:00+00:00,37820.37109375,37849.26953125,37605.828125,37653.33984375,0
2024-08-21 01:00:00+00:00,37765.51171875,37885.5,37689.01953125,37820.87890625,0
2024-08-21 02:00:00+00:00,37805.3515625,37805.3515625,37692.55859375,37760.73828125,0
2024-08-21 03:00:00+00:00,37933.05859375,37978.609375,37867.71875,37884.1015625,0
2024-08-21 04:00:00+00:00,37993.2890625,38019.53125,37888.98828125,37928.8515625,0
2024-08-21 05:00:00+00:00,37974.73828125,38008.41015625,37858.28125,37992.87109375,0
2024-08-21 06:00:00+00:00,37951.80078125,38026.01953125,37951.80078125,38026.01953125,0
2024-08-22 00:00:00+00:00,38191.69921875,38322.3203125,37883.859375,38033.78125,0
2024-08-22 01:00:00+00:00,38384.26171875,38408.19140625,38164.80859375,38190.5,0
2024-08-22 02:00:00+00:00,38190.8515625,38384.5,38183.0,38384.05859375,0
2024-08-22 03:00:00+00:00,38019.41015625,38117.2109375,37978.8203125,38098.171875,0
2024-08-22 04:00:00+00:00,38072.51171875,38136.23046875,37959.3203125,38019.69140625,0
2024-08-22 05:00:00+00:00,38197.390625,38197.390625,38069.55078125,38074.44921875,0
2024-08-22 06:00:00+00:00,38211.01171875,38211.01171875,38157.421875,38157.421875,0
2024-08-23 00:00:00+00:00,38225.48046875,38370.69921875,38186.2890625,38278.1796875,0
2024-08-23 01:00:00+00:00,38086.48046875,38253.23828125,38075.08984375,38226.55078125,0
2024-08-23 02:00:00+00:00,38117.44140625,38154.890625,38053.46875,38088.26171875,0
2024-08-23 03:00:00+00:00,38290.640625,38336.4296875,38221.78125,38241.8984375,0
2024-08-23 04:00:00+00:00,38384.171875,38424.26953125,38275.98828125,38290.390625,0
2024-08-23 05:00:00+00:00,38420.19140625,38420.19140625,38316.140625,38384.53125,0
2024-08-23 06:00:00+00:00,38364.26953125,38421.328125,38364.26953125,38421.328125,0
2024-08-26 00:00:00+00:00,37993.66015625,38204.80859375,37825.30859375,38156.41015625,0
2024-08-26 01:00:00+00:00,37974.12890625,38084.76171875,37953.30078125,37996.390625,0
2024-08-26 02:00:00+00:00,37944.6796875,37980.28125,37889.078125,37974.41015625,0
2024-08-26 03:00:00+00:00,37926.19140625,38011.01953125,37865.48046875,37957.0,0
2024-08-26 04:00:00+00:00,38009.6796875,38055.62109375,37920.55078125,37926.37109375,0
2024-08-26 05:00:00+00:00,38051.01953125,38104.5703125,37971.69921875,38011.2109375,0
2024-08-26 06:00:00+00:00,38110.21875,38110.21875,38051.01953125,38051.01953125,0
2024-08-27 00:00:00+00:00,38003.7890625,38102.44921875,37911.3203125,38066.30859375,0
2024-08-27 01:00:00+00:00,38025.94921875,38089.41015625,37981.05859375,38003.94921875,0
2024-08-27 02:00:00+00:00,38055.62109375,38070.609375,37980.73828125,38023.578125,0
2024-08-27 03:00:00+00:00,38163.921875,38183.21875,38058.2890625,38102.4609375,0
2024-08-27 04:00:00+00:00,38134.30078125,38194.390625,38115.37890625,38162.78125,0
2024-08-27 05:00:00+00:00,38327.12109375,38365.640625,38135.05859375,38135.05859375,0
2024-08-27 06:00:00+00:00,38288.62109375,38355.87890625,38288.62109375,38355.87890625,0
2024-08-28 00:00:00+00:00,38216.87109375,38338.5,38141.48828125,38221.37890625,0
2024-08-28 01:00:00+00:00,38269.48046875,38279.390625,38152.37890625,38216.12890625,0
2024-08-28 02:00:00+00:00,38199.51953125,38269.23046875,38180.23046875,38269.23046875,0
2024-08-28 03:00:00+00:00,38270.05078125,38270.05078125,38159.390625,38181.390625,0
2024-08-28 04:00:00+00:00,38308.96875,38365.359375,38240.80859375,38266.6484375,0
2024-08-28 05:00:00+00:00,38369.94140625,38369.94140625,38250.609375,38308.44921875,0
2024-08-28 06:00:00+00:00,38371.76171875,38399.91015625,38371.76171875,38399.91015625,0
2024-08-29 00:00:00+00:00,38231.640625,38303.87890625,37970.19921875,38119.94921875,0
2024-08-29 01:00:00+00:00,38207.51953125,38277.05078125,38148.609375,38233.01953125,0
2024-08-29 02:00:00+00:00,38220.33984375,38267.7890625,38171.83984375,38209.1015625,0
2024-08-29 03:00:00+00:00,38330.6796875,38362.12890625,38298.01953125,38313.2109375,0
2024-08-29 04:00:00+00:00,38327.671875,38401.1484375,38317.30078125,38330.0390625,0
2024-08-29 05:00:00+00:00,38332.30859375,38356.3203125,38266.51171875,38330.19921875,0
2024-08-29 06:00:00+00:00,38362.53125,38362.53125,38330.03125,38330.03125,0
2024-08-30 00:00:00+00:00,38476.0390625,38513.671875,38316.87109375,38388.0390625,0
2024-08-30 01:00:00+00:00,38568.98828125,38610.3515625,38474.23828125,38474.55078125,0
2024-08-30 02:00:00+00:00,38585.4296875,38598.23828125,38518.26953125,38569.37109375,0
2024-08-30 03:00:00+00:00,38584.109375,38585.94921875,38517.0,38561.94921875,0
2024-08-30 04:00:00+00:00,38481.5703125,38590.75,38421.69921875,38584.171875,0
2024-08-30 05:00:00+00:00,38642.87890625,38669.7890625,38450.890625,38483.69921875,0
2024-08-30 06:00:00+00:00,38647.75,38647.75,38627.5,38627.5,0
2024-09-02 00:00:00+00:00,38880.8984375,39080.640625,38872.7890625,39025.30859375,0
2024-09-02 01:00:00+00:00,38841.03125,38948.48828125,38778.51171875,38881.4296875,0
2024-09-02 02:00:00+00:00,38709.87890625,38840.44140625,38670.66015625,38840.44140625,0
2024-09-02 03:00:00+00:00,38652.21875,38684.078125,38492.1484375,38658.4609375,0
2024-09-02 04:00:00+00:00,38640.75,38665.9296875,38476.51171875,38650.640625,0
2024-09-02 05:00:00+00:00,38640.26171875,38735.37109375,38615.6015625,38641.73046875,0
2024-09-02 06:00:00+00:00,38700.87109375,38700.87109375,38631.1796875,38631.1796875,0
2024-09-03 00:00:00+00:00,38931.98046875,38941.66015625,38737.83984375,38745.76171875,0
2024-09-03 01:00:00+00:00,38765.58984375,38967.55859375,38725.2890625,38931.37890625,0
2024-09-03 02:00:00+00:00,38787.80078125,38827.171875,38732.3203125,38769.83984375,0
2024-09-03 03:00:00+00:00,38649.51953125,38662.9609375,38581.55078125,38656.75,0
2024-09-03 04:00:00+00:00,38682.51171875,38688.62109375,38612.671875,38649.44921875,0
2024-09-03 05:00:00+00:00,38726.5703125,38738.3203125,38589.109375,38683.6015625,0
2024-09-03 06:00:00+00:00,38686.30859375,38718.44921875,38686.30859375,38718.44921875,0
2024-09-04 00:00:00+00:00,37192.71875,38080.01953125,37122.328125,38039.91015625,0
2024-09-04 01:00:00+00:00,37433.359375,37512.76953125,37183.8984375,37197.23828125,0
2024-09-04 02:00:00+00:00,37405.58984375,37430.3515625,37303.55078125,37424.1015625,0
2024-09-04 03:00:00+00:00,37214.0390625,37345.2890625,37191.671875,37332.5,0
2024-09-04 04:00:00+00:00,37222.078125,37341.78125,37219.16015625,37219.16015625,0
2024-09-04 05:00:00+00:00,37026.578125,37221.4296875,36879.328125,37221.4296875,0
2024-09-04 06:00:00+00:00,37047.609375,37047.609375,37013.109375,37013.109375,0
2024-09-05 00:00:00+00:00,36837.01953125,36889.8984375,36359.23046875,36536.25,0
2024-09-05 01:00:00+00:00,36911.37109375,37099.9609375,36746.578125,36841.73828125,0
2024-09-05 02:00:00+00:00,36917.44140625,36944.6015625,36800.48046875,36911.80078125,0
2024-09-05 03:00:00+00:00,36704.87890625,36883.828125,36697.05859375,36883.828125,0
2024-09-05 04:00:00+00:00,36543.48046875,36730.91015625,36436.0,36705.8203125,0
2024-09-05 05:00:00+00:00,36642.8203125,36776.25,36459.94921875,36547.8203125,0
2024-09-05 06:00:00+00:00,36657.08984375,36657.08984375,36608.51953125,36608.51953125,0
2024-09-06 00:00:00+00:00,36642.30078125,36898.28125,36581.53125,36815.0,0
2024-09-06 01:00:00+00:00,36709.46875,36714.4609375,36480.640625,36627.01953125,0
2024-09-06 02:00:00+00:00,36568.05078125,36750.69140625,36568.05078125,36708.921875,0
2024-09-06 03:00:00+00:00,36494.66015625,36596.1015625,36447.83984375,36596.1015625,0
2024-09-06 04:00:00+00:00,36498.19140625,36519.73046875,36421.640625,36495.01953125,0
2024-09-06 05:00:00+00:00,36444.12109375,36541.3203125,36235.609375,36497.75,0
2024-09-06 06:00:00+00:00,36391.46875,36442.12890625,36391.46875,36442.12890625,0
2024-09-09 00:00:00+00:00,35290.421875,35854.71875,35247.87109375,35805.8203125,0
2024-09-09 01:00:00+00:00,35720.48828125,35856.62109375,35285.5390625,35289.37109375,0
2024-09-09 02:00:00+00:00,35613.3203125,35770.4609375,35609.96875,35722.640625,0
2024-09-09 03:00:00+00:00,35745.19921875,35798.6796875,35665.03125,35775.609375,0
2024-09-09 04:00:00+00:00,36084.890625,36215.66015625,35688.48828125,35748.3984375,0
2024-09-09 05:00:00+00:00,36155.390625,36248.12109375,36020.6484375,36086.46875,0
2024-09-09 06:00:00+00:00,36215.75,36215.75,36165.7109375,36165.7109375,0
2024-09-10 00:00:00+00:00,36398.69140625,36410.33984375,36001.578125,36386.12109375,0
2024-09-10 01:00:00+00:00,36453.91015625,36537.03125,36309.16015625,36402.6484375,0
2024-09-10 02:00:00+00:00,36244.21875,36456.890625,36180.9296875,36456.890625,0
2024-09-10 03:00:00+00:00,36359.5703125,36387.421875,36272.16015625,36294.609375,0
2024-09-10 04:00:00+00:00,36215.6484375,36360.48046875,36193.828125,36360.48046875,0
2024-09-10 05:00:00+00:00,36184.48828125,36419.55078125,36184.48828125,36215.25,0
2024-09-10 06:00:00+00:00,36159.16015625,36190.62890625,36159.16015625,36190.62890625,0
2024-09-11 00:00:00+00:00,35899.859375,36056.87109375,35742.1484375,36029.8984375,0
2024-09-11 01:00:00+00:00,35880.48828125,36023.01171875,35730.51953125,35901.28125,0
2024-09-11 02:00:00+00:00,35867.328125,35931.390625,35820.30078125,35878.28125,0
2024-09-11 03:00:00+00:00,35750.05078125,35824.37109375,35694.62890625,35817.421875,0
2024-09-11 04:00:00+00:00,35622.12109375,35752.48828125,35542.08984375,35752.26171875,0
2024-09-11 05:00:00+00:00,35598.859375,35674.8515625,35253.4296875,35622.98828125,0
2024-09-11 06:00:00+00:00,35619.76953125,35619.76953125,35584.05078125,35584.05078125,0
2024-09-12 00:00:00+00:00,36637.44140625,36873.37109375,36172.26171875,36185.62109375,0
2024-09-12 01:00:00+00:00,36648.9609375,36740.37109375,36458.73828125,36637.75,0
2024-09-12 02:00:00+00:00,36605.62109375,36658.23046875,36555.41015625,36658.23046875,0
2024-09-12 03:00:00+00:00,36749.05078125,36753.80078125,36499.80078125,36540.23828125,0
2024-09-12 04:00:00+00:00,36793.578125,36846.390625,36704.6484375,36748.3203125,0
2024-09-12 05:00:00+00:00,36855.140625,36902.2109375,36721.76171875,36795.80859375,0
2024-09-12 06:00:00+00:00,36833.26953125,36850.87890625,36833.26953125,36850.87890625,0
2024-09-13 00:00:00+00:00,36696.73828125,36887.3984375,36556.6796875,36882.41015625,0
2024-09-13 01:00:00+00:00,36628.30859375,36737.30859375,36625.73046875,36695.5390625,0
2024-09-13 02:00:00+00:00,36507.1015625,36646.5390625,36502.26953125,36629.23046875,0
2024-09-13 03:00:00+00:00,36591.3984375,36600.71875,36448.44140625,36505.46875,0
2024-09-13 04:00:00+00:00,36556.66015625,36602.8203125,36470.30078125,36590.66015625,0
2024-09-13 05:00:00+00:00,36531.640625,36742.6796875,36520.171875,36557.48046875,0
2024-09-13 06:00:00+00:00,36581.76171875,36581.76171875,36557.01171875,36557.01171875,0
2024-09-17 00:00:00+00:00,36298.23828125,36663.1796875,36298.01171875,36601.9296875,0
2024-09-17 01:00:00+00:00,36045.890625,36294.48046875,35948.62890625,36294.390625,0
2024-09-17 02:00:00+00:00,35828.5390625,36067.25,35828.5390625,36047.87890625,0
2024-09-17 03:00:00+00:00,35974.94140625,35982.671875,35831.140625,35939.48828125,0
2024-09-17 04:00:00+00:00,35931.7109375,35986.12109375,35836.01953125,35975.94140625,0
2024-09-17 05:00:00+00:00,36221.51171875,36256.55078125,35925.94140625,35931.58984375,0
2024-09-17 06:00:00+00:00,36203.21875,36251.8984375,36203.21875,36251.8984375,0
2024-09-18 00:00:00+00:00,36469.41015625,36675.0703125,36418.23828125,36546.0390625,0
2024-09-18 01:00:00+00:00,36437.3984375,36570.28125,36398.69921875,36469.6796875,0
2024-09-18 02:00:00+00:00,36461.44140625,36491.7890625,36404.19921875,36436.390625,0
2024-09-18 03:00:00+00:00,36204.9609375,36363.62890625,36204.9609375,36363.62890625,0
2024-09-18 04:00:00+00:00,36194.48046875,36278.55078125,36127.44921875,36206.640625,0
2024-09-18 05:00:00+00:00,36354.44921875,36361.2890625,36162.359375,36194.3203125,0
2024-09-18 06:00:00+00:00,36380.171875,36380.171875,36377.05859375,36377.05859375,0
2024-09-19 00:00:00+00:00,37155.859375,37279.3984375,36958.9296875,36958.9296875,0
2024-09-19 01:00:00+00:00,37287.828125,37321.3984375,37044.37109375,37148.76171875,0
2024-09-19 02:00:00+00:00,37284.4296875,37394.51953125,37247.3203125,37289.9296875,0
2024-09-19 03:00:00+00:00,37290.53125,37290.53125,37171.62890625,37205.25,0
2024-09-19 04:00:00+00:00,37355.1796875,37355.1796875,37236.140625,37288.91015625,0
2024-09-19 05:00:00+00:00,37117.05078125,37369.41015625,37110.48828125,37355.5703125,0
2024-09-19 06:00:00+00:00,37155.328125,37155.328125,37122.26953125,37122.26953125,0
2024-09-20 00:00:00+00:00,37881.578125,37956.3203125,37680.96875,37714.0703125,0
2024-09-20 01:00:00+00:00,37931.80859375,37943.921875,37799.26171875,37858.37890625,0
2024-09-20 02:00:00+00:00,37935.578125,37974.71875,37878.46875,37931.05078125,0
2024-09-20 03:00:00+00:00,37890.55078125,37904.23828125,37762.53125,37822.01953125,0
2024-09-20 04:00:00+00:00,37898.3515625,37919.80078125,37814.80078125,37891.640625,0
2024-09-20 05:00:00+00:00,37731.6484375,37903.03125,37654.109375,37903.03125,0
2024-09-20 06:00:00+00:00,37723.91015625,37723.91015625,37719.98046875,37719.98046875,0
2024-09-24 00:00:00+00:00,38219.05859375,38378.859375,38171.359375,38171.359375,0
2024-09-24 01:00:00+00:00,38176.640625,38427.1484375,38175.08984375,38216.0703125,0
2024-09-24 02:00:00+00:00,37974.98046875,38166.87109375,37964.87109375,38166.87109375,0
2024-09-24 03:00:00+00:00,38043.58984375,38076.421875,37902.98828125,37962.359375,0
2024-09-24 04:00:00+00:00,37984.359375,38059.01171875,37951.19921875,38049.6015625,0
2024-09-24 05:00:00+00:00,37968.26953125,38116.19140625,37968.26953125,37984.609375,0
2024-09-24 06:00:00+00:00,37940.58984375,37953.5390625,37940.58984375,37953.5390625,0
2024-09-25 00:00:00+00:00,37960.578125,38102.75,37868.83984375,37947.3515625,0
2024-09-25 01:00:00+00:00,38043.12109375,38050.23828125,37894.328125,37959.08984375,0
2024-09-25 02:00:00+00:00,38068.21875,38076.33984375,38026.921875,38042.83984375,0
2024-09-25 03:00:00+00:00,37998.26953125,38029.921875,37938.0,38015.73828125,0
2024-09-25 04:00:00+00:00,38049.4609375,38078.9609375,37968.94140625,37999.25,0
2024-09-25 05:00:00+00:00,37906.28125,38109.23828125,37893.51171875,38051.19140625,0
2024-09-25 06:00:00+00:00,37870.26171875,37895.7109375,37870.26171875,37895.7109375,0
2024-09-26 00:00:00+00:00,38541.41015625,38576.58984375,38240.6484375,38266.7890625,0
2024-09-26 01:00:00+00:00,38766.44140625,38770.7890625,38520.98828125,38541.1484375,0
2024-09-26 02:00:00+00:00,38812.94140625,38833.98828125,38752.05859375,38767.359375,0
2024-09-26 03:00:00+00:00,38823.5,38884.69921875,38744.921875,38751.96875,0
2024-09-26 04:00:00+00:00,38731.1796875,38826.71875,38668.87109375,38824.8984375,0
2024-09-26 05:00:00+00:00,38832.05859375,38861.921875,38696.01953125,38735.44140625,0
2024-09-26 06:00:00+00:00,38925.62890625,38925.62890625,38864.87109375,38864.87109375,0
2024-09-27 00:00:00+00:00,39146.0703125,39260.19921875,38962.5390625,39108.26953125,0
2024-09-27 01:00:00+00:00,38933.69921875,39297.58984375,38933.69921875,39138.0,0
2024-09-27 02:00:00+00:00,38964.6484375,39022.1015625,38917.98046875,38932.140625,0
2024-09-27 03:00:00+00:00,39172.01171875,39182.12109375,38953.75,38953.75,0
2024-09-27 04:00:00+00:00,39476.55859375,39494.5703125,39167.4296875,39171.921875,0
2024-09-27 05:00:00+00:00,39741.6015625,39777.328125,39371.96875,39471.609375,0
2024-09-27 06:00:00+00:00,39829.55859375,39829.55859375,39764.71875,39764.71875,0
2024-09-30 00:00:00+00:00,38083.87109375,39126.359375,37960.08984375,39117.828125,0
2024-09-30 01:00:00+00:00,38151.921875,38219.71875,38033.87109375,38082.1796875,0
2024-09-30 02:00:00+00:00,37980.33984375,38150.28125,37928.71875,38149.421875,0
2024-09-30 03:00:00+00:00,38052.78125,38074.62890625,37877.23828125,37919.76953125,0
2024-09-30 04:00:00+00:00,37948.05859375,38096.890625,37920.03125,38050.3984375,0
2024-09-30 05:00:00+00:00,37845.0703125,37949.62109375,37797.91015625,37949.62109375,0
2024-09-30 06:00:00+00:00,37919.55078125,37919.55078125,37883.23046875,37883.23046875,0
2024-10-01 00:00:00+00:00,38457.9609375,38578.05078125,38232.46875,38232.46875,0
2024-10-01 01:00:00+00:00,38491.98046875,38621.94140625,38451.80859375,38455.1015625,0
2024-10-01 02:00:00+00:00,38476.328125,38495.87890625,38383.0703125,38495.859375,0
2024-10-01 03:00:00+00:00,38707.48046875,38718.12890625,38504.578125,38504.578125,0
2024-10-01 04:00:00+00:00,38657.78125,38711.51953125,38621.51171875,38705.8203125,0
2024-10-01 05:00:00+00:00,38625.21875,38693.16015625,38605.80859375,38658.23828125,0
2024-10-01 06:00:00+00:00,38651.96875,38651.96875,38618.890625,38618.890625,0
2024-10-02 00:00:00+00:00,38081.83984375,38213.5390625,38018.1484375,38136.19921875,0
2024-10-02 01:00:00+00:00,38040.51953125,38084.55078125,37892.26953125,38081.87890625,0
2024-10-02 02:00:00+00:00,38013.76171875,38061.890625,37985.05078125,38040.8984375,0
2024-10-02 03:00:00+00:00,38050.30859375,38113.25,38016.73046875,38016.73046875,0
2024-10-02 04:00:00+00:00,37886.48828125,38070.73046875,37864.328125,38053.078125,0
2024-10-02 05:00:00+00:00,37794.3515625,37937.6015625,37651.0703125,37870.23828125,0
2024-10-02 06:00:00+00:00,37808.76171875,37808.76171875,37775.80859375,37775.80859375,0
2024-10-03 00:00:00+00:00,38605.28125,38856.75,38457.62109375,38459.12890625,0
2024-10-03 01:00:00+00:00,38676.98828125,38785.5,38583.8984375,38603.80078125,0
2024-10-03 02:00:00+00:00,38655.03125,38683.91015625,38587.03125,38674.08984375,0
2024-10-03 03:00:00+00:00,38612.8984375,38673.3515625,38533.44140625,38671.23046875,0
2024-10-03 04:00:00+00:00,38582.83984375,38668.7109375,38533.73828125,38614.03125,0
2024-10-03 05:00:00+00:00,38542.109375,38638.109375,38530.03125,38583.80078125,0
2024-10-03 06:00:00+00:00,38552.05859375,38566.69921875,38552.05859375,38566.69921875,0
2024-10-04 00:00:00+00:00,38549.33984375,38689.4296875,38547.8984375,38594.73046875,0
2024-10-04 01:00:00+00:00,38652.6484375,38698.30078125,38501.8203125,38549.21875,0
2024-10-04 02:00:00+00:00,38732.41015625,38735.2890625,38623.78125,38651.44140625,0
2024-10-04 03:00:00+00:00,38629.73046875,38685.109375,38618.9296875,38685.109375,0
2024-10-04 04:00:00+00:00,38640.03125,38682.53125,38589.46875,38629.55859375,0
2024-10-04 05:00:00+00:00,38620.37890625,38675.94140625,38536.94140625,38640.01953125,0
2024-10-04 06:00:00+00:00,38635.62109375,38635.62109375,38602.3984375,38602.3984375,0
2024-10-07 00:00:00+00:00,39418.08984375,39514.5703125,39195.9296875,39239.921875,0
2024-10-07 01:00:00+00:00,39375.2109375,39497.94921875,39327.55859375,39418.91015625,0
2024-10-07 02:00:00+00:00,39354.62890625,39464.80859375,39348.83984375,39376.51171875,0
2024-10-07 03:00:00+00:00,39457.109375,39494.0703125,39382.28125,39433.390625,0
2024-10-07 04:00:00+00:00,39507.5703125,39507.9609375,39430.859375,39456.91015625,0
2024-10-07 05:00:00+00:00,39381.0,39560.78125,39367.2890625,39507.19921875,0
2024-10-07 06:00:00+00:00,39332.73828125,39364.5703125,39332.73828125,39364.5703125,0
2024-10-08 00:00:00+00:00,39056.19921875,39117.08984375,38939.51953125,39021.12890625,0
2024-10-08 01:00:00+00:00,38924.55078125,39077.69921875,38896.421875,39055.19921875,0
2024-10-08 02:00:00+00:00,38861.08984375,38930.46875,38853.51171875,38925.26171875,0
2024-10-08 03:00:00+00:00,38871.3203125,38910.75,38823.46875,38853.3203125,0
2024-10-08 04:00:00+00:00,38912.76171875,38919.640625,38817.87890625,38870.76953125,0
2024-10-08 05:00:00+00:00,38926.51171875,38973.140625,38832.19921875,38908.71875,0
2024-10-08 06:00:00+00:00,38937.5390625,38937.5390625,38906.96875,38906.96875,0
2024-10-09 00:00:00+00:00,39282.69921875,39456.28125,39231.08984375,39385.48828125,0
2024-10-09 01:00:00+00:00,39236.5,39390.109375,39236.5,39281.9296875,0
2024-10-09 02:00:00+00:00,39178.69921875,39237.80078125,39115.62890625,39237.80078125,0
2024-10-09 03:00:00+00:00,39234.390625,39253.8515625,39171.48828125,39214.83984375,0
2024-10-09 04:00:00+00:00,39265.7109375,39280.359375,39204.03125,39233.01953125,0
2024-10-09 05:00:00+00:00,39300.76171875,39374.30859375,39266.140625,39268.03125,0
2024-10-09 06:00:00+00:00,39277.9609375,39324.16015625,39277.9609375,39324.16015625,0
2024-10-10 00:00:00+00:00,39465.44140625,39616.58984375,39401.578125,39575.80078125,0
2024-10-10 01:00:00+00:00,39372.6796875,39492.87890625,39352.05078125,39464.859375,0
2024-10-10 02:00:00+00:00,39395.05078125,39412.5,39355.8984375,39372.48046875,0
2024-10-10 03:00:00+00:00,39350.55859375,39385.98046875,39282.19140625,39385.98046875,0
2024-10-10 04:00:00+00:00,39348.5,39411.12890625,39333.94140625,39350.1796875,0
2024-10-10 05:00:00+00:00,39404.4609375,39415.51171875,39347.2890625,39348.890625,0
2024-10-10 06:00:00+00:00,39380.890625,39406.46875,39380.890625,39406.46875,0
2024-10-11 00:00:00+00:00,39565.0,39636.87109375,39415.26171875,39636.87109375,0
2024-10-11 01:00:00+00:00,39658.58984375,39662.421875,39520.1484375,39560.5,0
2024-10-11 02:00:00+00:00,39612.8203125,39658.21875,39582.94140625,39658.21875,0
2024-10-11 03:00:00+00:00,39629.19140625,39634.69921875,39514.98046875,39535.05859375,0
2024-10-11 04:00:00+00:00,39606.73046875,39668.9296875,39582.48046875,39628.80859375,0
2024-10-11 05:00:00+00:00,39551.69140625,39644.578125,39539.75,39608.91015625,0
2024-10-11 06:00:00+00:00,39605.80078125,39605.80078125,39569.859375,39569.859375,0
2024-10-15 00:00:00+00:00,39999.421875,40136.6796875,39956.328125,40047.1484375,0
2024-10-15 01:00:00+00:00,40194.16015625,40237.7109375,39967.03125,39996.69921875,0
2024-10-15 02:00:00+00:00,40232.44921875,40257.33984375,40176.05078125,40194.55078125,0
2024-10-15 03:00:00+00:00,40136.0703125,40225.30078125,40096.1015625,40157.4296875,0
2024-10-15 04:00:00+00:00,40112.51953125,40163.12890625,40099.76953125,40138.8984375,0
2024-10-15 05:00:00+00:00,39948.75,40123.2109375,39934.48046875,40112.87890625,0
2024-10-15 06:00:00+00:00,39910.55078125,39910.55078125,39910.55078125,39910.55078125,0
2024-10-16 00:00:00+00:00,39273.51171875,39362.62890625,39062.8515625,39362.62890625,0
2024-10-16 01:00:00+00:00,39188.94140625,39291.98828125,39140.94921875,39278.80859375,0
2024-10-16 02:00:00+00:00,39093.4609375,39192.48046875,39093.4609375,39189.87109375,0
2024-10-16 03:00:00+00:00,39222.26171875,39230.91015625,39071.44921875,39160.78125,0
2024-10-16 04:00:00+00:00,39249.12109375,39260.87109375,39139.9296875,39219.01171875,0
2024-10-16 05:00:00+00:00,39211.55078125,39277.3515625,39145.28125,39247.98046875,0
2024-10-16 06:00:00+00:00,39180.30078125,39180.30078125,39180.30078125,39180.30078125,0
2024-10-17 00:00:00+00:00,39170.8203125,39299.73828125,39135.671875,39263.8203125,0
2024-10-17 01:00:00+00:00,38993.921875,39174.08984375,38932.69140625,39169.19921875,0
2024-10-17 02:00:00+00:00,38944.9296875,39008.2890625,38944.9296875,38992.6015625,0
2024-10-17 03:00:00+00:00,38987.98046875,39031.640625,38954.44140625,38964.421875,0
2024-10-17 04:00:00+00:00,38962.48046875,39005.328125,38921.1484375,38993.171875,0
2024-10-17 05:00:00+00:00,38962.01171875,39157.03125,38954.08984375,38963.0703125,0
2024-10-17 06:00:00+00:00,38911.19140625,38945.1796875,38911.19140625,38945.1796875,0
2024-10-18 00:00:00+00:00,39041.0390625,39186.640625,38982.19921875,39092.46875,0
2024-10-18 01:00:00+00:00,39014.6796875,39058.3984375,38964.51953125,39046.30078125,0
2024-10-18 02:00:00+00:00,39058.3203125,39070.87109375,38989.87890625,39033.6484375,0
2024-10-18 03:00:00+00:00,38921.94921875,39061.5,38893.51953125,39020.51171875,0
2024-10-18 04:00:00+00:00,38927.12109375,38955.08984375,38895.41015625,38922.1484375,0
2024-10-18 05:00:00+00:00,38952.1484375,39008.62109375,38911.859375,38928.12109375,0
2024-10-18 06:00:00+00:00,38981.75,38981.75,38973.12109375,38973.12109375,0
2024-10-21 00:00:00+00:00,38978.03125,39036.98046875,38775.58984375,38960.19921875,0
2024-10-21 01:00:00+00:00,39035.37109375,39055.03125,38955.41015625,38981.76953125,0
2024-10-21 02:00:00+00:00,39110.94921875,39119.671875,39033.0390625,39034.9609375,0
2024-10-21 03:00:00+00:00,39070.76171875,39097.171875,38994.8203125,39016.109375,0
2024-10-21 04:00:00+00:00,39038.5703125,39097.91015625,39030.76171875,39073.91015625,0
2024-10-21 05:00:00+00:00,39008.1015625,39057.6796875,39003.01171875,39038.140625,0
2024-10-21 06:00:00+00:00,38954.6015625,39011.12109375,38954.6015625,39011.12109375,0
2024-10-22 00:00:00+00:00,38490.0703125,38995.03125,38490.0703125,38933.6015625,0
2024-10-22 01:00:00+00:00,38427.37890625,38550.390625,38200.8203125,38494.2109375,0
2024-10-22 02:00:00+00:00,38399.46875,38492.2890625,38392.19921875,38424.16015625,0
2024-10-22 03:00:00+00:00,38464.33984375,38500.08984375,38425.71875,38430.640625,0
2024-10-22 04:00:00+00:00,38402.3203125,38498.4609375,38389.12109375,38466.21875,0
2024-10-22 05:00:00+00:00,38396.94921875,38520.48828125,38382.671875,38401.5390625,0
2024-10-22 06:00:00+00:00,38411.9609375,38411.9609375,38389.3984375,38389.3984375,0
2024-10-23 00:00:00+00:00,38446.328125,38514.328125,38324.05078125,38397.28125,0
2024-10-23 01:00:00+00:00,38293.140625,38479.26953125,38293.140625,38443.9609375,0
2024-10-23 02:00:00+00:00,38300.80859375,38368.91015625,38293.83984375,38296.109375,0
2024-10-23 03:00:00+00:00,38068.609375,38287.73828125,38068.609375,38285.9296875,0
2024-10-23 04:00:00+00:00,38137.69140625,38175.33984375,37987.62109375,38068.08984375,0
2024-10-23 05:00:00+00:00,38076.9609375,38158.62109375,38062.7890625,38128.25,0
2024-10-23 06:00:00+00:00,38104.859375,38104.859375,38080.8515625,38080.8515625,0
2024-10-24 00:00:00+00:00,38316.1015625,38320.390625,37712.19140625,37804.51953125,0
2024-10-24 01:00:00+00:00,38184.6796875,38317.51953125,38150.19140625,38317.51953125,0
2024-10-24 02:00:00+00:00,38154.25,38189.62109375,38103.73046875,38189.62109375,0
2024-10-24 03:00:00+00:00,38157.5703125,38265.73046875,38148.890625,38248.5390625,0
2024-10-24 04:00:00+00:00,38121.78125,38154.109375,38013.66015625,38154.109375,0
2024-10-24 05:00:00+00:00,38178.03125,38212.9609375,38100.19921875,38122.78125,0
2024-10-24 06:00:00+00:00,38143.2890625,38182.62109375,38143.2890625,38182.62109375,0
2024-10-25 00:00:00+00:00,37831.3203125,38025.421875,37804.62109375,37954.78125,0
2024-10-25 01:00:00+00:00,37774.51953125,37910.078125,37743.0,37833.28125,0
2024-10-25 02:00:00+00:00,37771.7890625,37789.62109375,37728.3515625,37769.46875,0
2024-10-25 03:00:00+00:00,37760.76171875,37874.98828125,37740.46875,37822.4296875,0
2024-10-25 04:00:00+00:00,37817.94140625,37818.890625,37714.28125,37760.1796875,0
2024-10-25 05:00:00+00:00,37872.609375,37905.23046875,37773.3515625,37816.05859375,0
2024-10-25 06:00:00+00:00,37913.921875,37913.921875,37879.890625,37879.890625,0
2024-10-28 00:00:00+00:00,38486.33984375,38658.73828125,37757.94921875,37757.94921875,0
2024-10-28 01:00:00+00:00,38542.671875,38597.48046875,38441.75,38488.328125,0
2024-10-28 02:00:00+00:00,38463.5,38546.37109375,38435.12890625,38543.640625,0
2024-10-28 03:00:00+00:00,38518.76953125,38578.62109375,38452.08984375,38546.01171875,0
2024-10-28 04:00:00+00:00,38696.7890625,38697.21875,38495.859375,38515.46875,0
2024-10-28 05:00:00+00:00,38642.80078125,38727.9609375,38588.26171875,38700.01171875,0
2024-10-28 06:00:00+00:00,38605.53125,38626.44140625,38605.53125,38626.44140625,0
2024-10-29 00:00:00+00:00,38702.109375,38702.109375,38416.8515625,38524.30078125,0
2024-10-29 01:00:00+00:00,38787.5390625,38897.9296875,38631.98046875,38699.390625,0
2024-10-29 02:00:00+00:00,38819.51171875,38859.23828125,38758.5,38789.76171875,0
2024-10-29 03:00:00+00:00,38805.5390625,38872.6796875,38778.0703125,38870.7109375,0
2024-10-29 04:00:00+00:00,38847.19921875,38850.859375,38756.1015625,38805.62890625,0
2024-10-29 05:00:00+00:00,38874.6796875,38896.859375,38823.828125,38847.55078125,0
2024-10-29 06:00:00+00:00,38903.6796875,38903.6796875,38903.6796875,38903.6796875,0
2024-10-30 00:00:00+00:00,39223.94921875,39313.87109375,39094.30078125,39102.890625,0
2024-10-30 01:00:00+00:00,39316.3203125,39332.01953125,39181.01953125,39213.140625,0
2024-10-30 02:00:00+00:00,39390.48828125,39390.48828125,39297.25,39315.98828125,0
2024-10-30 03:00:00+00:00,39354.98828125,39417.87890625,39328.609375,39401.51953125,0
2024-10-30 04:00:00+00:00,39303.05859375,39358.9296875,39264.51953125,39355.69921875,0
2024-10-30 05:00:00+00:00,39309.08984375,39346.16015625,39207.80078125,39303.6484375,0
2024-10-30 06:00:00+00:00,39277.390625,39298.01171875,39277.390625,39298.01171875,0
2024-10-31 00:00:00+00:00,39006.25,39249.2109375,38987.328125,39179.71875,0
2024-10-31 01:00:00+00:00,39083.01953125,39159.390625,39006.5390625,39006.5390625,0
2024-10-31 02:00:00+00:00,39116.7890625,39157.25,39067.7890625,39090.7890625,0
2024-10-31 03:00:00+00:00,39028.3515625,39139.6015625,38981.96875,39093.69921875,0
2024-10-31 04:00:00+00:00,38915.94140625,39033.05859375,38832.2109375,39028.19921875,0
2024-10-31 05:00:00+00:00,39102.359375,39171.6796875,38895.1796875,38916.9609375,0
2024-10-31 06:00:00+00:00,39081.25,39081.25,39081.25,39081.25,0
2024-11-01 00:00:00+00:00,38323.0390625,38512.828125,38238.671875,38504.3515625,0
2024-11-01 01:00:00+00:00,38254.2890625,38361.75,38221.69921875,38323.859375,0
2024-11-01 02:00:00+00:00,38196.53125,38263.30078125,38180.3515625,38254.73046875,0
2024-11-01 03:00:00+00:00,38203.76171875,38261.23046875,38188.7890625,38206.4296875,0
2024-11-01 04:00:00+00:00,38193.75,38240.41015625,38160.1796875,38202.01953125,0
2024-11-01 05:00:00+00:00,38033.0,38207.71875,37946.66015625,38197.328125,0
2024-11-01 06:00:00+00:00,38053.671875,38053.671875,38033.73828125,38033.73828125,0
2024-11-05 00:00:00+00:00,38354.23828125,38392.2109375,38159.73046875,38274.21875,0
2024-11-05 01:00:00+00:00,38529.6484375,38572.671875,38334.140625,38354.05078125,0
2024-11-05 02:00:00+00:00,38474.66015625,38536.828125,38462.48046875,38531.21875,0
2024-11-05 03:00:00+00:00,38495.37890625,38559.8984375,38458.33984375,38551.83984375,0
2024-11-05 04:00:00+00:00,38523.26171875,38606.69140625,38492.26953125,38492.26953125,0
2024-11-05 05:00:00+00:00,38608.8203125,38620.19140625,38535.05859375,38535.05859375,0
2024-11-06 00:00:00+00:00,38922.078125,38958.41015625,38662.171875,38677.94921875,0
2024-11-06 01:00:00+00:00,39054.21875,39055.25,38933.7890625,38938.23828125,0
2024-11-06 02:00:00+00:00,39341.44140625,39341.44140625,39053.30078125,39055.7890625,0
2024-11-06 03:00:00+00:00,39544.578125,39664.53125,39431.8515625,39564.78125,0
2024-11-06 04:00:00+00:00,39323.6015625,39542.01953125,39285.03125,39530.12109375,0
2024-11-06 05:00:00+00:00,39437.44140625,39444.66015625,39135.12109375,39322.05078125,0
2024-11-07 00:00:00+00:00,39293.671875,39884.01171875,39202.80859375,39745.23046875,0
2024-11-07 01:00:00+00:00,39348.87109375,39384.7109375,39020.21875,39296.921875,0
2024-11-07 02:00:00+00:00,39321.87109375,39371.53125,39234.3984375,39349.23046875,0
2024-11-07 03:00:00+00:00,39361.91015625,39491.890625,39331.2109375,39448.078125,0
2024-11-07 04:00:00+00:00,39326.16015625,39386.30078125,39255.4609375,39364.69140625,0
2024-11-07 05:00:00+00:00,39392.23828125,39393.80078125,39302.9609375,39323.7890625,0
2024-11-08 00:00:00+00:00,39687.3984375,39818.41015625,39552.1484375,39783.44921875,0
2024-11-08 01:00:00+00:00,39448.51171875,39691.0,39446.8984375,39688.37109375,0
2024-11-08 02:00:00+00:00,39515.359375,39515.359375,39418.37890625,39456.62109375,0
2024-11-08 03:00:00+00:00,39495.51953125,39525.62109375,39473.46875,39482.87109375,0
2024-11-08 04:00:00+00:00,39422.03125,39493.08984375,39377.87109375,39492.76953125,0
2024-11-08 05:00:00+00:00,39498.23828125,39552.48828125,39406.66015625,39429.51953125,0
2024-11-11 00:00:00+00:00,39516.76953125,39598.73828125,39316.2109375,39417.2109375,0
2024-11-11 01:00:00+00:00,39433.9296875,39523.51953125,39379.53125,39518.01171875,0
2024-11-11 02:00:00+00:00,39347.7890625,39437.640625,39315.609375,39434.73828125,0
2024-11-11 03:00:00+00:00,39418.4609375,39461.03125,39393.3203125,39405.1796875,0
2024-11-11 04:00:00+00:00,39481.01171875,39533.23828125,39415.16015625,39419.16015625,0
2024-11-11 05:00:00+00:00,39480.01953125,39537.6484375,39449.609375,39481.76171875,0
2024-11-12 00:00:00+00:00,39726.98828125,39812.44140625,39572.05859375,39642.78125,0
2024-11-12 01:00:00+00:00,39792.16015625,39866.71875,39665.01953125,39729.30859375,0
2024-11-12 02:00:00+00:00,39748.12890625,39833.609375,39747.80859375,39792.69921875,0
2024-11-12 03:00:00+00:00,39388.46875,39593.140625,39388.44921875,39544.80859375,0
2024-11-12 04:00:00+00:00,39223.140625,39441.28125,39173.12890625,39379.7109375,0
2024-11-12 05:00:00+00:00,39267.3203125,39301.0703125,39137.890625,39220.1796875,0
2024-11-13 00:00:00+00:00,39096.66015625,39377.23828125,39044.08984375,39317.1484375,0
2024-11-13 01:00:00+00:00,38924.76953125,39102.73828125,38814.0703125,39096.98828125,0
2024-11-13 02:00:00+00:00,38953.44140625,38988.359375,38862.76953125,38929.94140625,0
2024-11-13 03:00:00+00:00,38981.83984375,39049.6015625,38962.109375,39008.96875,0
2024-11-13 04:00:00+00:00,38800.01171875,39009.359375,38800.01171875,38979.37109375,0
2024-11-13 05:00:00+00:00,38711.44140625,38825.0,38600.26171875,38800.4296875,0
2024-11-14 00:00:00+00:00,39026.359375,39084.44140625,38821.7890625,38911.0390625,0
2024-11-14 01:00:00+00:00,38759.28125,39057.94140625,38739.109375,39032.69921875,0
2024-11-14 02:00:00+00:00,38761.01953125,38770.6484375,38621.87890625,38753.7109375,0
2024-11-14 03:00:00+00:00,38780.21875,38795.91015625,38732.671875,38768.94140625,0
2024-11-14 04:00:00+00:00,38722.26953125,38820.87109375,38704.6484375,38767.55859375,0
2024-11-14 05:00:00+00:00,38638.2890625,38782.109375,38571.421875,38722.4609375,0
2024-11-15 00:00:00+00:00,39019.890625,39101.640625,38749.55859375,38749.55859375,0
2024-11-15 01:00:00+00:00,38833.19921875,39025.69921875,38765.640625,39021.66015625,0
2024-11-15 02:00:00+00:00,38842.12890625,38858.25,38785.66015625,38834.859375,0
2024-11-15 03:00:00+00:00,38865.2890625,38886.578125,38837.21875,38867.30859375,0
2024-11-15 04:00:00+00:00,38845.2109375,38887.51171875,38815.359375,38865.53125,0
2024-11-15 05:00:00+00:00,38817.28125,38875.69140625,38752.328125,38849.828125,0
2024-11-18 00:00:00+00:00,38363.19140625,38406.80859375,38150.390625,38259.58984375,0
2024-11-18 01:00:00+00:00,38358.7109375,38548.30078125,38333.5390625,38362.26953125,0
2024-11-18 02:00:00+00:00,38343.390625,38390.0703125,38298.62109375,38357.140625,0
2024-11-18 03:00:00+00:00,38233.76953125,38309.21875,38228.71875,38309.21875,0
2024-11-18 04:00:00+00:00,38293.328125,38306.2890625,38218.921875,38233.12109375,0
2024-11-18 05:00:00+00:00,38265.01171875,38297.9609375,38221.37109375,38293.890625,0
2024-11-19 00:00:00+00:00,38322.30078125,38511.98828125,38292.76953125,38396.71875,0
2024-11-19 01:00:00+00:00,38384.0703125,38392.37890625,38246.359375,38323.7109375,0
2024-11-19 02:00:00+00:00,38429.37109375,38434.671875,38364.8984375,38382.71875,0
2024-11-19 03:00:00+00:00,38495.671875,38549.44140625,38466.87109375,38466.87109375,0
2024-11-19 04:00:00+00:00,38504.0390625,38560.1015625,38463.91015625,38496.30078125,0
2024-11-19 05:00:00+00:00,38380.62109375,38503.76953125,38343.94140625,38503.76953125,0
2024-11-20 00:00:00+00:00,38412.3515625,38520.44921875,38389.671875,38475.69921875,0
2024-11-20 01:00:00+00:00,38257.328125,38427.1796875,38207.7890625,38418.671875,0
2024-11-20 02:00:00+00:00,38242.3515625,38280.390625,38239.19921875,38259.44921875,0
2024-11-20 03:00:00+00:00,38227.26171875,38256.4296875,38180.1484375,38237.12109375,0
2024-11-20 04:00:00+00:00,38333.80859375,38342.6484375,38217.828125,38227.359375,0
2024-11-20 05:00:00+00:00,38308.19921875,38376.98046875,38258.0390625,38337.5703125,0
2024-11-21 00:00:00+00:00,38047.4296875,38374.69140625,37995.8984375,38352.87109375,0
2024-11-21 01:00:00+00:00,38062.94140625,38140.55078125,38023.30078125,38045.75,0
2024-11-21 02:00:00+00:00,38033.21875,38092.75,38029.30859375,38064.30078125,0
2024-11-21 03:00:00+00:00,37979.7890625,38083.16015625,37967.62890625,38070.640625,0
2024-11-21 04:00:00+00:00,38020.55078125,38043.9296875,37945.2109375,37979.01171875,0
2024-11-21 05:00:00+00:00,38079.71875,38121.16015625,38005.5703125,38018.7890625,0
2024-11-21 06:00:00+00:00,38020.87890625,38078.76171875,37974.53125,38078.76171875,0
2024-11-22 00:00:00+00:00,38283.640625,38324.37109375,38085.12890625,38146.98046875,0
2024-11-22 01:00:00+00:00,38348.921875,38374.51171875,38280.140625,38283.26171875,0
2024-11-22 02:00:00+00:00,38415.3203125,38420.62890625,38336.46875,38347.5390625,0
2024-11-22 03:00:00+00:00,38345.83984375,38414.828125,38291.66015625,38414.828125,0
2024-11-22 04:00:00+00:00,38317.390625,38415.28125,38310.08984375,38352.171875,0
2024-11-22 05:00:00+00:00,38329.30859375,38397.3515625,38314.48828125,38317.66015625,0
2024-11-22 06:00:00+00:00,38357.421875,38375.25,38300.76171875,38329.51953125,0
2024-11-25 00:00:00+00:00,39021.08984375,39047.30078125,38672.4609375,38679.9296875,0
2024-11-25 01:00:00+00:00,38830.23046875,39053.640625,38820.44140625,39023.3515625,0
2024-11-25 02:00:00+00:00,38868.6796875,38868.6796875,38787.51953125,38828.0390625,0
2024-11-25 03:00:00+00:00,38715.8984375,38782.078125,38672.171875,38782.078125,0
2024-11-25 04:00:00+00:00,38838.03125,38861.26953125,38704.2890625,38715.87109375,0
2024-11-25 05:00:00+00:00,38925.359375,38957.94140625,38831.80859375,38837.3203125,0
2024-11-25 06:00:00+00:00,38799.828125,38924.19921875,38757.58984375,38924.19921875,0
2024-11-26 00:00:00+00:00,38200.75,38596.76171875,38197.51171875,38596.76171875,0
2024-11-26 01:00:00+00:00,38231.8203125,38249.37109375,38020.078125,38206.8515625,0
2024-11-26 02:00:00+00:00,38260.37890625,38366.921875,38232.37890625,38232.8203125,0
2024-11-26 03:00:00+00:00,38253.98046875,38330.03125,38238.140625,38287.12890625,0
2024-11-26 04:00:00+00:00,38205.6796875,38262.55859375,38158.73828125,38253.109375,0
2024-11-26 05:00:00+00:00,38240.4296875,38258.80078125,38168.0390625,38204.6015625,0
2024-11-26 06:00:00+00:00,38404.44140625,38404.44140625,38201.55078125,38240.05859375,0
2024-11-27 00:00:00+00:00,38289.26953125,38332.44921875,38201.41015625,38327.859375,0
2024-11-27 01:00:00+00:00,38099.75,38313.859375,38062.76953125,38288.3984375,0
2024-11-27 02:00:00+00:00,38165.8515625,38179.7109375,38081.76953125,38090.33984375,0
2024-11-27 03:00:00+00:00,38158.359375,38165.0390625,38070.19921875,38150.609375,0
2024-11-27 04:00:00+00:00,38068.53125,38163.98828125,38064.12890625,38157.8203125,0
2024-11-27 05:00:00+00:00,38069.4296875,38110.01953125,37988.98828125,38070.83984375,0
2024-11-27 06:00:00+00:00,38149.37890625,38151.87109375,38028.80859375,38065.69140625,0
2024-11-28 00:00:00+00:00,38044.421875,38080.23828125,37801.62109375,37935.94140625,0
2024-11-28 01:00:00+00:00,38292.359375,38381.53125,38018.640625,38041.80078125,0
2024-11-28 02:00:00+00:00,38295.12890625,38376.55859375,38199.30859375,38296.671875,0
2024-11-28 03:00:00+00:00,38359.44140625,38458.91015625,38280.9296875,38323.08984375,0
2024-11-28 04:00:00+00:00,38447.12890625,38478.3203125,38360.28125,38360.28125,0
2024-11-28 05:00:00+00:00,38368.26953125,38465.51953125,38368.26953125,38447.69921875,0
2024-11-28 06:00:00+00:00,38358.6796875,38366.6484375,38257.26953125,38364.80859375,0
2024-11-29 00:00:00+00:00,38010.828125,38238.23828125,37986.96875,38205.078125,0
2024-11-29 01:00:00+00:00,38115.94140625,38160.62109375,37988.12109375,38012.0,0
2024-11-29 02:00:00+00:00,38193.01171875,38210.62109375,38116.6015625,38116.6015625,0
2024-11-29 03:00:00+00:00,38157.76171875,38270.05859375,38152.19921875,38221.16015625,0
2024-11-29 04:00:00+00:00,38169.73046875,38190.30859375,38118.0,38156.3203125,0
2024-11-29 05:00:00+00:00,38197.41015625,38240.359375,38171.2109375,38171.2109375,0
2024-11-29 06:00:00+00:00,38200.3984375,38211.01953125,38151.890625,38194.05078125,0
2024-12-02 00:00:00+00:00,37995.828125,38365.01171875,37958.55078125,38216.94921875,0
2024-12-02 01:00:00+00:00,38098.83984375,38110.921875,37966.98046875,37988.71875,0
2024-12-02 02:00:00+00:00,38220.01171875,38252.05078125,38087.05078125,38099.75,0
2024-12-02 03:00:00+00:00,38325.05078125,38352.55859375,38235.41015625,38255.16015625,0
2024-12-02 04:00:00+00:00,38458.01171875,38538.6015625,38320.2109375,38324.16015625,0
2024-12-02 05:00:00+00:00,38531.03125,38552.41015625,38391.62890625,38458.33984375,0
2024-12-02 06:00:00+00:00,38487.26953125,38533.80859375,38416.37109375,38530.6796875,0
2024-12-03 00:00:00+00:00,39026.41015625,39058.87109375,38746.05078125,38748.6484375,0
2024-12-03 01:00:00+00:00,39148.140625,39182.4296875,38873.8203125,39027.75,0
2024-12-03 02:00:00+00:00,39180.05859375,39215.8515625,39148.51171875,39149.33984375,0
2024-12-03 03:00:00+00:00,39330.98828125,39352.6796875,39196.6484375,39196.6484375,0
2024-12-03 04:00:00+00:00,39379.4609375,39427.37109375,39328.75,39328.828125,0
2024-12-03 05:00:00+00:00,39305.94921875,39416.0703125,39299.80078125,39377.94921875,0
2024-12-03 06:00:00+00:00,39183.12109375,39350.1796875,39183.12109375,39316.9296875,0
2024-12-04 00:00:00+00:00,39179.7890625,39417.078125,39159.359375,39354.0,0
2024-12-04 01:00:00+00:00,39163.8203125,39218.51953125,39082.28125,39178.421875,0
2024-12-04 02:00:00+00:00,39077.0390625,39182.390625,39062.03125,39166.76953125,0
2024-12-04 03:00:00+00:00,39250.328125,39267.609375,39071.0703125,39075.37890625,0
2024-12-04 04:00:00+00:00,39280.51171875,39295.78125,39215.30859375,39251.44921875,0
2024-12-04 05:00:00+00:00,39334.171875,39371.8203125,39262.05859375,39280.6015625,0
2024-12-04 06:00:00+00:00,39279.83984375,39381.23046875,39223.23046875,39334.0703125,0
2024-12-05 00:00:00+00:00,39424.671875,39632.30078125,39420.58984375,39610.4296875,0
2024-12-05 01:00:00+00:00,39516.76171875,39588.3515625,39429.69140625,39429.69140625,0
2024-12-05 02:00:00+00:00,39488.51171875,39559.37890625,39488.51171875,39517.30078125,0
2024-12-05 03:00:00+00:00,39454.578125,39509.4296875,39450.46875,39490.75,0
2024-12-05 04:00:00+00:00,39444.2890625,39467.109375,39353.51953125,39462.26171875,0
2024-12-05 05:00:00+00:00,39413.26953125,39451.48046875,39323.0390625,39443.48828125,0
2024-12-05 06:00:00+00:00,39342.12890625,39468.1796875,39339.4296875,39415.421875,0
2024-12-06 00:00:00+00:00,39161.359375,39468.46875,39083.171875,39371.55859375,0
2024-12-06 01:00:00+00:00,39062.921875,39193.96875,39048.05859375,39159.98046875,0
2024-12-06 02:00:00+00:00,39042.58984375,39071.51171875,39006.1015625,39060.48046875,0
2024-12-06 03:00:00+00:00,39011.30078125,39098.21875,39005.9296875,39031.21875,0
2024-12-06 04:00:00+00:00,39016.51953125,39039.83984375,38940.44140625,39011.6484375,0
2024-12-06 05:00:00+00:00,39051.6796875,39081.44140625,39003.25,39017.51171875,0
2024-12-06 06:00:00+00:00,39064.9609375,39109.21875,39043.640625,39048.671875,0
2024-12-09 00:00:00+00:00,39112.87890625,39332.55078125,38972.78125,39332.55078125,0
2024-12-09 01:00:00+00:00,39214.28125,39316.890625,39113.78125,39113.78125,0
2024-12-09 02:00:00+00:00,39197.5703125,39253.98828125,39180.9609375,39210.98046875,0
2024-12-09 03:00:00+00:00,39161.12109375,39241.16015625,39150.75,39193.109375,0
2024-12-09 04:00:00+00:00,39091.109375,39177.140625,39075.01171875,39161.12890625,0
2024-12-09 05:00:00+00:00,39105.7890625,39136.51953125,39061.80078125,39092.328125,0
2024-12-09 06:00:00+00:00,39138.9296875,39153.44921875,39104.05078125,39105.87890625,0
2024-12-10 00:00:00+00:00,39305.73828125,39465.140625,39228.69140625,39375.48828125,0
2024-12-10 01:00:00+00:00,39222.58984375,39371.1484375,39171.69140625,39302.91015625,0
2024-12-10 02:00:00+00:00,39197.421875,39234.5,39192.21875,39222.75,0
2024-12-10 03:00:00+00:00,39278.6796875,39304.0390625,39208.78125,39228.69140625,0
2024-12-10 04:00:00+00:00,39358.7109375,39371.0,39254.7890625,39277.3515625,0
2024-12-10 05:00:00+00:00,39303.05078125,39400.5,39288.6484375,39358.6796875,0
2024-12-10 06:00:00+00:00,39329.5703125,39358.55078125,39291.140625,39302.16015625,0
2024-12-11 00:00:00+00:00,39278.69921875,39391.390625,39263.80859375,39357.76953125,0
2024-12-11 01:00:00+00:00,39217.3984375,39343.33984375,39209.7109375,39278.01953125,0
2024-12-11 02:00:00+00:00,39112.80078125,39218.671875,39112.80078125,39218.671875,0
2024-12-11 03:00:00+00:00,39264.25,39296.87109375,39174.6484375,39176.1796875,0
2024-12-11 04:00:00+00:00,39280.25,39280.80078125,39224.12890625,39264.76171875,0
2024-12-11 05:00:00+00:00,39368.98046875,39369.921875,39258.78125,39281.05859375,0
2024-12-11 06:00:00+00:00,39387.9296875,39401.9296875,39334.71875,39368.48046875,0
2024-12-12 00:00:00+00:00,40031.828125,40085.328125,39827.58984375,39849.96875,0
2024-12-12 01:00:00+00:00,39940.37109375,40091.55078125,39927.26171875,40028.46875,0
2024-12-12 02:00:00+00:00,39881.1015625,39958.0390625,39850.83984375,39938.9609375,0
2024-12-12 03:00:00+00:00,39911.6796875,39963.33984375,39874.03125,39920.12109375,0
2024-12-12 04:00:00+00:00,39892.53125,39943.609375,39881.58984375,39912.12109375,0
2024-12-12 05:00:00+00:00,39980.19921875,39990.08984375,39866.8984375,39891.609375,0
2024-12-12 06:00:00+00:00,39908.140625,40024.51171875,39896.6484375,39980.921875,0
2024-12-13 00:00:00+00:00,39508.37890625,39734.98828125,39484.44140625,39624.05078125,0
2024-12-13 01:00:00+00:00,39363.69921875,39557.05078125,39345.78125,39509.2890625,0
2024-12-13 02:00:00+00:00,39360.4296875,39379.96875,39247.41015625,39363.140625,0
2024-12-13 03:00:00+00:00,39374.55859375,39460.98046875,39372.78125,39409.44921875,0
2024-12-13 04:00:00+00:00,39446.8203125,39458.37890625,39373.3984375,39377.859375,0
2024-12-13 05:00:00+00:00,39422.44921875,39497.33984375,39408.8984375,39447.80078125,0
2024-12-13 06:00:00+00:00,39491.76171875,39504.7109375,39416.30859375,39423.109375,0
2024-12-16 00:00:00+00:00,39572.51171875,39632.171875,39479.609375,39551.21875,0
2024-12-16 01:00:00+00:00,39533.2890625,39626.9296875,39452.62109375,39571.0,0
2024-12-16 02:00:00+00:00,39533.55078125,39566.3515625,39519.890625,39532.71875,0
2024-12-16 03:00:00+00:00,39407.3984375,39515.71875,39371.421875,39514.890625,0
2024-12-16 04:00:00+00:00,39442.8515625,39481.30078125,39390.25,39407.140625,0
2024-12-16 05:00:00+00:00,39424.76171875,39460.71875,39385.76171875,39443.87890625,0
2024-12-16 06:00:00+00:00,39427.3984375,39466.41015625,39413.53125,39424.71875,0
2024-12-17 00:00:00+00:00,39645.03125,39796.21875,39565.8203125,39589.6484375,0
2024-12-17 01:00:00+00:00,39589.2109375,39644.08984375,39548.76953125,39643.19140625,0
2024-12-17 02:00:00+00:00,39520.05859375,39594.671875,39487.7890625,39594.671875,0
2024-12-17 03:00:00+00:00,39513.5,39553.78125,39487.94921875,39533.078125,0
2024-12-17 04:00:00+00:00,39392.671875,39547.109375,39390.5703125,39512.28125,0
2024-12-17 05:00:00+00:00,39431.71875,39493.73046875,39386.37109375,39392.921875,0
2024-12-17 06:00:00+00:00,39411.87109375,39441.30859375,39368.51171875,39432.9296875,0
2024-12-18 00:00:00+00:00,39177.140625,39277.6015625,39139.4296875,39176.87890625,0
2024-12-18 01:00:00+00:00,39301.19921875,39382.69140625,39123.3203125,39177.44140625,0
2024-12-18 02:00:00+00:00,39281.05859375,39334.640625,39274.23828125,39301.80078125,0
2024-12-18 03:00:00+00:00,39181.16015625,39226.26953125,39115.578125,39208.12109375,0
2024-12-18 04:00:00+00:00,39200.1796875,39229.44921875,39142.75,39183.94921875,0
2024-12-18 05:00:00+00:00,39210.98828125,39218.921875,39144.83984375,39200.1484375,0
2024-12-18 06:00:00+00:00,39144.46875,39249.26171875,39144.46875,39210.1796875,0
2024-12-19 00:00:00+00:00,38724.33984375,38741.19140625,38355.51953125,38522.26953125,0
2024-12-19 01:00:00+00:00,38648.87890625,38830.73828125,38624.48828125,38723.87890625,0
2024-12-19 02:00:00+00:00,38708.37890625,38708.5703125,38598.51953125,38646.98046875,0
2024-12-19 03:00:00+00:00,38737.55078125,38878.3203125,38706.80859375,38829.1484375,0
2024-12-19 04:00:00+00:00,38848.41015625,38851.46875,38732.33984375,38738.9296875,0
2024-12-19 05:00:00+00:00,38785.44140625,38913.0703125,38785.44140625,38844.8515625,0
2024-12-19 06:00:00+00:00,38756.0703125,38872.69921875,38755.578125,38786.0703125,0
2024-12-20 00:00:00+00:00,38807.48046875,39002.87890625,38796.01953125,38950.28125,0
2024-12-20 01:00:00+00:00,38970.16015625,39039.6796875,38802.37109375,38807.62109375,0
2024-12-20 02:00:00+00:00,38889.94921875,38970.55078125,38866.609375,38968.55859375,0
2024-12-20 03:00:00+00:00,38806.8203125,38940.12109375,38772.28125,38933.91015625,0
2024-12-20 04:00:00+00:00,38857.73046875,38875.08984375,38758.8984375,38812.41015625,0
2024-12-20 05:00:00+00:00,38787.890625,38863.55078125,38733.25,38857.01171875,0
2024-12-20 06:00:00+00:00,38737.078125,38796.51171875,38708.37890625,38789.16015625,0
2024-12-23 00:00:00+00:00,39000.0,39088.03125,38847.12890625,39040.71875,0
2024-12-23 01:00:00+00:00,39065.890625,39102.05078125,38956.390625,38999.12890625,0
2024-12-23 02:00:00+00:00,39043.58984375,39075.0703125,39004.12109375,39066.78125,0
2024-12-23 03:00:00+00:00,39019.53125,39085.3515625,39013.62109375,39085.3515625,0
2024-12-23 04:00:00+00:00,39138.421875,39148.73046875,39019.26953125,39019.26953125,0
2024-12-23 05:00:00+00:00,39156.94921875,39210.109375,39138.0703125,39138.0703125,0
2024-12-23 06:00:00+00:00,39201.48046875,39210.171875,39144.53125,39163.921875,0
2024-12-24 00:00:00+00:00,39163.109375,39245.75,39109.0,39210.23046875,0
2024-12-24 01:00:00+00:00,39027.75,39171.26171875,38995.76171875,39163.3515625,0
2024-12-24 02:00:00+00:00,39055.3515625,39059.26953125,39017.01171875,39027.671875,0
2024-12-24 03:00:00+00:00,39073.44140625,39101.19140625,39031.578125,39042.58984375,0
2024-12-24 04:00:00+00:00,39055.23046875,39074.671875,39016.640625,39074.26953125,0
2024-12-24 05:00:00+00:00,39072.73828125,39072.73828125,39019.44921875,39054.1796875,0
2024-12-24 06:00:00+00:00,39062.3984375,39084.69140625,39026.87890625,39072.6484375,0
2024-12-25 00:00:00+00:00,38954.66015625,39180.58984375,38927.16015625,39168.51953125,0
2024-12-25 01:00:00+00:00,38990.62890625,39054.25,38951.3515625,38954.41015625,0
2024-12-25 02:00:00+00:00,38990.55859375,39010.921875,38960.69140625,38989.44140625,0
2024-12-25 03:00:00+00:00,38987.12890625,39013.19140625,38965.75,38979.94921875,0
2024-12-25 04:00:00+00:00,39013.30078125,39048.5390625,38960.8203125,38987.69140625,0
2024-12-25 05:00:00+00:00,39026.30859375,39032.0390625,38980.26171875,39013.30078125,0
2024-12-25 06:00:00+00:00,39071.171875,39088.96875,38997.05078125,39021.76953125,0
2024-12-26 00:00:00+00:00,39301.3515625,39358.6015625,39110.921875,39129.30859375,0
2024-12-26 01:00:00+00:00,39283.51953125,39341.33984375,39254.7109375,39300.80859375,0
2024-12-26 02:00:00+00:00,39336.390625,39360.80078125,39269.1015625,39282.2109375,0
2024-12-26 03:00:00+00:00,39438.4609375,39438.4609375,39360.03125,39360.03125,0
2024-12-26 04:00:00+00:00,39515.53125,39536.921875,39439.03125,39441.21875,0
2024-12-26 05:00:00+00:00,39560.6796875,39581.80078125,39516.16015625,39516.94140625,0
2024-12-26 06:00:00+00:00,39524.23046875,39592.28125,39473.05859375,39564.1484375,0
2024-12-27 00:00:00+00:00,39863.73046875,39875.6015625,39669.390625,39672.1484375,0
2024-12-27 01:00:00+00:00,39982.91015625,40017.12890625,39838.078125,39864.41015625,0
2024-12-27 02:00:00+00:00,40074.55859375,40086.28125,39953.5,39976.859375,0
2024-12-27 03:00:00+00:00,40147.01953125,40175.83984375,40048.62109375,40107.1796875,0
2024-12-27 04:00:00+00:00,40199.16015625,40312.05078125,40150.08984375,40150.08984375,0
2024-12-27 05:00:00+00:00,40358.859375,40398.23046875,40191.26953125,40199.58984375,0
2024-12-27 06:00:00+00:00,40274.078125,40358.5,40227.828125,40358.5,0
2024-12-30 00:00:00+00:00,40066.46875,40325.78125,40041.6484375,40325.78125,0
2024-12-30 01:00:00+00:00,40053.08984375,40065.46875,39935.0390625,40065.359375,0
2024-12-30 02:00:00+00:00,39979.6796875,40052.640625,39979.6796875,40052.640625,0
2024-12-30 03:00:00+00:00,39900.6796875,39966.890625,39899.69140625,39959.828125,0
2024-12-30 04:00:00+00:00,39877.30859375,39971.859375,39864.4609375,39899.23828125,0
2024-12-30 05:00:00+00:00,39951.94921875,39974.44921875,39864.87109375,39877.48828125,0
2024-12-30 06:00:00+00:00,39902.2109375,39955.41015625,39884.80078125,39951.41015625,0
2025-01-06 00:00:00+00:00,39593.0,39993.5,39561.69921875,39945.421875,0
2025-01-06 01:00:00+00:00,39422.71875,39647.171875,39410.109375,39589.9609375,0
2025-01-06 02:00:00+00:00,39394.26953125,39452.08984375,39359.83984375,39413.01953125,0
2025-01-06 03:00:00+00:00,39270.55859375,39393.2890625,39264.05859375,39360.5,0
2025-01-06 04:00:00+00:00,39258.12109375,39314.3984375,39232.78125,39266.48828125,0
2025-01-06 05:00:00+00:00,39340.71875,39382.23046875,39239.21875,39256.12890625,0
2025-01-06 06:00:00+00:00,39304.62890625,39353.75,39251.73046875,39342.30859375,0
2025-01-07 00:00:00+00:00,39976.171875,40007.62890625,39584.359375,39584.359375,0
2025-01-07 01:00:00+00:00,40223.69140625,40255.62890625,39916.03125,39970.8984375,0
2025-01-07 02:00:00+00:00,40264.5,40288.80078125,40204.390625,40222.01953125,0
2025-01-07 03:00:00+00:00,40214.9296875,40220.16015625,40086.2890625,40168.421875,0
2025-01-07 04:00:00+00:00,40205.8984375,40284.37109375,40198.08984375,40219.55078125,0
2025-01-07 05:00:00+00:00,40146.01171875,40236.55859375,40049.640625,40205.48828125,0
2025-01-07 06:00:00+00:00,40105.30078125,40154.53125,40052.109375,40140.4296875,0
2025-01-08 00:00:00+00:00,39816.66015625,39891.6796875,39705.80859375,39879.359375,0
2025-01-08 01:00:00+00:00,39835.4609375,39861.2109375,39718.6484375,39817.5,0
2025-01-08 02:00:00+00:00,39942.94921875,39955.5703125,39834.12109375,39836.76171875,0
2025-01-08 03:00:00+00:00,40072.83984375,40073.58984375,39961.578125,39993.71875,0
2025-01-08 04:00:00+00:00,40016.69921875,40105.71875,39978.9609375,40081.44921875,0
2025-01-08 05:00:00+00:00,40038.41015625,40040.98828125,39955.19921875,40015.37890625,0
2025-01-08 06:00:00+00:00,40029.08984375,40046.3515625,39986.51171875,40037.28125,0
2025-01-09 00:00:00+00:00,39790.171875,39930.0703125,39716.8203125,39888.91015625,0
2025-01-09 01:00:00+00:00,39650.1796875,39791.1015625,39607.05859375,39791.1015625,0
2025-01-09 02:00:00+00:00,39678.9296875,39705.44140625,39615.30078125,39649.921875,0
2025-01-09 03:00:00+00:00,39451.62109375,39610.98046875,39433.671875,39606.859375,0
2025-01-09 04:00:00+00:00,39480.23046875,39489.30078125,39385.05078125,39451.859375,0
2025-01-09 05:00:00+00:00,39561.44921875,39565.6796875,39435.03125,39481.0390625,0
2025-01-09 06:00:00+00:00,39606.69921875,39664.80859375,39554.37890625,39571.98828125,0
2025-01-10 00:00:00+00:00,39249.87890625,39591.4609375,39240.6796875,39550.25,0
2025-01-10 01:00:00+00:00,39367.55859375,39399.69921875,39166.05078125,39248.48046875,0
2025-01-10 02:00:00+00:00,39411.76171875,39426.08984375,39325.5703125,39367.9609375,0
2025-01-10 03:00:00+00:00,39195.44921875,39311.62890625,39191.58984375,39309.91015625,0
2025-01-10 04:00:00+00:00,39243.73828125,39275.578125,39173.0,39195.03125,0
2025-01-10 05:00:00+00:00,39260.5390625,39331.51953125,39198.58984375,39244.1484375,0
2025-01-10 06:00:00+00:00,39249.98828125,39275.578125,39232.51953125,39266.359375,0
2025-01-14 00:00:00+00:00,38732.96875,39054.3515625,38722.890625,39010.9609375,0
2025-01-14 01:00:00+00:00,38401.578125,38745.78125,38401.578125,38732.08984375,0
2025-01-14 02:00:00+00:00,38469.578125,38497.62109375,38332.91015625,38399.98828125,0
2025-01-14 03:00:00+00:00,38344.1015625,38548.01171875,38344.1015625,38516.94921875,0
2025-01-14 04:00:00+00:00,38398.0,38423.01171875,38305.91015625,38342.109375,0
2025-01-14 05:00:00+00:00,38400.08984375,38461.16015625,38354.0703125,38397.98046875,0
2025-01-14 06:00:00+00:00,38433.671875,38501.078125,38395.8203125,38401.109375,0
2025-01-15 00:00:00+00:00,38536.3984375,38774.98828125,38481.109375,38721.609375,0
2025-01-15 01:00:00+00:00,38534.26171875,38562.921875,38404.7890625,38538.98046875,0
2025-01-15 02:00:00+00:00,38628.609375,38650.9296875,38523.828125,38535.98828125,0
2025-01-15 03:00:00+00:00,38481.58984375,38577.73828125,38468.58984375,38576.66015625,0
2025-01-15 04:00:00+00:00,38482.2890625,38523.5390625,38459.44140625,38483.640625,0
2025-01-15 05:00:00+00:00,38369.37890625,38484.05859375,38316.01171875,38482.0390625,0
2025-01-15 06:00:00+00:00,38412.12109375,38423.48828125,38333.1015625,38368.390625,0
2025-01-16 00:00:00+00:00,38759.76171875,38932.5390625,38633.37890625,38732.6484375,0
2025-01-16 01:00:00+00:00,38586.390625,38759.19921875,38571.8203125,38759.19921875,0
2025-01-16 02:00:00+00:00,38551.9609375,38608.6796875,38485.96875,38586.671875,0
2025-01-16 03:00:00+00:00,38576.4296875,38651.4609375,38570.30859375,38620.12109375,0
2025-01-16 04:00:00+00:00,38527.37109375,38575.05078125,38512.7109375,38575.05078125,0
2025-01-16 05:00:00+00:00,38476.69921875,38551.0390625,38426.19921875,38528.1015625,0
2025-01-16 06:00:00+00:00,38635.25,38718.08984375,38481.41015625,38481.96875,0
2025-01-17 00:00:00+00:00,38207.28125,38503.94140625,38080.26171875,38454.1015625,0
2025-01-17 01:00:00+00:00,38068.23046875,38285.7890625,38055.6796875,38208.53125,0
2025-01-17 02:00:00+00:00,38193.05078125,38245.2890625,38072.08984375,38072.08984375,0
2025-01-17 03:00:00+00:00,38316.7109375,38319.51953125,38168.171875,38173.12890625,0
2025-01-17 04:00:00+00:00,38364.03125,38364.03125,38284.66015625,38317.44140625,0
2025-01-17 05:00:00+00:00,38406.66015625,38439.75,38321.46875,38363.3203125,0
2025-01-17 06:00:00+00:00,38464.578125,38478.48046875,38391.37109375,38408.109375,0
2025-01-20 00:00:00+00:00,38900.171875,38966.96875,38671.76953125,38671.76953125,0
2025-01-20 01:00:00+00:00,39010.83984375,39032.9296875,38880.44921875,38899.390625,0
2025-01-20 02:00:00+00:00,38948.46875,39014.08984375,38902.328125,39009.58984375,0
2025-01-20 03:00:00+00:00,38913.73828125,38939.51171875,38824.6015625,38938.8515625,0
2025-01-20 04:00:00+00:00,38907.609375,38941.33984375,38893.1796875,38913.19921875,0
2025-01-20 05:00:00+00:00,38946.25,38946.9296875,38880.12890625,38908.109375,0
2025-01-20 06:00:00+00:00,38888.8515625,38948.30859375,38855.0390625,38948.30859375,0
2025-01-21 00:00:00+00:00,38713.26171875,39238.2109375,38713.26171875,39163.53125,0
2025-01-21 01:00:00+00:00,38921.8203125,38972.98828125,38643.83984375,38706.078125,0
2025-01-21 02:00:00+00:00,38951.76953125,38991.55078125,38917.87890625,38917.87890625,0
2025-01-21 03:00:00+00:00,38985.01953125,39048.9296875,38939.0703125,38977.69921875,0
2025-01-21 04:00:00+00:00,38917.26953125,38991.78125,38907.55078125,38983.76953125,0
2025-01-21 05:00:00+00:00,38951.6796875,38960.0390625,38917.69140625,38917.69140625,0
2025-01-21 06:00:00+00:00,38993.3203125,39030.171875,38951.98046875,38951.98046875,0
2025-01-22 00:00:00+00:00,39565.96875,39583.5703125,39332.62890625,39355.21875,0
2025-01-22 01:00:00+00:00,39638.9296875,39643.98046875,39517.171875,39562.76953125,0
2025-01-22 02:00:00+00:00,39604.7109375,39647.828125,39580.328125,39639.28125,0
2025-01-22 03:00:00+00:00,39610.5703125,39648.73828125,39584.37109375,39604.28125,0
2025-01-22 04:00:00+00:00,39642.578125,39652.609375,39509.58984375,39609.76171875,0
2025-01-22 05:00:00+00:00,39645.8984375,39694.5703125,39612.05859375,39641.87109375,0
2025-01-22 06:00:00+00:00,39605.0703125,39674.25,39580.0,39644.9296875,0
2025-01-23 00:00:00+00:00,39765.5390625,39897.48828125,39677.21875,39810.05859375,0
2025-01-23 01:00:00+00:00,39833.390625,39898.6484375,39732.28125,39767.9609375,0
2025-01-23 02:00:00+00:00,39830.109375,39845.8515625,39742.4609375,39835.4609375,0
2025-01-23 03:00:00+00:00,39917.359375,39925.0390625,39846.1484375,39850.3984375,0
2025-01-23 04:00:00+00:00,39971.16015625,39998.12890625,39912.33984375,39918.62109375,0
2025-01-23 05:00:00+00:00,39996.69140625,40032.01953125,39953.8515625,39970.8203125,0
2025-01-23 06:00:00+00:00,39957.51171875,40036.0703125,39956.75,39997.5390625,0
2025-01-24 00:00:00+00:00,40171.08984375,40189.28125,39987.2109375,40060.48828125,0
2025-01-24 01:00:00+00:00,40112.30078125,40192.66015625,39988.12109375,40172.80078125,0
2025-01-24 02:00:00+00:00,40192.8515625,40254.640625,40109.76171875,40112.640625,0
2025-01-24 03:00:00+00:00,40118.73828125,40279.7890625,40014.0390625,40189.421875,0
2025-01-24 04:00:00+00:00,39993.05078125,40121.87890625,39806.69140625,40118.8203125,0
2025-01-24 05:00:00+00:00,39987.3515625,40028.71875,39943.19921875,39991.25,0
2025-01-24 06:00:00+00:00,39930.7890625,40014.21875,39929.03125,39984.91015625,0
2025-01-27 00:00:00+00:00,39925.7890625,40255.6796875,39851.359375,40127.73828125,0
2025-01-27 01:00:00+00:00,39738.51953125,39993.859375,39680.01171875,39926.078125,0
2025-01-27 02:00:00+00:00,39699.76171875,39759.890625,39679.921875,39739.171875,0
2025-01-27 03:00:00+00:00,39803.76171875,39838.44140625,39764.26171875,39789.390625,0
2025-01-27 04:00:00+00:00,39756.4296875,39849.078125,39756.4296875,39803.44140625,0
2025-01-27 05:00:00+00:00,39561.2890625,39780.05078125,39520.7890625,39755.8984375,0
2025-01-27 06:00:00+00:00,39566.96875,39626.8203125,39557.21875,39563.55078125,0
2025-01-28 00:00:00+00:00,39042.03125,39448.55078125,38886.05078125,39400.01953125,0
2025-01-28 01:00:00+00:00,39152.83984375,39341.3203125,39041.19921875,39041.19921875,0
2025-01-28 02:00:00+00:00,39340.1484375,39368.91015625,39120.37109375,39132.53125,0
2025-01-28 03:00:00+00:00,39162.46875,39327.2109375,39133.1484375,39327.2109375,0
2025-01-28 04:00:00+00:00,39074.98046875,39178.98828125,39045.30078125,39162.671875,0
2025-01-28 05:00:00+00:00,39030.7109375,39102.1796875,38897.87890625,39074.53125,0
2025-01-28 06:00:00+00:00,39060.28125,39085.73828125,39006.16015625,39032.26171875,0
2025-01-29 00:00:00+00:00,39219.2109375,39448.23828125,39190.078125,39273.80078125,0
2025-01-29 01:00:00+00:00,39204.55078125,39240.66015625,39139.05859375,39218.55859375,0
2025-01-29 02:00:00+00:00,39232.75,39279.55859375,39204.609375,39207.03125,0
2025-01-29 03:00:00+00:00,39345.0390625,39347.0703125,39129.140625,39185.91015625,0
2025-01-29 04:00:00+00:00,39353.3515625,39381.28125,39305.58984375,39345.8203125,0
2025-01-29 05:00:00+00:00,39263.0,39356.23828125,39243.640625,39353.28125,0
2025-01-29 06:00:00+00:00,39439.0,39439.0,39261.83984375,39261.83984375,0
2025-01-30 00:00:00+00:00,39331.80078125,39449.55859375,39221.359375,39302.8515625,0
2025-01-30 01:00:00+00:00,39450.41015625,39480.1015625,39290.78125,39336.01171875,0
2025-01-30 02:00:00+00:00,39498.5703125,39517.12109375,39448.48828125,39448.48828125,0
2025-01-30 03:00:00+00:00,39559.71875,39600.9296875,39506.62890625,39506.62890625,0
2025-01-30 04:00:00+00:00,39478.87890625,39571.30859375,39478.87890625,39554.01171875,0
2025-01-30 05:00:00+00:00,39459.80078125,39493.328125,39395.859375,39475.640625,0
2025-01-30 06:00:00+00:00,39498.91015625,39504.80078125,39455.8984375,39459.19921875,0
2025-01-31 00:00:00+00:00,39584.7109375,39648.33984375,39519.3984375,39574.37890625,0
2025-01-31 01:00:00+00:00,39545.5,39585.109375,39458.94921875,39584.16015625,0
2025-01-31 02:00:00+00:00,39540.37109375,39578.05859375,39530.4609375,39544.1796875,0
2025-01-31 03:00:00+00:00,39629.94921875,39658.94921875,39552.2890625,39585.7890625,0
2025-01-31 04:00:00+00:00,39570.87109375,39660.08984375,39570.87109375,39627.62890625,0
2025-01-31 05:00:00+00:00,39626.16015625,39643.51171875,39543.171875,39571.4609375,0
2025-01-31 06:00:00+00:00,39669.7109375,39681.8203125,39625.78125,39625.78125,0
2025-02-03 00:00:00+00:00,38711.140625,38948.609375,38454.37890625,38932.66015625,0
2025-02-03 01:00:00+00:00,38644.890625,38859.01953125,38634.328125,38717.01953125,0
2025-02-03 02:00:00+00:00,38612.9609375,38644.37890625,38565.359375,38644.37890625,0
2025-02-03 03:00:00+00:00,38522.359375,38598.26171875,38506.23046875,38535.578125,0
2025-02-03 04:00:00+00:00,38473.66015625,38575.76953125,38412.05078125,38522.30859375,0
2025-02-03 05:00:00+00:00,38542.4296875,38543.359375,38401.8203125,38473.98828125,0
2025-02-03 06:00:00+00:00,38461.2890625,38552.6015625,38451.859375,38546.421875,0
2025-02-04 00:00:00+00:00,39133.7109375,39192.51171875,39039.51953125,39078.66015625,0
2025-02-04 01:00:00+00:00,39155.921875,39167.1484375,39066.671875,39134.73828125,0
2025-02-04 02:00:00+00:00,39140.41015625,39183.6796875,39111.890625,39158.62890625,0
2025-02-04 03:00:00+00:00,38947.78125,39052.98046875,38926.94140625,39052.98046875,0
2025-02-04 04:00:00+00:00,38969.21875,39029.12890625,38946.03125,38947.55078125,0
2025-02-04 05:00:00+00:00,38802.28125,38966.0703125,38590.9609375,38966.0703125,0
2025-02-04 06:00:00+00:00,38764.23828125,38829.76171875,38751.6015625,38801.55859375,0
2025-02-05 00:00:00+00:00,38908.1796875,39118.94921875,38899.671875,38979.2109375,0
2025-02-05 01:00:00+00:00,38818.4296875,38919.28125,38806.609375,38906.48828125,0
2025-02-05 02:00:00+00:00,38727.19140625,38822.08984375,38682.1796875,38820.671875,0
2025-02-05 03:00:00+00:00,38755.51171875,38803.25,38725.328125,38749.9609375,0
2025-02-05 04:00:00+00:00,38853.44921875,38856.51953125,38717.44140625,38756.6796875,0
2025-02-05 05:00:00+00:00,38816.9609375,38909.0390625,38806.87109375,38857.62890625,0
2025-02-05 06:00:00+00:00,38806.46875,38830.55078125,38761.5,38816.51953125,0
2025-02-06 00:00:00+00:00,39049.859375,39190.12890625,38933.609375,38977.578125,0
2025-02-06 01:00:00+00:00,38952.16015625,39067.328125,38882.05859375,39048.87890625,0
2025-02-06 02:00:00+00:00,38888.0390625,38955.76953125,38851.51171875,38950.76171875,0
2025-02-06 03:00:00+00:00,39011.640625,39027.66015625,38886.03125,38918.37109375,0
2025-02-06 04:00:00+00:00,39028.9609375,39036.890625,38967.37890625,39011.390625,0
2025-02-06 05:00:00+00:00,39046.328125,39074.828125,39001.37890625,39027.23046875,0
2025-02-06 06:00:00+00:00,39094.671875,39100.28125,39030.28125,39046.55859375,0
2025-02-07 00:00:00+00:00,38901.12109375,38954.94921875,38753.19921875,38907.76171875,0
2025-02-07 01:00:00+00:00,38895.359375,39007.94140625,38884.2109375,38900.80078125,0
2025-02-07 02:00:00+00:00,38893.6484375,38912.46875,38844.2109375,38895.71875,0
2025-02-07 03:00:00+00:00,38834.87109375,38884.640625,38829.21875,38884.640625,0
2025-02-07 04:00:00+00:00,38839.05078125,38871.5390625,38813.109375,38836.33984375,0
2025-02-07 05:00:00+00:00,38875.41015625,38906.078125,38834.87109375,38840.12109375,0
2025-02-07 06:00:00+00:00,38841.98828125,38878.1015625,38816.05859375,38874.53125,0
2025-02-10 00:00:00+00:00,38785.76953125,38798.171875,38606.3203125,38736.37109375,0
2025-02-10 01:00:00+00:00,38761.2109375,38853.7890625,38744.859375,38786.578125,0
2025-02-10 02:00:00+00:00,38746.9609375,38762.76171875,38717.37109375,38760.94140625,0
2025-02-10 03:00:00+00:00,38794.98828125,38810.30078125,38736.7109375,38755.16015625,0
2025-02-10 04:00:00+00:00,38834.73046875,38858.78125,38781.671875,38794.109375,0
2025-02-10 05:00:00+00:00,38859.76953125,38895.73828125,38833.51953125,38833.51953125,0
2025-02-10 06:00:00+00:00,38818.71875,38887.890625,38817.05859375,38859.41015625,0
2025-02-12 00:00:00+00:00,38860.6015625,39102.6484375,38845.171875,39049.12109375,0
2025-02-12 01:00:00+00:00,38956.890625,38967.71875,38821.3203125,38862.19921875,0
2025-02-12 02:00:00+00:00,38863.8203125,38957.0703125,38858.2890625,38957.0703125,0
2025-02-12 03:00:00+00:00,38884.26953125,38901.03125,38794.23828125,38839.19140625,0
2025-02-12 04:00:00+00:00,38890.1484375,38898.44921875,38846.671875,38884.62109375,0
2025-02-12 05:00:00+00:00,38939.55859375,38943.26953125,38876.44921875,38890.03125,0
2025-02-12 06:00:00+00:00,38972.109375,38990.9609375,38940.9609375,38940.9609375,0
2025-02-13 00:00:00+00:00,39407.859375,39435.890625,39112.171875,39225.5,0
2025-02-13 01:00:00+00:00,39423.23046875,39450.48828125,39353.359375,39416.48046875,0
2025-02-13 02:00:00+00:00,39474.80078125,39486.66015625,39377.4296875,39423.6796875,0
2025-02-13 03:00:00+00:00,39459.828125,39519.9609375,39453.109375,39492.859375,0
2025-02-13 04:00:00+00:00,39533.890625,39581.46875,39459.6484375,39459.6484375,0
2025-02-13 05:00:00+00:00,39536.1484375,39555.76171875,39496.48046875,39534.71875,0
2025-02-13 06:00:00+00:00,39485.69921875,39539.44140625,39463.37890625,39535.30078125,0
2025-02-14 00:00:00+00:00,39300.46875,39543.9296875,39284.48828125,39419.25,0
2025-02-14 01:00:00+00:00,39261.3515625,39302.51171875,39209.6796875,39302.390625,0
2025-02-14 02:00:00+00:00,39287.30078125,39293.0703125,39234.28125,39260.7890625,0
2025-02-14 03:00:00+00:00,39274.28125,39326.26953125,39269.21875,39307.37109375,0
2025-02-14 04:00:00+00:00,39200.4296875,39276.26953125,39172.359375,39274.26953125,0
2025-02-14 05:00:00+00:00,39148.16015625,39211.69140625,39133.94140625,39201.12890625,0
2025-02-14 06:00:00+00:00,39148.7890625,39169.1484375,39135.0390625,39148.26953125,0
2025-02-17 00:00:00+00:00,39106.1796875,39238.75,39021.23046875,39094.08984375,0
2025-02-17 01:00:00+00:00,39185.69921875,39188.7890625,39025.9609375,39105.98046875,0
2025-02-17 02:00:00+00:00,39164.87109375,39211.8203125,39160.640625,39187.37890625,0
2025-02-17 03:00:00+00:00,39209.859375,39216.5,39101.0,39179.76953125,0
2025-02-17 04:00:00+00:00,39214.3203125,39232.3984375,39197.9296875,39209.0,0
2025-02-17 05:00:00+00:00,39159.12890625,39224.8203125,39159.12890625,39212.44921875,0
2025-02-17 06:00:00+00:00,39152.0390625,39171.4296875,39136.25,39159.21875,0
2025-02-18 00:00:00+00:00,39331.26171875,39340.51953125,39151.7109375,39187.98828125,0
2025-02-18 01:00:00+00:00,39339.37890625,39388.83984375,39296.8984375,39332.48046875,0
2025-02-18 02:00:00+00:00,39296.109375,39357.33984375,39274.83984375,39340.55859375,0
2025-02-18 03:00:00+00:00,39481.640625,39481.640625,39298.8203125,39365.28125,0
2025-02-18 04:00:00+00:00,39420.76171875,39508.55078125,39411.69140625,39488.78125,0
2025-02-18 05:00:00+00:00,39332.71875,39447.4296875,39329.9296875,39421.0390625,0
2025-02-18 06:00:00+00:00,39313.8203125,39336.55078125,39300.171875,39332.46875,0
2025-02-19 00:00:00+00:00,39279.828125,39290.76171875,39138.390625,39230.62109375,0
2025-02-19 01:00:00+00:00,39187.87109375,39298.05078125,38994.69921875,39282.828125,0
2025-02-19 02:00:00+00:00,39108.87890625,39187.171875,39094.7109375,39186.859375,0
2025-02-19 03:00:00+00:00,39105.9609375,39117.37890625,39068.4609375,39099.0390625,0
2025-02-19 04:00:00+00:00,39112.6484375,39149.109375,39063.44921875,39107.80078125,0
2025-02-19 05:00:00+00:00,39155.12109375,39170.0390625,39086.26171875,39110.01171875,0
2025-02-19 06:00:00+00:00,39164.01953125,39184.1015625,39134.94140625,39154.6484375,0
2025-02-20 00:00:00+00:00,38795.46875,38967.01171875,38777.05078125,38942.91015625,0
2025-02-20 01:00:00+00:00,38676.46875,38806.16015625,38640.7109375,38799.96875,0
2025-02-20 02:00:00+00:00,38579.7109375,38676.23828125,38559.73828125,38676.23828125,0
2025-02-20 03:00:00+00:00,38510.30078125,38582.05859375,38504.01953125,38582.05859375,0
2025-02-20 04:00:00+00:00,38634.62890625,38640.3203125,38468.71875,38508.828125,0
2025-02-20 05:00:00+00:00,38658.23046875,38671.23046875,38574.12890625,38634.44140625,0
2025-02-20 06:00:00+00:00,38661.390625,38664.94140625,38580.890625,38659.3515625,0
2025-02-21 00:00:00+00:00,38567.1484375,38660.48828125,38497.5703125,38523.0703125,0
2025-02-21 01:00:00+00:00,38705.8984375,38808.80859375,38456.53125,38572.859375,0
2025-02-21 02:00:00+00:00,38719.33984375,38738.73046875,38634.69140625,38696.6015625,0
2025-02-21 03:00:00+00:00,38657.5,38748.66015625,38620.25,38741.08984375,0
2025-02-21 04:00:00+00:00,38713.76953125,38721.8984375,38613.671875,38653.7890625,0
2025-02-21 05:00:00+00:00,38748.890625,38769.1015625,38707.62890625,38713.98046875,0
2025-02-21 06:00:00+00:00,38800.1484375,38807.55859375,38740.66015625,38749.48828125,0
2025-02-25 00:00:00+00:00,38394.37890625,38407.26171875,38131.7890625,38359.671875,0
2025-02-25 01:00:00+00:00,38392.9296875,38480.390625,38335.83984375,38417.94140625,0
2025-02-25 02:00:00+00:00,38345.98828125,38485.94921875,38327.80078125,38393.66015625,0
2025-02-25 03:00:00+00:00,38351.69140625,38384.48046875,38302.1796875,38364.37109375,0
2025-02-25 04:00:00+00:00,38240.9609375,38386.109375,38237.421875,38352.6796875,0
2025-02-25 05:00:00+00:00,38315.48046875,38325.76171875,38233.28125,38240.48046875,0
2025-02-25 06:00:00+00:00,38283.75,38325.05078125,38255.98046875,38316.33984375,0
2025-02-26 00:00:00+00:00,37817.19921875,38175.23828125,37811.26171875,38143.6796875,0
2025-02-26 01:00:00+00:00,37799.51171875,37894.19921875,37742.76171875,37817.5390625,0
2025-02-26 02:00:00+00:00,37814.0390625,37823.53125,37753.8515625,37801.48828125,0
2025-02-26 03:00:00+00:00,37824.109375,37943.25,37818.62890625,37911.640625,0
2025-02-26 04:00:00+00:00,37869.76953125,37894.94921875,37801.25,37824.73828125,0
2025-02-26 05:00:00+00:00,38035.328125,38083.859375,37870.33984375,37870.33984375,0
2025-02-26 06:00:00+00:00,38135.71875,38138.19921875,38035.62890625,38035.62890625,0
2025-02-27 00:00:00+00:00,38303.390625,38344.1015625,38110.1796875,38251.109375,0
2025-02-27 01:00:00+00:00,38151.19140625,38369.9609375,38151.19140625,38302.51171875,0
2025-02-27 02:00:00+00:00,38198.9609375,38208.1796875,38081.80078125,38150.140625,0
2025-02-27 03:00:00+00:00,38122.19921875,38258.359375,38122.19921875,38174.46875,0
2025-02-27 04:00:00+00:00,38121.2109375,38129.83984375,38061.94140625,38122.8984375,0
2025-02-27 05:00:00+00:00,38231.98828125,38246.5703125,38107.859375,38120.62109375,0
2025-02-27 06:00:00+00:00,38283.48828125,38295.3984375,38219.05078125,38234.23828125,0
2025-02-28 00:00:00+00:00,37264.48046875,37925.28125,37239.03125,37853.48046875,0
2025-02-28 01:00:00+00:00,37136.19921875,37293.8984375,37084.44140625,37257.98828125,0
2025-02-28 02:00:00+00:00,37182.08984375,37196.421875,37074.69921875,37137.69140625,0
2025-02-28 03:00:00+00:00,37012.87109375,37051.578125,36840.12109375,37051.578125,0
2025-02-28 04:00:00+00:00,37064.30859375,37189.5390625,36936.1015625,37013.890625,0
2025-02-28 05:00:00+00:00,37116.62890625,37171.48046875,37050.828125,37062.80859375,0
2025-02-28 06:00:00+00:00,37156.328125,37207.6796875,37093.69140625,37116.6015625,0
2025-03-03 00:00:00+00:00,37450.33984375,37720.359375,37372.26171875,37617.5,0
2025-03-03 01:00:00+00:00,37534.58984375,37638.83984375,37420.2109375,37453.12890625,0
2025-03-03 02:00:00+00:00,37580.01953125,37588.28125,37490.23046875,37533.76171875,0
2025-03-03 03:00:00+00:00,37665.46875,37688.8515625,37603.96875,37611.9296875,0
2025-03-03 04:00:00+00:00,37779.46875,37779.46875,37660.87890625,37662.37890625,0
2025-03-03 05:00:00+00:00,37824.69140625,37827.62109375,37755.5,37778.58984375,0
2025-03-03 06:00:00+00:00,37785.75,37822.96875,37734.109375,37822.96875,0
2025-03-04 00:00:00+00:00,37268.0390625,37587.48828125,37225.37890625,37532.01171875,0
2025-03-04 01:00:00+00:00,36919.26171875,37285.2890625,36816.16015625,37271.55078125,0
2025-03-04 02:00:00+00:00,37096.51171875,37120.03125,36911.75,36918.48828125,0
2025-03-04 03:00:00+00:00,37136.30859375,37188.01953125,37082.890625,37149.62890625,0
2025-03-04 04:00:00+00:00,37064.05078125,37157.390625,37004.9609375,37140.12109375,0
2025-03-04 05:00:00+00:00,37315.7109375,37325.0,37005.921875,37063.98828125,0
2025-03-04 06:00:00+00:00,37337.0703125,37337.0703125,37236.3203125,37319.671875,0
2025-03-05 00:00:00+00:00,37313.69140625,37536.23046875,37178.71875,37345.73828125,0
2025-03-05 01:00:00+00:00,37416.44921875,37438.421875,37233.7109375,37318.55078125,0
2025-03-05 02:00:00+00:00,37356.44140625,37429.5703125,37310.1484375,37417.05078125,0
2025-03-05 03:00:00+00:00,37578.078125,37598.51171875,37419.3203125,37443.0390625,0
2025-03-05 04:00:00+00:00,37479.55078125,37606.33984375,37441.51953125,37574.87890625,0
2025-03-05 05:00:00+00:00,37494.640625,37508.33984375,37358.78125,37478.91015625,0
2025-03-05 06:00:00+00:00,37403.25,37504.69140625,37391.62109375,37495.140625,0
2025-03-06 00:00:00+00:00,37618.73828125,37874.37890625,37618.73828125,37654.94921875,0
2025-03-06 01:00:00+00:00,37765.01953125,37775.76953125,37580.87890625,37623.62109375,0
2025-03-06 02:00:00+00:00,37726.01953125,37818.53125,37726.01953125,37762.921875,0
2025-03-06 03:00:00+00:00,37763.37109375,37777.3203125,37665.62890625,37718.8515625,0
2025-03-06 04:00:00+00:00,37776.03125,37805.96875,37714.69921875,37763.5703125,0
2025-03-06 05:00:00+00:00,37696.16015625,37814.73046875,37689.671875,37776.69921875,0
2025-03-06 06:00:00+00:00,37740.98046875,37740.98046875,37671.01953125,37695.1015625,0
2025-03-07 00:00:00+00:00,36871.140625,37221.6484375,36857.12890625,37198.30078125,0
2025-03-07 01:00:00+00:00,37087.8984375,37133.671875,36858.80859375,36873.80078125,0
2025-03-07 02:00:00+00:00,37008.4296875,37110.4609375,36995.26953125,37089.76953125,0
2025-03-07 03:00:00+00:00,36920.578125,36952.91015625,36873.48828125,36937.53125,0
2025-03-07 04:00:00+00:00,36903.37109375,36966.55859375,36847.8984375,36925.23046875,0
2025-03-07 05:00:00+00:00,36868.109375,36971.6796875,36827.48046875,36904.8515625,0
2025-03-07 06:00:00+00:00,36856.390625,36922.0,36813.62109375,36869.87109375,0
2025-03-10 00:00:00+00:00,36897.078125,37013.33984375,36705.01953125,36972.58984375,0
2025-03-10 01:00:00+00:00,37052.8203125,37052.8203125,36868.12890625,36898.3984375,0
2025-03-10 02:00:00+00:00,37095.8515625,37113.48046875,37030.78125,37053.5390625,0
2025-03-10 03:00:00+00:00,37049.25,37101.0390625,37013.19140625,37063.140625,0
2025-03-10 04:00:00+00:00,36952.41015625,37063.2890625,36934.26953125,37044.0390625,0
2025-03-10 05:00:00+00:00,37002.12109375,37066.76171875,36952.12890625,36952.12890625,0
2025-03-10 06:00:00+00:00,37079.78125,37085.640625,37002.44140625,37002.44140625,0
2025-03-11 00:00:00+00:00,36131.94140625,36602.37109375,36042.3515625,36584.37109375,0
2025-03-11 01:00:00+00:00,36201.37890625,36234.171875,35987.12890625,36132.48828125,0
2025-03-11 02:00:00+00:00,36382.5703125,36469.21875,36155.4609375,36202.23828125,0
2025-03-11 03:00:00+00:00,36400.51953125,36497.23046875,36391.87109375,36429.51953125,0
2025-03-11 04:00:00+00:00,36562.51953125,36588.9296875,36357.171875,36402.33984375,0
2025-03-11 05:00:00+00:00,36686.41015625,36687.91015625,36509.12109375,36561.890625,0
2025-03-11 06:00:00+00:00,36779.3984375,36779.76171875,36676.91015625,36687.5,0
2025-03-12 00:00:00+00:00,36899.87109375,36956.328125,36658.859375,36763.1015625,0
2025-03-12 01:00:00+00:00,36886.2109375,36918.5,36785.26171875,36900.0703125,0
2025-03-12 02:00:00+00:00,36898.828125,36898.828125,36809.37109375,36886.37109375,0
2025-03-12 03:00:00+00:00,36760.8203125,36855.9296875,36759.46875,36830.46875,0
2025-03-12 04:00:00+00:00,36875.8984375,36887.53125,36754.9609375,36766.1796875,0
2025-03-12 05:00:00+00:00,36905.9296875,36931.859375,36871.2890625,36875.51171875,0
2025-03-12 06:00:00+00:00,36811.37890625,36907.69921875,36792.0,36907.0,0
2025-03-13 00:00:00+00:00,37206.390625,37326.26953125,37072.05078125,37081.640625,0
2025-03-13 01:00:00+00:00,37147.58984375,37249.30859375,37066.80859375,37205.55859375,0
2025-03-13 02:00:00+00:00,37173.8203125,37217.44921875,37131.3203125,37147.390625,0
2025-03-13 03:00:00+00:00,36976.6015625,37126.53125,36967.7109375,37116.37890625,0
2025-03-13 04:00:00+00:00,36931.2890625,37048.80078125,36882.671875,36976.25,0
2025-03-13 05:00:00+00:00,36916.80078125,36952.51171875,36811.80859375,36932.0703125,0
2025-03-13 06:00:00+00:00,36778.66015625,36945.73046875,36776.94140625,36916.19921875,0
2025-03-14 00:00:00+00:00,36953.21875,36964.46875,36594.0390625,36606.78125,0
2025-03-14 01:00:00+00:00,36840.41015625,36958.7109375,36814.01953125,36955.53125,0
2025-03-14 02:00:00+00:00,36919.12109375,36940.66015625,36830.69140625,36840.44921875,0
2025-03-14 03:00:00+00:00,37112.140625,37124.5,37000.28125,37000.28125,0
2025-03-14 04:00:00+00:00,37106.08984375,37154.390625,37051.8984375,37106.2890625,0
2025-03-14 05:00:00+00:00,37138.3203125,37154.328125,37097.51171875,37105.1796875,0
2025-03-14 06:00:00+00:00,37104.8515625,37141.91015625,37087.19921875,37138.69921875,0
2025-03-17 00:00:00+00:00,37528.4296875,37544.390625,37377.55078125,37453.828125,0
2025-03-17 01:00:00+00:00,37491.58984375,37561.2109375,37465.55859375,37526.69140625,0
2025-03-17 02:00:00+00:00,37475.23828125,37495.609375,37426.828125,37491.78125,0
2025-03-17 03:00:00+00:00,37529.640625,37556.0,37457.23046875,37499.8984375,0
2025-03-17 04:00:00+00:00,37540.578125,37563.26953125,37504.19921875,37530.01171875,0
2025-03-17 05:00:00+00:00,37499.78125,37540.6484375,37473.87890625,37540.6484375,0
2025-03-17 06:00:00+00:00,37439.51171875,37528.421875,37432.078125,37499.171875,0
2025-03-18 00:00:00+00:00,37921.03125,37969.921875,37822.87109375,37868.5703125,0
2025-03-18 01:00:00+00:00,37939.12109375,38004.19921875,37918.76953125,37920.98828125,0
2025-03-18 02:00:00+00:00,37943.23046875,37960.421875,37923.7109375,37937.98828125,0
2025-03-18 03:00:00+00:00,37945.7890625,37963.58984375,37906.3203125,37939.7109375,0
2025-03-18 04:00:00+00:00,37919.98828125,37995.171875,37894.640625,37944.12890625,0
2025-03-18 05:00:00+00:00,37879.1796875,37938.25,37854.5390625,37920.03125,0
2025-03-18 06:00:00+00:00,37855.41015625,37886.078125,37850.8984375,37879.26953125,0
2025-03-19 00:00:00+00:00,38081.171875,38097.94921875,37826.12109375,37839.390625,0
2025-03-19 01:00:00+00:00,38049.109375,38086.80078125,38020.48828125,38080.94921875,0
2025-03-19 02:00:00+00:00,38107.26953125,38128.578125,38041.94140625,38048.08984375,0
2025-03-19 03:00:00+00:00,38011.76171875,38083.5,37976.4296875,38074.08984375,0
2025-03-19 04:00:00+00:00,37879.2109375,38011.8984375,37863.30078125,38011.8984375,0
2025-03-19 05:00:00+00:00,37852.41015625,37881.62109375,37819.23046875,37879.46875,0
2025-03-19 06:00:00+00:00,37816.109375,37862.19921875,37814.28125,37852.26171875,0
2025-03-21 00:00:00+00:00,37902.28125,37927.6796875,37619.37109375,37619.37109375,0
2025-03-21 01:00:00+00:00,37962.6796875,37968.01953125,37859.109375,37901.01953125,0
2025-03-21 02:00:00+00:00,37890.421875,37964.83984375,37868.7109375,37962.87109375,0
2025-03-21 03:00:00+00:00,37866.87109375,37907.7890625,37852.76953125,37866.0390625,0
2025-03-21 04:00:00+00:00,37817.98828125,37938.51171875,37816.12109375,37865.62890625,0
2025-03-21 05:00:00+00:00,37748.37890625,37826.76953125,37729.828125,37816.98046875,0
2025-03-21 06:00:00+00:00,37708.9609375,37754.578125,37708.9609375,37749.98828125,0
2025-03-24 00:00:00+00:00,37776.578125,37841.6796875,37650.9609375,37841.6796875,0
2025-03-24 01:00:00+00:00,37685.9609375,37778.078125,37675.44140625,37778.078125,0
2025-03-24 02:00:00+00:00,37676.96875,37707.3515625,37652.55859375,37687.328125,0
2025-03-24 03:00:00+00:00,37664.1796875,37703.96875,37633.0,37703.96875,0
2025-03-24 04:00:00+00:00,37656.3515625,37682.78125,37643.609375,37664.66015625,0
2025-03-24 05:00:00+00:00,37686.5390625,37696.48046875,37650.05078125,37656.359375,0
2025-03-24 06:00:00+00:00,37667.23046875,37684.71875,37661.3203125,37684.71875,0
2025-03-25 00:00:00+00:00,38078.05078125,38115.6484375,37941.140625,37953.1484375,0
2025-03-25 01:00:00+00:00,37896.4609375,38079.921875,37879.0703125,38076.23828125,0
2025-03-25 02:00:00+00:00,37881.69921875,37930.3515625,37853.48046875,37894.21875,0
2025-03-25 03:00:00+00:00,37792.25,37863.55859375,37772.12109375,37863.55859375,0
2025-03-25 04:00:00+00:00,37766.078125,37807.4609375,37686.26171875,37792.5703125,0
2025-03-25 05:00:00+00:00,37811.19921875,37836.01171875,37755.421875,37767.19140625,0
2025-03-25 06:00:00+00:00,37828.19921875,37841.109375,37807.859375,37809.94921875,0
2025-03-26 00:00:00+00:00,38054.51953125,38151.390625,37970.4609375,38106.66015625,0
2025-03-26 01:00:00+00:00,37943.9609375,38052.21875,37873.28125,38052.21875,0
2025-03-26 02:00:00+00:00,37890.1484375,37943.83984375,37877.21875,37943.83984375,0
2025-03-26 03:00:00+00:00,38022.80078125,38022.80078125,37917.69140625,37954.19921875,0
2025-03-26 04:00:00+00:00,38098.828125,38114.98828125,38006.2890625,38021.8515625,0
2025-03-26 05:00:00+00:00,38042.83984375,38220.69140625,38034.87109375,38099.4296875,0
2025-03-26 06:00:00+00:00,38049.01171875,38102.87890625,38039.7109375,38043.69140625,0
2025-03-27 00:00:00+00:00,37679.7890625,37859.05859375,37556.75,37750.66015625,0
2025-03-27 01:00:00+00:00,37567.2109375,37707.05859375,37558.69140625,37681.58984375,0
2025-03-27 02:00:00+00:00,37674.03125,37678.21875,37566.26171875,37567.26953125,0
2025-03-27 03:00:00+00:00,37625.3515625,37672.98828125,37584.73828125,37642.80078125,0
2025-03-27 04:00:00+00:00,37716.23828125,37729.19921875,37624.21875,37624.37890625,0
2025-03-27 05:00:00+00:00,37671.9296875,37716.25,37639.25,37716.25,0
2025-03-27 06:00:00+00:00,37782.359375,37792.33984375,37624.6015625,37674.53125,0
2025-03-28 00:00:00+00:00,37104.2109375,37359.94921875,37101.21875,37357.51953125,0
2025-03-28 01:00:00+00:00,36969.48046875,37107.171875,36965.51953125,37101.828125,0
2025-03-28 02:00:00+00:00,37011.66015625,37018.03125,36961.80078125,36970.171875,0
2025-03-28 03:00:00+00:00,36966.98828125,37035.19140625,36919.171875,37005.140625,0
2025-03-28 04:00:00+00:00,36922.1015625,36964.71875,36864.9296875,36964.71875,0
2025-03-28 05:00:00+00:00,36952.3515625,36964.4296875,36866.3203125,36924.421875,0
2025-03-28 06:00:00+00:00,37061.19921875,37083.3515625,36941.62109375,36951.69140625,0
2025-03-31 00:00:00+00:00,35748.578125,36440.1796875,35574.609375,36440.1796875,0
2025-03-31 01:00:00+00:00,35770.3984375,35922.94921875,35733.91015625,35748.640625,0
2025-03-31 02:00:00+00:00,35691.51953125,35769.8515625,35688.19140625,35769.8515625,0
2025-03-31 03:00:00+00:00,35624.19140625,35693.8515625,35584.23046875,35674.48828125,0
2025-03-31 04:00:00+00:00,35636.640625,35734.73046875,35541.71875,35624.41015625,0
2025-03-31 05:00:00+00:00,35696.37109375,35709.26171875,35629.44921875,35638.30859375,0
2025-03-31 06:00:00+00:00,35666.421875,35719.30078125,35641.3203125,35695.4609375,0
2025-04-01 00:00:00+00:00,35815.55859375,36052.5390625,35734.19921875,35961.19140625,0
2025-04-01 01:00:00+00:00,35855.3203125,35902.828125,35718.73828125,35815.0703125,0
2025-04-01 02:00:00+00:00,35825.58984375,35869.328125,35805.62109375,35856.62109375,0
2025-04-01 03:00:00+00:00,35677.359375,35822.0703125,35672.1796875,35816.01171875,0
2025-04-01 04:00:00+00:00,35709.03125,35736.91015625,35537.859375,35677.48828125,0
2025-04-01 05:00:00+00:00,35586.12109375,35758.94921875,35585.62109375,35706.23046875,0
2025-04-01 06:00:00+00:00,35600.87890625,35644.08984375,35564.359375,35585.2109375,0
2025-04-02 00:00:00+00:00,35469.01953125,35751.01953125,35426.328125,35751.01953125,0
2025-04-02 01:00:00+00:00,35596.8203125,35659.05078125,35456.859375,35468.9609375,0
2025-04-02 02:00:00+00:00,35639.80859375,35650.73828125,35583.91015625,35597.4296875,0
2025-04-02 03:00:00+00:00,35654.41015625,35679.421875,35572.5703125,35645.3515625,0
2025-04-02 04:00:00+00:00,35743.609375,35746.828125,35630.8515625,35654.75,0
2025-04-02 05:00:00+00:00,35624.30859375,35778.8984375,35619.05859375,35742.48046875,0
2025-04-02 06:00:00+00:00,35718.609375,35727.19921875,35612.19921875,35624.6796875,0
2025-04-03 00:00:00+00:00,34511.671875,35044.73046875,34102.0,35041.671875,0
2025-04-03 01:00:00+00:00,34725.5703125,34792.0,34510.94921875,34510.94921875,0
2025-04-03 02:00:00+00:00,34673.69140625,34844.26171875,34660.76171875,34728.3203125,0
2025-04-03 03:00:00+00:00,34524.1015625,34695.9296875,34384.828125,34655.30078125,0
2025-04-03 04:00:00+00:00,34604.71875,34681.80859375,34528.08984375,34536.01953125,0
2025-04-03 05:00:00+00:00,34528.19140625,34678.37890625,34479.96875,34604.44921875,0
2025-04-03 06:00:00+00:00,34733.33984375,34760.3984375,34528.3984375,34528.3984375,0
2025-04-04 00:00:00+00:00,33970.30859375,34320.109375,33811.30078125,34304.66015625,0
2025-04-04 01:00:00+00:00,33779.7890625,34102.171875,33770.2890625,33975.62109375,0
2025-04-04 02:00:00+00:00,33818.1796875,33946.26171875,33774.6015625,33778.171875,0
2025-04-04 03:00:00+00:00,33539.359375,33763.62109375,33449.609375,33760.359375,0
2025-04-04 04:00:00+00:00,33327.6015625,33580.8984375,33259.76171875,33540.890625,0
2025-04-04 05:00:00+00:00,33829.8984375,33838.5703125,33283.76953125,33327.28125,0
2025-04-04 06:00:00+00:00,33808.4609375,33962.390625,33749.25,33836.33984375,0
2025-04-07 00:00:00+00:00,31440.7109375,33158.87109375,30792.740234375,33154.96875,0
2025-04-07 01:00:00+00:00,31861.5703125,31904.41015625,31382.419921875,31465.650390625,0
2025-04-07 02:00:00+00:00,31591.83984375,31957.26953125,31573.900390625,31854.119140625,0
2025-04-07 03:00:00+00:00,31694.609375,31733.859375,31255.3203125,31515.259765625,0
2025-04-07 04:00:00+00:00,31396.189453125,31797.349609375,31304.51953125,31696.0390625,0
2025-04-07 05:00:00+00:00,31455.9296875,31821.240234375,31396.060546875,31397.650390625,0
2025-04-07 06:00:00+00:00,31195.48046875,31621.08984375,31103.619140625,31474.7890625,0
2025-04-08 00:00:00+00:00,32849.9609375,33103.5390625,31703.689453125,31729.109375,0
2025-04-08 01:00:00+00:00,33173.25,33257.16015625,32739.4296875,32855.0390625,0
2025-04-08 02:00:00+00:00,33030.66015625,33188.44140625,33030.66015625,33176.76171875,0
2025-04-08 03:00:00+00:00,32723.5703125,32927.73046875,32655.58984375,32881.28125,0
2025-04-08 04:00:00+00:00,32878.01171875,32878.01171875,32615.619140625,32718.19921875,0
2025-04-08 05:00:00+00:00,32969.01171875,33042.23828125,32688.080078125,32877.359375,0
2025-04-08 06:00:00+00:00,32894.37890625,32963.78125,32863.51953125,32963.78125,0
2025-04-09 00:00:00+00:00,32022.400390625,32565.83984375,31708.2109375,32529.23046875,0
2025-04-09 01:00:00+00:00,32149.310546875,32149.310546875,31792.060546875,32039.109375,0
2025-04-09 02:00:00+00:00,32147.0390625,32237.41015625,32078.310546875,32147.98046875,0
2025-04-09 03:00:00+00:00,31799.359375,32006.939453125,31750.490234375,31896.7109375,0
2025-04-09 04:00:00+00:00,31653.640625,31971.9609375,31258.1796875,31801.779296875,0
2025-04-09 05:00:00+00:00,31738.849609375,31741.44921875,31471.900390625,31535.05078125,0
2025-04-09 06:00:00+00:00,31810.919921875,32022.880859375,31741.599609375,31741.599609375,0
2025-04-10 00:00:00+00:00,34410.76171875,34568.4609375,32320.66015625,32321.2109375,0
2025-04-10 01:00:00+00:00,34335.7890625,34498.578125,34121.078125,34416.05859375,0
2025-04-10 02:00:00+00:00,34353.171875,34415.4609375,34293.2890625,34338.0390625,0
2025-04-10 03:00:00+00:00,34396.91015625,34408.19140625,34221.80859375,34236.21875,0
2025-04-10 04:00:00+00:00,34410.05078125,34465.53125,34289.80078125,34396.23828125,0
2025-04-10 05:00:00+00:00,34444.6015625,34465.96875,34288.6796875,34410.171875,0
2025-04-10 06:00:00+00:00,34581.7890625,34639.390625,34444.48828125,34445.8203125,0
2025-04-11 00:00:00+00:00,32872.4296875,33953.2890625,32626.580078125,33951.25,0
2025-04-11 01:00:00+00:00,33088.8984375,33105.671875,32745.08984375,32873.4609375,0
2025-04-11 02:00:00+00:00,33148.44921875,33148.44921875,32911.9296875,33088.55859375,0
2025-04-11 03:00:00+00:00,33177.21875,33395.328125,33144.578125,33275.87109375,0
2025-04-11 04:00:00+00:00,33162.3203125,33342.83984375,33107.98046875,33177.80859375,0
2025-04-11 05:00:00+00:00,33456.078125,33480.55078125,33061.2890625,33160.171875,0
2025-04-11 06:00:00+00:00,33600.80078125,33673.8515625,33454.30078125,33454.30078125,0
2025-04-14 00:00:00+00:00,34045.23046875,34325.58984375,33959.48046875,34006.37109375,0
2025-04-14 01:00:00+00:00,34019.96875,34122.109375,33887.69921875,34043.30078125,0
2025-04-14 02:00:00+00:00,34115.51953125,34131.21875,34007.53125,34018.6796875,0
2025-04-14 03:00:00+00:00,34125.76953125,34165.96875,34066.859375,34145.19140625,0
2025-04-14 04:00:00+00:00,34248.76171875,34258.01953125,34124.1796875,34124.1796875,0
2025-04-14 05:00:00+00:00,34127.37890625,34254.5703125,34127.37890625,34246.4609375,0
2025-04-14 06:00:00+00:00,34012.87890625,34129.37890625,34012.87890625,34127.44921875,0
2025-04-15 00:00:00+00:00,34386.640625,34459.0,34275.46875,34349.01171875,0
2025-04-15 01:00:00+00:00,34338.66015625,34426.3984375,34316.44140625,34388.23828125,0
2025-04-15 02:00:00+00:00,34285.01953125,34348.6484375,34271.62890625,34339.53125,0
2025-04-15 03:00:00+00:00,34349.73046875,34379.87109375,34301.48046875,34301.48046875,0
2025-04-15 04:00:00+00:00,34331.7890625,34400.9609375,34312.8515625,34350.1015625,0
2025-04-15 05:00:00+00:00,34315.94921875,34350.16015625,34296.28125,34331.8984375,0
2025-04-15 06:00:00+00:00,34283.91015625,34315.8984375,34266.30859375,34315.8984375,0
2025-04-16 00:00:00+00:00,34087.19921875,34329.26953125,34064.62109375,34249.8203125,0
2025-04-16 01:00:00+00:00,34108.3984375,34187.921875,34081.0390625,34085.859375,0
2025-04-16 02:00:00+00:00,34016.30859375,34138.76171875,34006.640625,34108.80859375,0
2025-04-16 03:00:00+00:00,33986.3203125,34063.28125,33978.30078125,34033.16015625,0
2025-04-16 04:00:00+00:00,33935.6015625,33992.03125,33917.76953125,33985.44140625,0
2025-04-16 05:00:00+00:00,33726.7890625,33938.44140625,33658.46875,33938.44140625,0
2025-04-16 06:00:00+00:00,33907.421875,33945.140625,33727.73828125,33727.73828125,0
2025-04-17 00:00:00+00:00,34065.73828125,34264.23828125,33931.53125,33987.01171875,0
2025-04-17 01:00:00+00:00,34170.73046875,34185.30078125,34060.01171875,34065.3984375,0
2025-04-17 02:00:00+00:00,34212.2890625,34222.44140625,34163.328125,34169.62109375,0
2025-04-17 03:00:00+00:00,34221.28125,34268.12890625,34142.16015625,34243.98828125,0
2025-04-17 04:00:00+00:00,34236.71875,34277.28125,34197.53125,34219.62109375,0
2025-04-17 05:00:00+00:00,34312.05859375,34356.5,34189.109375,34237.140625,0
2025-04-17 06:00:00+00:00,34366.69140625,34379.12890625,34273.6484375,34312.48828125,0
2025-04-18 00:00:00+00:00,34521.30078125,34532.640625,34224.5703125,34353.87890625,0
2025-04-18 01:00:00+00:00,34569.26953125,34651.91015625,34505.0,34520.05859375,0
2025-04-18 02:00:00+00:00,34583.2890625,34623.0703125,34562.94921875,34568.66015625,0
2025-04-18 03:00:00+00:00,34619.62890625,34649.80078125,34599.359375,34614.5390625,0
2025-04-18 04:00:00+00:00,34642.05859375,34662.19921875,34597.94921875,34620.421875,0
2025-04-18 05:00:00+00:00,34723.80078125,34758.96875,34640.05078125,34641.5703125,0
2025-04-18 06:00:00+00:00,34734.8515625,34739.23046875,34663.3515625,34724.171875,0
2025-04-21 00:00:00+00:00,34361.140625,34610.6015625,34351.12109375,34556.23046875,0
2025-04-21 01:00:00+00:00,34394.421875,34433.9609375,34297.76171875,34363.0390625,0
2025-04-21 02:00:00+00:00,34300.3515625,34420.0,34298.640625,34390.51953125,0
2025-04-21 03:00:00+00:00,34288.609375,34304.2890625,34216.98046875,34240.0390625,0
2025-04-21 04:00:00+00:00,34292.41015625,34338.76953125,34261.58984375,34287.5390625,0
2025-04-21 05:00:00+00:00,34327.9609375,34340.87890625,34250.9609375,34290.8203125,0
2025-04-21 06:00:00+00:00,34315.55078125,34379.12109375,34310.80859375,34327.30078125,0
2025-04-22 00:00:00+00:00,34167.73828125,34340.5703125,34109.8515625,34111.140625,0
2025-04-22 01:00:00+00:00,34258.3515625,34296.21875,34144.98046875,34167.859375,0
2025-04-22 02:00:00+00:00,34255.7109375,34283.0390625,34238.0390625,34259.76953125,0
2025-04-22 03:00:00+00:00,34162.66015625,34176.2890625,34122.44140625,34144.4609375,0
2025-04-22 04:00:00+00:00,34252.71875,34260.16015625,34158.25,34162.5390625,0
2025-04-22 05:00:00+00:00,34203.6484375,34266.078125,34184.8515625,34253.6015625,0
2025-04-22 06:00:00+00:00,34224.328125,34245.44140625,34160.328125,34203.69140625,0
2025-04-23 00:00:00+00:00,34871.140625,35142.12109375,34734.26953125,34787.9296875,0
2025-04-23 01:00:00+00:00,34748.55078125,34884.33984375,34682.28125,34869.98046875,0
2025-04-23 02:00:00+00:00,34808.80078125,34822.55078125,34728.28125,34751.51953125,0
2025-04-23 03:00:00+00:00,34932.1015625,34949.4296875,34828.359375,34860.859375,0
2025-04-23 04:00:00+00:00,34876.44921875,34972.2890625,34855.05859375,34933.75,0
2025-04-23 05:00:00+00:00,34876.69140625,34902.8984375,34778.48046875,34876.87890625,0
2025-04-23 06:00:00+00:00,34891.44921875,34898.921875,34793.46875,34876.58984375,0
2025-04-24 00:00:00+00:00,35151.7109375,35287.94921875,35109.359375,35194.7109375,0
2025-04-24 01:00:00+00:00,35176.6796875,35239.6015625,35138.578125,35150.1015625,0
2025-04-24 02:00:00+00:00,35244.41015625,35248.109375,35170.94921875,35175.0703125,0
2025-04-24 03:00:00+00:00,35130.19921875,35198.30859375,35122.078125,35152.01171875,0
2025-04-24 04:00:00+00:00,35040.078125,35131.19921875,35020.80859375,35129.48828125,0
2025-04-24 05:00:00+00:00,34984.98046875,35067.2890625,34960.6484375,35039.8984375,0
2025-04-24 06:00:00+00:00,35019.46875,35055.2890625,34986.37109375,34986.37109375,0
2025-04-25 00:00:00+00:00,35587.12890625,35654.23828125,35337.98046875,35387.671875,0
2025-04-25 01:00:00+00:00,35514.3203125,35606.41015625,35408.9609375,35592.26953125,0
2025-04-25 02:00:00+00:00,35527.390625,35556.1796875,35488.76953125,35518.6484375,0
2025-04-25 03:00:00+00:00,35735.9609375,35747.171875,35629.51953125,35629.51953125,0
2025-04-25 04:00:00+00:00,35653.62109375,35835.28125,35647.140625,35734.6796875,0
2025-04-25 05:00:00+00:00,35643.4609375,35727.51171875,35629.609375,35653.6796875,0
2025-04-25 06:00:00+00:00,35648.33984375,35711.7890625,35611.19140625,35644.28125,0
2025-04-28 00:00:00+00:00,35903.0703125,36075.26171875,35871.94140625,35962.80078125,0
2025-04-28 01:00:00+00:00,35963.16015625,36015.19921875,35876.30078125,35903.3203125,0
2025-04-28 02:00:00+00:00,35887.890625,35977.1796875,35867.76953125,35965.03125,0
2025-04-28 03:00:00+00:00,35840.0,35876.73046875,35805.91015625,35823.0,0
2025-04-28 04:00:00+00:00,35836.69140625,35884.8203125,35825.73046875,35843.0390625,0
2025-04-28 05:00:00+00:00,35818.7109375,35872.87109375,35773.48828125,35835.48046875,0
2025-04-28 06:00:00+00:00,35848.55859375,35882.46875,35815.6484375,35817.9296875,0
2025-04-30 00:00:00+00:00,35869.671875,36023.23828125,35793.328125,35946.87890625,0
2025-04-30 01:00:00+00:00,35843.69140625,35932.890625,35827.6484375,35870.51171875,0
2025-04-30 02:00:00+00:00,35902.51171875,35914.62890625,35842.44140625,35844.98828125,0
2025-04-30 03:00:00+00:00,35893.05859375,35907.78125,35826.328125,35866.5703125,0
2025-04-30 04:00:00+00:00,35929.78125,35935.30859375,35877.51171875,35891.21875,0
2025-04-30 05:00:00+00:00,35992.46875,36004.578125,35922.80859375,35929.19140625,0
2025-04-30 06:00:00+00:00,36036.390625,36056.51953125,35970.8515625,35992.328125,0
2025-05-01 00:00:00+00:00,36115.6796875,36341.62109375,36075.8515625,36197.0390625,0
2025-05-01 01:00:00+00:00,36176.55078125,36190.8984375,36040.05078125,36110.76171875,0
2025-05-01 02:00:00+00:00,36241.69921875,36247.671875,36163.05859375,36176.421875,0
2025-05-01 03:00:00+00:00,36330.828125,36368.8984375,36215.44140625,36263.1015625,0
2025-05-01 04:00:00+00:00,36403.51171875,36413.21875,36321.26953125,36329.1484375,0
2025-05-01 05:00:00+00:00,36415.76171875,36544.1484375,36391.69140625,36404.2109375,0
2025-05-01 06:00:00+00:00,36428.171875,36459.76953125,36404.21875,36417.48828125,0
2025-05-02 00:00:00+00:00,36937.98828125,36976.51171875,36606.578125,36636.55078125,0
2025-05-02 01:00:00+00:00,36688.66015625,36947.73828125,36684.390625,36937.109375,0
2025-05-02 02:00:00+00:00,36705.53125,36705.53125,36619.58984375,36688.4609375,0
2025-05-02 03:00:00+00:00,36758.828125,36771.921875,36631.46875,36690.0703125,0
2025-05-02 04:00:00+00:00,36899.828125,36903.01953125,36732.890625,36759.8984375,0
2025-05-02 05:00:00+00:00,36890.1015625,36917.2890625,36827.578125,36903.51953125,0
2025-05-02 06:00:00+00:00,36786.0390625,36889.4296875,36783.828125,36889.4296875,0
2025-05-07 00:00:00+00:00,36805.71875,36942.37890625,36746.98828125,36903.66015625,0
2025-05-07 01:00:00+00:00,36810.05859375,36830.41015625,36731.390625,36808.3984375,0
2025-05-07 02:00:00+00:00,36813.78125,36831.7890625,36763.87890625,36813.5390625,0
2025-05-07 03:00:00+00:00,36839.890625,36863.9609375,36783.44921875,36801.69140625,0
2025-05-07 04:00:00+00:00,36877.71875,36894.9296875,36823.1484375,36840.62890625,0
2025-05-07 05:00:00+00:00,36812.12109375,36902.41015625,36801.48828125,36877.44140625,0
2025-05-07 06:00:00+00:00,36835.0,36852.28125,36786.73046875,36811.73828125,0
2025-05-08 00:00:00+00:00,36776.44140625,36957.8984375,36606.7109375,36863.37890625,0
2025-05-08 01:00:00+00:00,36810.78125,36890.69140625,36703.609375,36774.828125,0
2025-05-08 02:00:00+00:00,36863.1484375,36875.078125,36811.6796875,36811.6796875,0
2025-05-08 03:00:00+00:00,36896.0,36973.0,36896.0,36943.3515625,0
2025-05-08 04:00:00+00:00,36946.30859375,36948.62109375,36873.75,36896.3203125,0
2025-05-08 05:00:00+00:00,36964.6015625,36977.3515625,36921.1484375,36945.78125,0
2025-05-08 06:00:00+00:00,36945.16015625,36963.83984375,36931.08984375,36963.83984375,0
2025-05-09 00:00:00+00:00,37280.19140625,37409.37890625,37219.03125,37332.5703125,0
2025-05-09 01:00:00+00:00,37429.37109375,37432.69140625,37262.078125,37280.98046875,0
2025-05-09 02:00:00+00:00,37478.578125,37481.51953125,37410.890625,37426.73046875,0
2025-05-09 03:00:00+00:00,37428.390625,37461.73046875,37393.03125,37420.390625,0
2025-05-09 04:00:00+00:00,37488.73828125,37505.46875,37387.921875,37423.19921875,0
2025-05-09 05:00:00+00:00,37535.30859375,37557.41015625,37465.0,37487.48828125,0
2025-05-09 06:00:00+00:00,37437.87890625,37555.01171875,37437.87890625,37534.359375,0
2025-05-12 00:00:00+00:00,37562.53125,37726.44140625,37559.41015625,37697.28125,0
2025-05-12 01:00:00+00:00,37590.0,37652.69921875,37547.921875,37554.37890625,0
2025-05-12 02:00:00+00:00,37519.80078125,37597.140625,37519.80078125,37588.8203125,0
2025-05-12 03:00:00+00:00,37441.9296875,37464.26171875,37417.390625,37457.25,0
2025-05-12 04:00:00+00:00,37588.16015625,37597.8203125,37422.5390625,37443.5390625,0
2025-05-12 05:00:00+00:00,37669.109375,37677.51171875,37575.30859375,37588.98828125,0
2025-05-12 06:00:00+00:00,37671.30859375,37671.30859375,37616.19921875,37669.12109375,0
2025-05-13 00:00:00+00:00,38311.41015625,38494.05859375,38124.19921875,38149.53125,0
2025-05-13 01:00:00+00:00,38254.109375,38370.55078125,38245.75,38311.62890625,0
2025-05-13 02:00:00+00:00,38296.859375,38300.328125,38222.25,38251.609375,0
2025-05-13 03:00:00+00:00,38252.671875,38297.8515625,38230.6015625,38277.30078125,0
2025-05-13 04:00:00+00:00,38328.1015625,38384.328125,38235.48046875,38253.9609375,0
2025-05-13 05:00:00+00:00,38298.8984375,38338.96875,38271.3984375,38327.83984375,0
2025-05-13 06:00:00+00:00,38210.55078125,38307.58984375,38204.98828125,38298.51171875,0
2025-05-14 00:00:00+00:00,38002.01171875,38325.87890625,37991.71875,38199.03125,0
2025-05-14 01:00:00+00:00,37978.26953125,38007.76171875,37865.21875,38003.03125,0
2025-05-14 02:00:00+00:00,37874.58984375,38003.3515625,37874.58984375,37980.23828125,0
2025-05-14 03:00:00+00:00,37901.12890625,37960.8984375,37851.80078125,37863.26171875,0
2025-05-14 04:00:00+00:00,38028.7890625,38035.0390625,37899.12109375,37902.25,0
2025-05-14 05:00:00+00:00,38126.98828125,38141.01953125,38017.87109375,38028.69140625,0
2025-05-14 06:00:00+00:00,38120.171875,38157.28125,38104.37109375,38125.6015625,0
2025-05-15 00:00:00+00:00,37721.140625,37876.83984375,37674.94140625,37832.359375,0
2025-05-15 01:00:00+00:00,37678.51171875,37805.5,37665.859375,37721.890625,0
2025-05-15 02:00:00+00:00,37705.73828125,37708.83984375,37649.58984375,37679.23046875,0
2025-05-15 03:00:00+00:00,37713.4296875,37726.30859375,37633.359375,37637.46875,0
2025-05-15 04:00:00+00:00,37785.671875,37785.76171875,37705.21875,37712.1484375,0
2025-05-15 05:00:00+00:00,37762.8984375,37820.62109375,37714.05859375,37785.6796875,0
2025-05-15 06:00:00+00:00,37789.25,37816.58984375,37744.98828125,37761.859375,0
2025-05-16 00:00:00+00:00,37528.859375,37748.578125,37513.890625,37748.578125,0
2025-05-16 01:00:00+00:00,37557.30859375,37622.94921875,37479.2109375,37529.109375,0
2025-05-16 02:00:00+00:00,37659.390625,37659.390625,37548.1796875,37557.62890625,0
2025-05-16 03:00:00+00:00,37653.26953125,37691.33984375,37608.87109375,37670.109375,0
2025-05-16 04:00:00+00:00,37759.4609375,37783.94921875,37644.3203125,37653.671875,0
2025-05-16 05:00:00+00:00,37730.73046875,37760.94921875,37706.16015625,37760.75,0
2025-05-16 06:00:00+00:00,37729.19140625,37786.4296875,37726.73828125,37730.76953125,0
2025-05-19 00:00:00+00:00,37602.3984375,37634.8515625,37500.109375,37572.359375,0
2025-05-19 01:00:00+00:00,37550.94921875,37656.23046875,37544.421875,37610.05859375,0
2025-05-19 02:00:00+00:00,37617.62890625,37629.51953125,37523.87890625,37551.359375,0
2025-05-19 03:00:00+00:00,37470.51953125,37561.33984375,37456.01171875,37561.33984375,0
2025-05-19 04:00:00+00:00,37489.69140625,37502.44140625,37445.9296875,37470.859375,0
2025-05-19 05:00:00+00:00,37483.859375,37509.96875,37454.44140625,37490.01953125,0
2025-05-19 06:00:00+00:00,37472.33984375,37515.55859375,37461.1484375,37480.37109375,0
2025-05-20 00:00:00+00:00,37832.37109375,37921.80859375,37718.46875,37723.6015625,0
2025-05-20 01:00:00+00:00,37702.94140625,37824.19921875,37658.87109375,37824.19921875,0
2025-05-20 02:00:00+00:00,37691.55859375,37732.19140625,37661.6484375,37702.46875,0
2025-05-20 03:00:00+00:00,37642.12109375,37672.359375,37605.30078125,37656.51171875,0
2025-05-20 04:00:00+00:00,37627.5703125,37642.76171875,37567.51171875,37641.4609375,0
2025-05-20 05:00:00+00:00,37485.53125,37686.078125,37475.5,37626.98828125,0
2025-05-20 06:00:00+00:00,37490.4609375,37531.3203125,37455.69921875,37485.55859375,0
2025-05-21 00:00:00+00:00,37478.171875,37659.94140625,37476.5390625,37590.1484375,0
2025-05-21 01:00:00+00:00,37448.66015625,37496.98046875,37415.75,37474.12109375,0
2025-05-21 02:00:00+00:00,37491.80078125,37497.87890625,37435.7890625,37448.4296875,0
2025-05-21 03:00:00+00:00,37453.3203125,37472.69140625,37409.76953125,37445.6015625,0
2025-05-21 04:00:00+00:00,37404.23046875,37462.19921875,37386.58984375,37453.21875,0
2025-05-21 05:00:00+00:00,37321.0390625,37429.0,37317.9609375,37404.44140625,0
2025-05-21 06:00:00+00:00,37315.5390625,37343.26953125,37306.44921875,37321.609375,0
2025-05-22 00:00:00+00:00,37070.62109375,37086.609375,36873.609375,36931.890625,0
2025-05-22 01:00:00+00:00,36972.390625,37100.44921875,36970.7890625,37072.01171875,0
2025-05-22 02:00:00+00:00,36967.12890625,37040.109375,36958.8203125,36970.91015625,0
2025-05-22 03:00:00+00:00,36933.9296875,36962.6796875,36902.4296875,36937.58984375,0
2025-05-22 04:00:00+00:00,36931.171875,36934.51953125,36855.828125,36934.51953125,0
2025-05-22 05:00:00+00:00,37022.73046875,37026.98046875,36884.01953125,36931.66015625,0
2025-05-22 06:00:00+00:00,36985.9296875,37022.8984375,36975.83984375,37022.8984375,0
2025-05-23 00:00:00+00:00,37273.640625,37298.30078125,37126.6015625,37161.73828125,0
2025-05-23 01:00:00+00:00,37240.390625,37373.91015625,37227.80859375,37272.12890625,0
2025-05-23 02:00:00+00:00,37280.83984375,37290.3203125,37241.44921875,37241.44921875,0
2025-05-23 03:00:00+00:00,37200.671875,37263.12109375,37195.55859375,37259.37890625,0
2025-05-23 04:00:00+00:00,37148.73046875,37211.30078125,37126.98046875,37200.921875,0
2025-05-23 05:00:00+00:00,37183.4296875,37221.578125,37145.3203125,37149.4609375,0
2025-05-23 06:00:00+00:00,37118.390625,37190.328125,37111.62890625,37182.80859375,0
2025-05-26 00:00:00+00:00,37411.96875,37425.83984375,37167.01171875,37209.26171875,0
2025-05-26 01:00:00+00:00,37410.96875,37493.96875,37365.640625,37413.6796875,0
2025-05-26 02:00:00+00:00,37329.21875,37411.19140625,37323.26953125,37410.66015625,0
2025-05-26 03:00:00+00:00,37436.9296875,37437.87109375,37327.21875,37342.890625,0
2025-05-26 04:00:00+00:00,37460.01953125,37489.26171875,37420.2109375,37437.4296875,0
2025-05-26 05:00:00+00:00,37485.71875,37527.12890625,37451.171875,37461.078125,0
2025-05-26 06:00:00+00:00,37516.69921875,37522.359375,37475.53125,37486.328125,0
2025-05-27 00:00:00+00:00,37547.609375,37553.94140625,37411.6796875,37523.37109375,0
2025-05-27 01:00:00+00:00,37435.48046875,37547.0703125,37425.19921875,37547.0703125,0
2025-05-27 02:00:00+00:00,37440.3203125,37478.62890625,37427.5703125,37433.1796875,0
2025-05-27 03:00:00+00:00,37455.41015625,37483.390625,37442.44921875,37453.4296875,0
2025-05-27 04:00:00+00:00,37485.75,37493.78125,37442.87890625,37456.078125,0
2025-05-27 05:00:00+00:00,37704.26953125,37763.0,37484.80078125,37486.1796875,0
2025-05-27 06:00:00+00:00,37764.078125,37769.05078125,37682.80078125,37703.58984375,0
2025-05-28 00:00:00+00:00,37986.609375,38178.73046875,37943.66015625,38094.7890625,0
2025-05-28 01:00:00+00:00,37946.9296875,38056.6015625,37900.12890625,37982.78125,0
2025-05-28 02:00:00+00:00,37918.859375,37950.51953125,37896.25,37946.7890625,0
2025-05-28 03:00:00+00:00,37842.19921875,37990.0,37830.69921875,37981.6015625,0
2025-05-28 04:00:00+00:00,37800.8984375,37872.3203125,37779.171875,37843.8984375,0
2025-05-28 05:00:00+00:00,37811.37890625,37860.25,37789.08984375,37801.0703125,0
2025-05-28 06:00:00+00:00,37743.8984375,37817.44140625,37709.7109375,37809.51953125,0
2025-05-29 00:00:00+00:00,38315.37109375,38315.37109375,38035.3203125,38046.96875,0
2025-05-29 01:00:00+00:00,38354.23828125,38367.26171875,38151.44921875,38315.19921875,0
2025-05-29 02:00:00+00:00,38355.69921875,38357.671875,38272.0390625,38352.37109375,0
2025-05-29 03:00:00+00:00,38338.1015625,38379.12890625,38322.390625,38371.41015625,0
2025-05-29 04:00:00+00:00,38345.46875,38360.01171875,38265.16015625,38340.69921875,0
2025-05-29 05:00:00+00:00,38434.3984375,38454.0703125,38330.76953125,38345.62890625,0
2025-05-29 06:00:00+00:00,38438.01171875,38448.23046875,38397.08984375,38434.828125,0
2025-05-30 00:00:00+00:00,37884.16015625,37951.48046875,37748.171875,37912.48828125,0
2025-05-30 01:00:00+00:00,37925.03125,37937.9609375,37780.578125,37884.5,0
2025-05-30 02:00:00+00:00,37890.859375,37941.0,37890.859375,37923.69921875,0
2025-05-30 03:00:00+00:00,37911.2890625,37911.2890625,37849.37109375,37851.19140625,0
2025-05-30 04:00:00+00:00,37958.171875,37962.94140625,37863.9609375,37907.05859375,0
2025-05-30 05:00:00+00:00,38071.80078125,38114.46875,37956.2109375,37958.55078125,0
2025-05-30 06:00:00+00:00,38084.12109375,38104.890625,38060.08984375,38071.28125,0
2025-06-02 00:00:00+00:00,37480.71875,37651.1796875,37449.12109375,37651.1796875,0
2025-06-02 01:00:00+00:00,37429.91015625,37544.8984375,37401.1484375,37482.87109375,0
2025-06-02 02:00:00+00:00,37414.01953125,37449.8203125,37406.7109375,37430.28125,0
2025-06-02 03:00:00+00:00,37376.96875,37401.5703125,37320.71875,37350.01171875,0
2025-06-02 04:00:00+00:00,37449.359375,37454.51171875,37355.8984375,37376.80078125,0
2025-06-02 05:00:00+00:00,37490.12890625,37499.94921875,37435.5703125,37449.8984375,0
2025-06-02 06:00:00+00:00,37479.33984375,37498.328125,37453.640625,37490.109375,0
2025-06-03 00:00:00+00:00,37614.08984375,37647.96875,37509.7890625,37598.30859375,0
2025-06-03 01:00:00+00:00,37710.1796875,37729.44921875,37590.28125,37612.30859375,0
2025-06-03 02:00:00+00:00,37546.8515625,37711.80078125,37543.1015625,37708.03125,0
2025-06-03 03:00:00+00:00,37584.62109375,37621.7890625,37500.91015625,37527.98828125,0
2025-06-03 04:00:00+00:00,37490.55078125,37588.4296875,37477.16015625,37583.8515625,0
2025-06-03 05:00:00+00:00,37518.48046875,37520.71875,37479.0,37493.19921875,0
2025-06-03 06:00:00+00:00,37496.55078125,37522.48828125,37480.9296875,37517.8984375,0
2025-06-04 00:00:00+00:00,37736.44140625,37868.421875,37674.859375,37686.66015625,0
2025-06-04 01:00:00+00:00,37778.28125,37808.109375,37731.4296875,37738.8203125,0
2025-06-04 02:00:00+00:00,37834.66015625,37834.66015625,37760.25,37778.66015625,0
2025-06-04 03:00:00+00:00,37783.390625,37838.12109375,37781.1796875,37813.921875,0
2025-06-04 04:00:00+00:00,37770.53125,37795.62890625,37745.37109375,37777.3515625,0
2025-06-04 05:00:00+00:00,37812.828125,37821.58984375,37737.3203125,37767.23046875,0
2025-06-04 06:00:00+00:00,37750.578125,37833.12109375,37745.109375,37812.640625,0
2025-06-05 00:00:00+00:00,37630.53125,37717.05859375,37538.01953125,37590.390625,0
2025-06-05 01:00:00+00:00,37686.73046875,37732.87890625,37629.78125,37629.78125,0
2025-06-05 02:00:00+00:00,37658.4609375,37694.73046875,37631.76171875,37687.12109375,0
2025-06-05 03:00:00+00:00,37578.05078125,37653.21875,37546.4296875,37605.03125,0
2025-06-05 04:00:00+00:00,37558.640625,37590.25,37527.87890625,37576.53125,0
2025-06-05 05:00:00+00:00,37557.8984375,37595.171875,37537.98828125,37558.328125,0
2025-06-05 06:00:00+00:00,37551.71875,37654.28125,37531.96875,37558.8515625,0
2025-06-06 00:00:00+00:00,37706.26171875,37728.01953125,37590.421875,37590.44140625,0
2025-06-06 01:00:00+00:00,37723.2109375,37754.73046875,37655.390625,37707.0,0
2025-06-06 02:00:00+00:00,37730.671875,37755.41015625,37701.46875,37722.44140625,0
2025-06-06 03:00:00+00:00,37657.921875,37721.9296875,37657.921875,37716.8515625,0
2025-06-06 04:00:00+00:00,37692.859375,37697.9296875,37635.78125,37658.3515625,0
2025-06-06 05:00:00+00:00,37689.48828125,37756.1484375,37669.9609375,37690.58984375,0
2025-06-06 06:00:00+00:00,37697.30078125,37703.078125,37659.80859375,37689.828125,0
2025-06-09 00:00:00+00:00,38172.44921875,38178.01171875,38018.21875,38028.7109375,0
2025-06-09 01:00:00+00:00,38142.58984375,38168.91015625,38052.7109375,38165.859375,0
2025-06-09 02:00:00+00:00,38137.08984375,38144.73828125,38088.2109375,38142.80859375,0
2025-06-09 03:00:00+00:00,38159.6015625,38166.6015625,38105.71875,38105.71875,0
2025-06-09 04:00:00+00:00,38115.0703125,38165.1484375,38106.58984375,38160.62109375,0
2025-06-09 05:00:00+00:00,38094.91015625,38114.75,38065.0,38114.75,0
2025-06-09 06:00:00+00:00,38087.12890625,38102.28125,38060.87109375,38094.83984375,0
2025-06-10 00:00:00+00:00,38240.1484375,38346.98046875,38226.21875,38278.171875,0
2025-06-10 01:00:00+00:00,38454.37890625,38467.05859375,38240.1484375,38242.1484375,0
2025-06-10 02:00:00+00:00,38473.96875,38476.1796875,38427.08984375,38458.33984375,0
2025-06-10 03:00:00+00:00,38464.37109375,38495.69921875,38448.01953125,38463.9296875,0
2025-06-10 04:00:00+00:00,38443.3203125,38469.71875,38423.23828125,38464.37890625,0
2025-06-10 05:00:00+00:00,38184.66015625,38446.28125,38139.1015625,38442.44140625,0
2025-06-10 06:00:00+00:00,38167.03125,38210.140625,38159.30078125,38183.0,0
2025-06-11 00:00:00+00:00,38302.109375,38529.640625,38288.28125,38431.1015625,0
2025-06-11 01:00:00+00:00,38400.25,38419.421875,38289.109375,38303.05859375,0
2025-06-11 02:00:00+00:00,38385.37109375,38418.62890625,38363.6015625,38398.94921875,0
2025-06-11 03:00:00+00:00,38364.05859375,38397.3515625,38347.3203125,38363.05078125,0
2025-06-11 04:00:00+00:00,38393.75,38406.01953125,38346.12109375,38364.2890625,0
2025-06-11 05:00:00+00:00,38360.421875,38453.69921875,38357.23046875,38392.8203125,0
2025-06-11 06:00:00+00:00,38419.109375,38419.109375,38345.30078125,38354.859375,0
2025-06-12 00:00:00+00:00,38165.46875,38407.5703125,38107.3203125,38324.9296875,0
2025-06-12 01:00:00+00:00,38155.05078125,38217.44921875,38102.05078125,38168.30859375,0
2025-06-12 02:00:00+00:00,38149.48828125,38175.71875,38124.48828125,38156.0390625,0
2025-06-12 03:00:00+00:00,38202.19921875,38221.5390625,38194.2890625,38197.140625,0
2025-06-12 04:00:00+00:00,38199.71875,38226.19140625,38169.48046875,38202.44140625,0
2025-06-12 05:00:00+00:00,38190.05078125,38215.328125,38169.1484375,38199.87109375,0
2025-06-12 06:00:00+00:00,38171.75,38190.26171875,38156.91015625,38190.26171875,0
2025-06-13 00:00:00+00:00,37633.46875,38141.58984375,37601.8203125,38130.25,0
2025-06-13 01:00:00+00:00,37781.1015625,37785.76953125,37540.19921875,37635.48046875,0
2025-06-13 02:00:00+00:00,37665.9296875,37780.78125,37659.28125,37778.8515625,0
2025-06-13 03:00:00+00:00,37756.0,37758.76171875,37659.1015625,37672.3515625,0
2025-06-13 04:00:00+00:00,37747.80859375,37755.98046875,37667.83984375,37755.98046875,0
2025-06-13 05:00:00+00:00,37761.01953125,37771.44921875,37705.078125,37745.48046875,0
2025-06-13 06:00:00+00:00,37810.390625,37823.48828125,37755.73046875,37759.80859375,0
2025-06-16 00:00:00+00:00,38133.98046875,38207.51171875,38055.51953125,38056.859375,0
2025-06-16 01:00:00+00:00,38175.23828125,38181.9609375,38066.33984375,38137.1796875,0
2025-06-16 02:00:00+00:00,38193.390625,38213.25,38166.5,38175.9296875,0
2025-06-16 03:00:00+00:00,38237.62109375,38241.0703125,38200.4296875,38229.828125,0
2025-06-16 04:00:00+00:00,38306.03125,38342.51953125,38239.2890625,38239.2890625,0
2025-06-16 05:00:00+00:00,38232.5390625,38328.69921875,38231.96875,38306.23828125,0
2025-06-16 06:00:00+00:00,38317.7109375,38332.23046875,38228.05078125,38232.5,0
2025-06-17 00:00:00+00:00,38525.01171875,38531.33984375,38333.3515625,38366.6796875,0
2025-06-17 01:00:00+00:00,38559.671875,38567.359375,38444.0390625,38529.80078125,0
2025-06-17 02:00:00+00:00,38501.078125,38581.25,38487.26953125,38561.0,0
2025-06-17 03:00:00+00:00,38506.21875,38551.98046875,38506.21875,38522.19921875,0
2025-06-17 04:00:00+00:00,38534.33984375,38553.26953125,38461.51953125,38505.51171875,0
2025-06-17 05:00:00+00:00,38501.71875,38539.91015625,38448.75,38533.91015625,0
2025-06-17 06:00:00+00:00,38531.7890625,38551.46875,38492.26953125,38501.87109375,0
2025-06-18 00:00:00+00:00,38571.19140625,38626.08984375,38364.16015625,38364.16015625,0
2025-06-18 01:00:00+00:00,38719.01171875,38756.9296875,38572.609375,38572.609375,0
2025-06-18 02:00:00+00:00,38791.80078125,38791.80078125,38718.37109375,38718.37109375,0
2025-06-18 03:00:00+00:00,38812.44140625,38825.078125,38770.140625,38771.9296875,0
2025-06-18 04:00:00+00:00,38813.0,38864.28125,38764.6796875,38812.44140625,0
2025-06-18 05:00:00+00:00,38836.58984375,38859.890625,38806.890625,38813.05859375,0
2025-06-18 06:00:00+00:00,38861.2109375,38861.2109375,38818.01171875,38835.87109375,0
2025-06-19 00:00:00+00:00,38635.6796875,38870.55078125,38567.16015625,38858.51953125,0
2025-06-19 01:00:00+00:00,38576.08984375,38636.9296875,38530.87890625,38636.578125,0
2025-06-19 02:00:00+00:00,38597.16015625,38606.66015625,38559.48046875,38577.3515625,0
2025-06-19 03:00:00+00:00,38616.53125,38643.73046875,38591.28125,38612.30078125,0
2025-06-19 04:00:00+00:00,38588.87109375,38624.62890625,38552.98046875,38615.73828125,0
2025-06-19 05:00:00+00:00,38508.0703125,38590.19140625,38504.01171875,38588.96875,0
2025-06-19 06:00:00+00:00,38515.19140625,38547.5,38508.23828125,38509.23046875,0
2025-06-20 00:00:00+00:00,38606.51953125,38645.30078125,38443.171875,38472.25,0
2025-06-20 01:00:00+00:00,38446.94921875,38646.16015625,38362.5390625,38604.75,0
2025-06-20 02:00:00+00:00,38445.5703125,38465.55078125,38419.3203125,38449.9296875,0
2025-06-20 03:00:00+00:00,38524.2109375,38539.12109375,38478.44140625,38494.37109375,0
2025-06-20 04:00:00+00:00,38481.05078125,38541.62890625,38440.25,38526.48828125,0
2025-06-20 05:00:00+00:00,38504.51953125,38515.19140625,38468.19140625,38481.421875,0
2025-06-20 06:00:00+00:00,38498.91015625,38518.3203125,38464.109375,38505.8984375,0
2025-06-23 00:00:00+00:00,38206.16015625,38270.23046875,38026.3203125,38260.69140625,0
2025-06-23 01:00:00+00:00,38210.0390625,38267.0,38162.69140625,38201.859375,0
2025-06-23 02:00:00+00:00,38175.62890625,38250.2109375,38175.62890625,38212.19140625,0
2025-06-23 03:00:00+00:00,38251.26953125,38268.0390625,38225.8515625,38245.62109375,0
2025-06-23 04:00:00+00:00,38331.671875,38367.28125,38254.44921875,38254.44921875,0
2025-06-23 05:00:00+00:00,38340.19140625,38354.66015625,38305.12109375,38337.859375,0
2025-06-23 06:00:00+00:00,38363.421875,38368.21875,38325.921875,38339.94140625,0
2025-06-24 00:00:00+00:00,38714.9609375,38990.109375,38703.48046875,38779.1796875,0
2025-06-24 01:00:00+00:00,38884.53125,38885.7890625,38665.609375,38719.19140625,0
2025-06-24 02:00:00+00:00,38769.12109375,38890.171875,38708.76953125,38883.9609375,0
2025-06-24 03:00:00+00:00,38772.5390625,38789.140625,38739.8515625,38758.08984375,0
2025-06-24 04:00:00+00:00,38801.421875,38803.328125,38743.96875,38771.3984375,0
2025-06-24 05:00:00+00:00,38803.08984375,38857.109375,38778.83984375,38802.8515625,0
2025-06-24 06:00:00+00:00,38708.51953125,38808.1484375,38708.51953125,38801.5703125,0
2025-06-25 00:00:00+00:00,38813.69140625,38925.91015625,38754.921875,38904.1796875,0
2025-06-25 01:00:00+00:00,38878.37890625,38892.328125,38759.8203125,38810.4296875,0
2025-06-25 02:00:00+00:00,38750.46875,38879.94140625,38711.109375,38875.05078125,0
2025-06-25 03:00:00+00:00,38787.37109375,38832.6015625,38755.4296875,38779.21875,0
2025-06-25 04:00:00+00:00,38880.6015625,38888.421875,38786.828125,38786.828125,0
2025-06-25 05:00:00+00:00,38905.7890625,38944.76953125,38864.6015625,38880.94140625,0
2025-06-25 06:00:00+00:00,38907.55859375,38923.890625,38895.7109375,38906.55859375,0
2025-06-26 00:00:00+00:00,39277.28125,39348.78125,39056.140625,39072.140625,0
2025-06-26 01:00:00+00:00,39331.51171875,39400.6484375,39238.7890625,39274.83984375,0
2025-06-26 02:00:00+00:00,39349.8515625,39374.4609375,39313.46875,39331.83984375,0
2025-06-26 03:00:00+00:00,39448.05859375,39472.03125,39360.83984375,39362.1484375,0
2025-06-26 04:00:00+00:00,39497.87109375,39506.58984375,39443.98828125,39447.5,0
2025-06-26 05:00:00+00:00,39537.6015625,39615.58984375,39475.1015625,39499.6484375,0
2025-06-26 06:00:00+00:00,39521.4609375,39601.6484375,39504.6484375,39539.48828125,0
2025-06-27 00:00:00+00:00,40159.33984375,40185.4296875,39847.30859375,39866.359375,0
2025-06-27 01:00:00+00:00,40150.58984375,40217.421875,40134.73046875,40155.1015625,0
2025-06-27 02:00:00+00:00,40215.359375,40232.69921875,40138.62890625,40151.578125,0
2025-06-27 03:00:00+00:00,40185.58984375,40267.83984375,40162.3984375,40162.3984375,0
2025-06-27 04:00:00+00:00,40124.3984375,40223.23046875,40121.01953125,40186.51171875,0
2025-06-27 05:00:00+00:00,40076.578125,40178.6796875,40056.0703125,40124.25,0
2025-06-27 06:00:00+00:00,40073.640625,40106.1015625,40048.48046875,40077.359375,0
2025-06-30 00:00:00+00:00,40780.7890625,40828.96875,40517.25,40550.7890625,0
2025-06-30 01:00:00+00:00,40763.76953125,40852.5390625,40706.30859375,40772.69921875,0
2025-06-30 02:00:00+00:00,40809.8203125,40836.6015625,40758.859375,40763.12109375,0
2025-06-30 03:00:00+00:00,40726.328125,40783.5,40726.328125,40748.421875,0
2025-06-30 04:00:00+00:00,40595.3984375,40769.578125,40559.0390625,40727.12109375,0
2025-06-30 05:00:00+00:00,40421.78125,40596.1484375,40373.171875,40596.1484375,0
2025-06-30 06:00:00+00:00,40430.30078125,40430.5,40322.5390625,40414.9609375,0
2025-07-01 00:00:00+00:00,40122.51171875,40345.87109375,40036.08984375,40340.640625,0
2025-07-01 01:00:00+00:00,40061.3515625,40143.55859375,40009.2890625,40124.25,0
2025-07-01 02:00:00+00:00,40081.609375,40082.890625,40017.671875,40056.8203125,0
2025-07-01 03:00:00+00:00,40080.76953125,40080.76953125,39968.671875,40026.26953125,0
2025-07-01 04:00:00+00:00,40124.01953125,40159.53125,40060.69140625,40078.51953125,0
2025-07-01 05:00:00+00:00,39992.62109375,40126.03125,39984.55859375,40124.328125,0
2025-07-01 06:00:00+00:00,39958.01171875,39996.55859375,39885.37890625,39993.8203125,0
2025-07-02 00:00:00+00:00,39669.87109375,39693.0390625,39444.69921875,39631.171875,0
2025-07-02 01:00:00+00:00,39588.69140625,39754.0,39583.23046875,39667.53125,0
2025-07-02 02:00:00+00:00,39593.71875,39619.69921875,39556.23046875,39590.01953125,0
2025-07-02 03:00:00+00:00,39735.37109375,39740.12109375,39637.76953125,39637.76953125,0
2025-07-02 04:00:00+00:00,39925.2109375,39943.62109375,39732.28125,39736.609375,0
2025-07-02 05:00:00+00:00,39773.69140625,39925.44140625,39763.62109375,39925.44140625,0
2025-07-02 06:00:00+00:00,39790.8515625,39809.55859375,39727.609375,39775.37890625,0
2025-07-03 00:00:00+00:00,39827.671875,39844.671875,39667.8203125,39796.75,0
2025-07-03 01:00:00+00:00,39752.2890625,39865.890625,39724.26171875,39825.5703125,0
2025-07-03 02:00:00+00:00,39732.62890625,39767.73828125,39686.01171875,39748.109375,0
2025-07-03 03:00:00+00:00,39787.19140625,39823.41015625,39757.51171875,39760.6015625,0
2025-07-03 04:00:00+00:00,39760.44140625,39813.6015625,39721.7109375,39786.78125,0
2025-07-03 05:00:00+00:00,39711.53125,39765.80859375,39681.37109375,39760.3515625,0
2025-07-03 06:00:00+00:00,39675.26171875,39719.80078125,39672.01953125,39710.0390625,0
2025-07-04 00:00:00+00:00,39868.75,40012.66015625,39719.80859375,39994.640625,0
2025-07-04 01:00:00+00:00,39841.6015625,39939.7890625,39838.33984375,39867.05078125,0
2025-07-04 02:00:00+00:00,39828.19921875,39866.48828125,39775.62109375,39840.140625,0
2025-07-04 03:00:00+00:00,39750.2109375,39827.0703125,39724.6484375,39809.76171875,0
2025-07-04 04:00:00+00:00,39828.390625,39828.390625,39693.3984375,39753.37109375,0
2025-07-04 05:00:00+00:00,39831.05078125,39860.4609375,39805.578125,39826.8515625,0
2025-07-04 06:00:00+00:00,39778.62890625,39833.328125,39777.6796875,39830.87109375,0
2025-07-07 00:00:00+00:00,39686.75,39829.37890625,39666.359375,39729.55859375,0
2025-07-07 01:00:00+00:00,39624.328125,39685.859375,39539.7890625,39685.5,0
2025-07-07 02:00:00+00:00,39628.41015625,39643.921875,39572.28125,39621.19140625,0
2025-07-07 03:00:00+00:00,39643.578125,39646.421875,39605.87109375,39623.9609375,0
2025-07-07 04:00:00+00:00,39583.5703125,39677.30859375,39581.19921875,39644.4609375,0
2025-07-07 05:00:00+00:00,39569.921875,39594.98046875,39554.73046875,39583.3203125,0
2025-07-07 06:00:00+00:00,39540.25,39585.71875,39524.25,39568.5703125,0
2025-07-08 00:00:00+00:00,39743.83984375,39816.26953125,39510.48046875,39542.0703125,0
2025-07-08 01:00:00+00:00,39608.671875,39778.51171875,39586.0,39742.03125,0
2025-07-08 02:00:00+00:00,39711.2890625,39715.62890625,39592.1484375,39608.8203125,0
2025-07-08 03:00:00+00:00,39698.78125,39774.58984375,39677.98828125,39753.83984375,0
2025-07-08 04:00:00+00:00,39697.12109375,39710.23046875,39630.80078125,39696.55859375,0
2025-07-08 05:00:00+00:00,39726.21875,39729.9609375,39659.37890625,39697.078125,0
2025-07-08 06:00:00+00:00,39724.8984375,39736.0703125,39697.078125,39724.75,0
2025-07-09 00:00:00+00:00,39640.87890625,39971.05859375,39628.30078125,39942.80078125,0
2025-07-09 01:00:00+00:00,39671.51171875,39710.48046875,39573.33984375,39640.78125,0
2025-07-09 02:00:00+00:00,39677.421875,39702.1484375,39659.0703125,39667.94921875,0
2025-07-09 03:00:00+00:00,39710.12890625,39728.21875,39677.03125,39691.3515625,0
2025-07-09 04:00:00+00:00,39786.98046875,39788.6484375,39698.7890625,39709.55078125,0
2025-07-09 05:00:00+00:00,39796.73828125,39827.7109375,39766.28125,39789.4609375,0
2025-07-09 06:00:00+00:00,39795.578125,39804.9609375,39729.23046875,39794.80859375,0
2025-07-10 00:00:00+00:00,39627.19921875,39795.75,39595.19921875,39795.75,0
2025-07-10 01:00:00+00:00,39605.98046875,39648.5390625,39547.26171875,39625.0703125,0
2025-07-10 02:00:00+00:00,39610.609375,39629.609375,39572.01953125,39604.859375,0
2025-07-10 03:00:00+00:00,39573.37109375,39618.96875,39566.03125,39598.91015625,0
2025-07-10 04:00:00+00:00,39571.87890625,39670.109375,39555.28125,39572.4609375,0
2025-07-10 05:00:00+00:00,39589.73828125,39599.0390625,39530.94921875,39573.5703125,0
2025-07-10 06:00:00+00:00,39663.9296875,39666.33984375,39568.25,39591.5390625,0
2025-07-11 00:00:00+00:00,39730.26171875,39957.80078125,39553.7890625,39886.5390625,0
2025-07-11 01:00:00+00:00,39568.671875,39753.21875,39566.26171875,39728.1484375,0
2025-07-11 02:00:00+00:00,39593.83984375,39651.16015625,39571.390625,39571.390625,0
2025-07-11 03:00:00+00:00,39632.609375,39669.8515625,39606.98046875,39622.140625,0
2025-07-11 04:00:00+00:00,39615.98828125,39641.25,39573.9296875,39631.33984375,0
2025-07-11 05:00:00+00:00,39529.05859375,39683.30078125,39529.05859375,39614.48828125,0
2025-07-11 06:00:00+00:00,39587.87109375,39592.87890625,39497.69921875,39531.4609375,0
2025-07-14 00:00:00+00:00,39395.19140625,39485.23046875,39318.37109375,39416.1015625,0
2025-07-14 01:00:00+00:00,39432.26171875,39444.83984375,39288.8984375,39398.2890625,0
2025-07-14 02:00:00+00:00,39469.71875,39476.8515625,39411.30859375,39430.9609375,0
2025-07-14 03:00:00+00:00,39548.4609375,39550.21875,39451.48046875,39466.76953125,0
2025-07-14 04:00:00+00:00,39570.80078125,39588.4609375,39542.140625,39546.30078125,0
2025-07-14 05:00:00+00:00,39491.6484375,39608.01953125,39469.44140625,39571.98046875,0
2025-07-14 06:00:00+00:00,39480.87109375,39505.53125,39447.4609375,39491.640625,0
2025-07-15 00:00:00+00:00,39442.26953125,39567.76953125,39406.640625,39525.828125,0
2025-07-15 01:00:00+00:00,39618.6484375,39641.30078125,39379.3203125,39445.0703125,0
2025-07-15 02:00:00+00:00,39507.28125,39623.9609375,39437.71875,39612.4609375,0
2025-07-15 03:00:00+00:00,39439.53125,39516.96875,39434.171875,39494.62890625,0
2025-07-15 04:00:00+00:00,39513.91015625,39558.05859375,39425.55859375,39440.80078125,0
2025-07-15 05:00:00+00:00,39610.0390625,39621.48046875,39512.46875,39514.51953125,0
2025-07-15 06:00:00+00:00,39643.1796875,39657.73046875,39608.078125,39609.359375,0
2025-07-16 00:00:00+00:00,39747.80859375,39750.8203125,39520.9609375,39734.73828125,0
2025-07-16 01:00:00+00:00,39664.0390625,39780.6015625,39623.671875,39744.6484375,0
2025-07-16 02:00:00+00:00,39642.3984375,39675.05078125,39619.94921875,39665.7890625,0
2025-07-16 03:00:00+00:00,39744.5390625,39773.83984375,39649.921875,39649.921875,0
2025-07-16 04:00:00+00:00,39844.8984375,39910.921875,39737.328125,39745.4296875,0
2025-07-16 05:00:00+00:00,39726.4296875,39923.609375,39649.03125,39850.671875,0
2025-07-16 06:00:00+00:00,39681.30078125,39751.05859375,39649.37890625,39725.51953125,0
2025-07-17 00:00:00+00:00,39530.5,39555.1015625,39370.4296875,39492.01953125,0
2025-07-17 01:00:00+00:00,39557.80859375,39617.6484375,39496.23046875,39527.2109375,0
2025-07-17 02:00:00+00:00,39602.578125,39604.94140625,39533.1796875,39558.44140625,0
2025-07-17 03:00:00+00:00,39778.19921875,39780.23046875,39645.609375,39652.1015625,0
2025-07-17 04:00:00+00:00,39723.48828125,39779.421875,39684.21875,39779.421875,0
2025-07-17 05:00:00+00:00,39800.1015625,39832.640625,39701.828125,39724.3203125,0
2025-07-17 06:00:00+00:00,39908.08984375,39910.9609375,39800.0,39800.0,0
2025-07-18 00:00:00+00:00,39885.5,40087.58984375,39885.5,40072.390625,0
2025-07-18 01:00:00+00:00,39813.859375,39931.16015625,39761.7109375,39887.1796875,0
2025-07-18 02:00:00+00:00,39778.8515625,39824.6796875,39751.2109375,39814.01171875,0
2025-07-18 03:00:00+00:00,39828.140625,39828.140625,39763.37109375,39782.6484375,0
2025-07-18 04:00:00+00:00,39813.890625,39862.69921875,39745.421875,39827.83984375,0
2025-07-18 05:00:00+00:00,39799.01171875,39840.1796875,39783.69921875,39813.25,0
2025-07-18 06:00:00+00:00,39814.671875,39832.33984375,39786.69140625,39798.98828125,0
2025-07-22 00:00:00+00:00,39895.73046875,40275.890625,39843.03125,39864.62890625,0
2025-07-22 01:00:00+00:00,39937.51171875,39990.6796875,39873.21875,39895.9296875,0
2025-07-22 02:00:00+00:00,39892.80859375,39948.0390625,39844.62890625,39936.62109375,0
2025-07-22 03:00:00+00:00,39715.83984375,39836.609375,39626.55078125,39806.7890625,0
2025-07-22 04:00:00+00:00,39662.73046875,39732.6015625,39586.53125,39715.53125,0
2025-07-22 05:00:00+00:00,39704.05859375,39722.7109375,39649.44921875,39664.26953125,0
2025-07-22 06:00:00+00:00,39757.28125,39763.73046875,39671.01171875,39708.078125,0
2025-07-23 00:00:00+00:00,40752.2109375,40764.62109375,40087.859375,40189.1796875,0
2025-07-23 01:00:00+00:00,40875.0390625,40877.640625,40714.05078125,40759.4609375,0
2025-07-23 02:00:00+00:00,41053.44140625,41070.91015625,40815.41015625,40875.640625,0
2025-07-23 03:00:00+00:00,41063.8984375,41119.78125,41012.1796875,41052.5703125,0
2025-07-23 04:00:00+00:00,41183.640625,41203.91015625,41004.2890625,41064.6796875,0
2025-07-23 05:00:00+00:00,41279.66015625,41342.58984375,41165.48828125,41178.73828125,0
2025-07-23 06:00:00+00:00,41227.16015625,41306.19921875,41218.8515625,41279.6796875,0
2025-07-24 00:00:00+00:00,41784.640625,41801.28125,41554.1796875,41657.98046875,0
2025-07-24 01:00:00+00:00,41975.12109375,41989.6484375,41780.51953125,41795.4296875,0
2025-07-24 02:00:00+00:00,41983.5,42004.921875,41934.44140625,41977.08984375,0
2025-07-24 03:00:00+00:00,41840.25,42065.828125,41801.71875,42006.62109375,0
2025-07-24 04:00:00+00:00,41870.6484375,41893.921875,41782.609375,41836.671875,0
2025-07-24 05:00:00+00:00,41877.78125,41889.23046875,41772.6796875,41872.73046875,0
2025-07-24 06:00:00+00:00,41857.48828125,41950.55859375,41857.48828125,41876.71875,0
2025-07-25 00:00:00+00:00,41687.9296875,41773.69921875,41581.55078125,41760.578125,0
2025-07-25 01:00:00+00:00,41577.2890625,41701.94140625,41559.578125,41692.2109375,0
2025-07-25 02:00:00+00:00,41570.23828125,41612.9296875,41558.640625,41578.19921875,0
2025-07-25 03:00:00+00:00,41505.23046875,41585.05078125,41487.421875,41585.05078125,0
2025-07-25 04:00:00+00:00,41436.171875,41566.6796875,41429.96875,41505.19921875,0
2025-07-25 05:00:00+00:00,41458.2109375,41484.41015625,41429.171875,41436.7890625,0
2025-07-25 06:00:00+00:00,41400.53125,41493.2109375,41389.7890625,41459.26171875,0
2025-07-28 00:00:00+00:00,41184.16015625,41534.2109375,41072.1484375,41515.91015625,0
2025-07-28 01:00:00+00:00,41160.62890625,41238.640625,41141.05078125,41184.05859375,0
2025-07-28 02:00:00+00:00,41148.0703125,41165.05078125,41096.640625,41160.98046875,0
2025-07-28 03:00:00+00:00,41041.76953125,41165.66015625,41041.16015625,41165.66015625,0
2025-07-28 04:00:00+00:00,41000.2109375,41094.62890625,41000.2109375,41040.1796875,0
2025-07-28 05:00:00+00:00,41080.55859375,41100.390625,40997.87109375,40997.87109375,0
2025-07-28 06:00:00+00:00,41041.66015625,41079.91015625,41038.5703125,41079.5703125,0
2025-07-29 00:00:00+00:00,40692.5390625,40792.8515625,40636.23828125,40767.76953125,0
2025-07-29 01:00:00+00:00,40697.19140625,40747.80859375,40638.8515625,40689.828125,0
2025-07-29 02:00:00+00:00,40623.3203125,40728.9609375,40611.25,40698.578125,0
2025-07-29 03:00:00+00:00,40644.75,40700.890625,40624.12109375,40664.62109375,0
2025-07-29 04:00:00+00:00,40597.3515625,40664.2109375,40573.98828125,40645.140625,0
2025-07-29 05:00:00+00:00,40614.83984375,40637.87890625,40563.53125,40596.6796875,0
2025-07-29 06:00:00+00:00,40655.33984375,40657.921875,40607.859375,40613.5703125,0
2025-07-30 00:00:00+00:00,40592.08984375,40744.53125,40556.609375,40744.53125,0
2025-07-30 01:00:00+00:00,40651.1484375,40677.87890625,40579.62109375,40590.7890625,0
2025-07-30 02:00:00+00:00,40682.140625,40687.2109375,40618.359375,40653.9296875,0
2025-07-30 03:00:00+00:00,40675.76171875,40714.12109375,40632.19921875,40658.12109375,0
2025-07-30 04:00:00+00:00,40655.109375,40726.859375,40647.2890625,40675.78125,0
2025-07-30 05:00:00+00:00,40624.44140625,40656.5390625,40586.8203125,40656.5390625,0
2025-07-30 06:00:00+00:00,40641.37109375,40649.78125,40617.1796875,40626.1015625,0
2025-07-31 00:00:00+00:00,40843.83984375,40912.609375,40639.3203125,40693.0,0
2025-07-31 01:00:00+00:00,40941.25,41004.609375,40786.9609375,40844.078125,0
2025-07-31 02:00:00+00:00,41020.91015625,41040.140625,40938.25,40941.19921875,0
2025-07-31 03:00:00+00:00,41015.98046875,41053.23828125,40943.69140625,40960.44921875,0
2025-07-31 04:00:00+00:00,41086.58984375,41088.9609375,40956.1015625,41018.16015625,0
2025-07-31 05:00:00+00:00,41098.6796875,41120.0390625,41047.5703125,41088.3515625,0
2025-07-31 06:00:00+00:00,41100.73046875,41151.25,41069.19921875,41098.01953125,0
2025-08-01 00:00:00+00:00,40764.48828125,41064.73046875,40588.171875,41029.83984375,0
2025-08-01 01:00:00+00:00,40935.44921875,40949.83984375,40762.7890625,40765.44140625,0
2025-08-01 02:00:00+00:00,40914.66015625,40938.19140625,40895.51953125,40931.1484375,0
2025-08-01 03:00:00+00:00,40880.109375,40999.109375,40874.33984375,40979.4609375,0
2025-08-01 04:00:00+00:00,40836.08984375,40922.21875,40830.16015625,40883.4609375,0
2025-08-01 05:00:00+00:00,40842.83984375,40845.421875,40768.83984375,40835.62890625,0
2025-08-01 06:00:00+00:00,40844.91015625,40858.26171875,40803.109375,40843.41015625,0
2025-08-04 00:00:00+00:00,39927.890625,40138.078125,39850.51953125,40118.80859375,0
2025-08-04 01:00:00+00:00,40006.1484375,40099.078125,39885.51953125,39942.3515625,0
2025-08-04 02:00:00+00:00,40134.96875,40144.05859375,40007.76953125,40014.26953125,0
2025-08-04 03:00:00+00:00,40295.23046875,40302.19140625,40131.01953125,40133.75,0
2025-08-04 04:00:00+00:00,40178.23046875,40296.390625,40164.87890625,40294.328125,0
2025-08-04 05:00:00+00:00,40246.26953125,40263.1484375,40164.328125,40184.12109375,0
2025-08-04 06:00:00+00:00,40297.91015625,40332.25,40246.921875,40246.921875,0
2025-08-05 00:00:00+00:00,40481.7890625,40600.359375,40431.03125,40521.0,0
2025-08-05 01:00:00+00:00,40503.4609375,40530.671875,40421.87890625,40480.05078125,0
2025-08-05 02:00:00+00:00,40544.98828125,40560.83984375,40505.828125,40505.828125,0
2025-08-05 03:00:00+00:00,40610.6484375,40610.6484375,40575.671875,40590.08984375,0
