Price,Close,High,Low,Open,Volume
Ticker,^GSPC,^GSPC,^GSPC,^GSPC,^GSPC
Datetime,,,,,
2025-07-09 13:30:00+00:00,6250.81982421875,6251.5400390625,6243.330078125,6243.330078125,0
2025-07-09 13:31:00+00:00,6253.9599609375,6253.9599609375,6250.759765625,6250.759765625,16558981
2025-07-09 13:32:00+00:00,6255.2001953125,6256.14990234375,6252.64990234375,6253.77001953125,13884752
2025-07-09 13:33:00+00:00,6255.9599609375,6256.4501953125,6254.3701171875,6255.27978515625,12676601
2025-07-09 13:34:00+00:00,6257.52001953125,6257.7998046875,6255.43994140625,6256.2099609375,11953490
2025-07-09 13:35:00+00:00,6256.68994140625,6258.919921875,6256.68994140625,6257.52978515625,12084252
2025-07-09 13:36:00+00:00,6257.0400390625,6257.5498046875,6255.66015625,6256.41015625,10526055
2025-07-09 13:37:00+00:00,6258.5,6258.9501953125,6257.39013671875,6257.39013671875,9306510
2025-07-09 13:38:00+00:00,6260.22021484375,6260.22021484375,6258.5498046875,6258.5498046875,9046282
2025-07-09 13:39:00+00:00,6260.81005859375,6261.4599609375,6260.66015625,6260.81982421875,9110609
2025-07-09 13:40:00+00:00,6261.68994140625,6261.7998046875,6259.4501953125,6260.89990234375,9247098
2025-07-09 13:41:00+00:00,6261.259765625,6262.9599609375,6259.8701171875,6262.169921875,10471909
2025-07-09 13:42:00+00:00,6261.990234375,6262.10986328125,6260.72021484375,6261.39990234375,5443225
2025-07-09 13:43:00+00:00,6262.27001953125,6263.06005859375,6262.2001953125,6262.68017578125,11906558
2025-07-09 13:44:00+00:00,6263.2998046875,6263.2998046875,6261.60986328125,6262.27001953125,7850239
2025-07-09 13:45:00+00:00,6264.27978515625,6265.08984375,6263.240234375,6263.240234375,10056274
2025-07-09 13:46:00+00:00,6266.43017578125,6266.85986328125,6264.2998046875,6264.2998046875,9271412
2025-07-09 13:47:00+00:00,6265.5400390625,6266.68017578125,6264.85986328125,6266.35009765625,8021839
2025-07-09 13:48:00+00:00,6265.080078125,6265.97021484375,6264.580078125,6265.490234375,8265871
2025-07-09 13:49:00+00:00,6267.27001953125,6267.27001953125,6265.0498046875,6265.0498046875,8469152
2025-07-09 13:50:00+00:00,6268.8798828125,6269.16015625,6267.02001953125,6267.10986328125,8774593
2025-07-09 13:51:00+00:00,6268.02001953125,6268.759765625,6267.6298828125,6268.759765625,7815444
2025-07-09 13:52:00+00:00,6267.56982421875,6268.83984375,6267.52001953125,6267.97021484375,7302887
2025-07-09 13:53:00+00:00,6266.56005859375,6268.18017578125,6266.5400390625,6267.3701171875,7591548
2025-07-09 13:54:00+00:00,6267.27978515625,6267.5,6266.1298828125,6266.52001953125,7625092
2025-07-09 13:55:00+00:00,6265.08984375,6267.240234375,6264.9599609375,6267.240234375,6848051
2025-07-09 13:56:00+00:00,6263.81005859375,6265.18017578125,6263.81005859375,6265.18017578125,6753742
2025-07-09 13:57:00+00:00,6265.330078125,6265.60009765625,6263.8701171875,6263.8701171875,7236375
2025-07-09 13:58:00+00:00,6264.0,6265.52001953125,6263.58984375,6265.52001953125,7267991
2025-07-09 13:59:00+00:00,6265.4599609375,6265.5,6263.97021484375,6263.97021484375,8611832
2025-07-09 14:00:00+00:00,6267.1298828125,6267.60009765625,6263.68994140625,6264.1201171875,11882894
2025-07-09 14:01:00+00:00,6266.22998046875,6267.64013671875,6265.68994140625,6267.1201171875,8002691
2025-07-09 14:02:00+00:00,6264.85009765625,6266.72998046875,6264.85009765625,6266.3701171875,8509899
2025-07-09 14:03:00+00:00,6264.72021484375,6265.419921875,6264.240234375,6264.919921875,7273196
2025-07-09 14:04:00+00:00,6262.68994140625,6265.0400390625,6262.56005859375,6264.77978515625,7303437
2025-07-09 14:05:00+00:00,6263.77001953125,6263.7900390625,6262.10986328125,6262.68017578125,9685759
2025-07-09 14:06:00+00:00,6263.990234375,6265.16015625,6263.93994140625,6263.9501953125,8037649
2025-07-09 14:07:00+00:00,6262.7001953125,6264.47021484375,6262.7001953125,6263.919921875,7443309
2025-07-09 14:08:00+00:00,6263.43994140625,6263.490234375,6262.33984375,6262.35009765625,9352575
2025-07-09 14:09:00+00:00,6263.97021484375,6264.14990234375,6263.080078125,6263.4501953125,7092057
2025-07-09 14:10:00+00:00,6264.2099609375,6264.56005859375,6262.330078125,6263.93994140625,8132030
2025-07-09 14:11:00+00:00,6264.2001953125,6264.47998046875,6263.3798828125,6264.18994140625,7240211
2025-07-09 14:12:00+00:00,6265.35986328125,6265.35986328125,6263.8798828125,6264.2001953125,7147652
2025-07-09 14:13:00+00:00,6263.7001953125,6265.830078125,6263.7001953125,6265.35009765625,6863203
2025-07-09 14:14:00+00:00,6264.41015625,6264.7900390625,6263.259765625,6263.759765625,7052803
2025-07-09 14:15:00+00:00,6264.759765625,6265.10009765625,6263.89013671875,6264.39013671875,7388057
2025-07-09 14:16:00+00:00,6263.5,6264.85986328125,6263.08984375,6264.75,7656793
2025-07-09 14:17:00+00:00,6263.919921875,6264.14013671875,6262.8798828125,6263.52001953125,7798748
2025-07-09 14:18:00+00:00,6262.97021484375,6263.990234375,6262.97021484375,6263.990234375,7333130
2025-07-09 14:19:00+00:00,6262.419921875,6263.3798828125,6262.240234375,6262.91015625,6313436
2025-07-09 14:20:00+00:00,6263.169921875,6263.22021484375,6261.7099609375,6262.490234375,6458225
2025-07-09 14:21:00+00:00,6262.85009765625,6263.10986328125,6262.02001953125,6263.10986328125,6694336
2025-07-09 14:22:00+00:00,6262.16015625,6262.91015625,6262.08984375,6262.91015625,6529628
2025-07-09 14:23:00+00:00,6262.18017578125,6262.4501953125,6261.68017578125,6262.43017578125,6711594
2025-07-09 14:24:00+00:00,6261.7900390625,6262.31005859375,6261.33984375,6262.1201171875,5973976
2025-07-09 14:25:00+00:00,6262.02978515625,6262.66015625,6261.43994140625,6261.7001953125,6626735
2025-07-09 14:26:00+00:00,6262.259765625,6263.10009765625,6261.990234375,6262.02001953125,7100591
2025-07-09 14:27:00+00:00,6257.93017578125,6261.97998046875,6257.509765625,6261.97998046875,8499856
2025-07-09 14:28:00+00:00,6256.43017578125,6257.97998046875,6254.39990234375,6257.97998046875,8092264
2025-07-09 14:29:00+00:00,6256.080078125,6257.0498046875,6256.06982421875,6256.490234375,5812759
2025-07-09 14:30:00+00:00,6251.580078125,6255.9501953125,6251.080078125,6255.9501953125,9304142
2025-07-09 14:31:00+00:00,6247.39990234375,6251.56982421875,6246.259765625,6251.56982421875,9721114
2025-07-09 14:32:00+00:00,6249.5498046875,6249.5498046875,6245.27978515625,6247.39013671875,8013944
2025-07-09 14:33:00+00:00,6249.18017578125,6249.66015625,6248.02978515625,6249.66015625,6964907
2025-07-09 14:34:00+00:00,6247.75,6249.2001953125,6246.8798828125,6249.2001953125,6923093
2025-07-09 14:35:00+00:00,6246.3798828125,6248.77978515625,6246.2900390625,6247.6298828125,5253222
2025-07-09 14:36:00+00:00,6242.7998046875,6246.240234375,6241.2900390625,6246.240234375,7525650
2025-07-09 14:37:00+00:00,6245.009765625,6246.02978515625,6242.2099609375,6242.66015625,6864738
2025-07-09 14:38:00+00:00,6245.43017578125,6246.740234375,6244.47021484375,6245.080078125,6519109
2025-07-09 14:39:00+00:00,6247.509765625,6247.759765625,6247.10986328125,6247.10986328125,5849647
2025-07-09 14:40:00+00:00,6247.06005859375,6248.080078125,6246.7998046875,6247.68017578125,6120990
2025-07-09 14:41:00+00:00,6244.0,6247.06982421875,6244.0,6247.06982421875,5971382
2025-07-09 14:42:00+00:00,6243.56982421875,6244.93017578125,6243.56982421875,6243.8701171875,6229862
2025-07-09 14:43:00+00:00,6242.58984375,6244.10009765625,6242.1201171875,6243.6201171875,6877635
2025-07-09 14:44:00+00:00,6242.27978515625,6243.43017578125,6241.7099609375,6242.64013671875,6163201
2025-07-09 14:45:00+00:00,6243.7900390625,6244.0,6242.35009765625,6242.35009765625,5305639
2025-07-09 14:46:00+00:00,6246.240234375,6246.3798828125,6243.83984375,6243.83984375,6663733
2025-07-09 14:47:00+00:00,6242.22021484375,6246.39990234375,6242.22021484375,6246.27978515625,5287062
2025-07-09 14:48:00+00:00,6240.490234375,6242.18994140625,6239.490234375,6242.18994140625,7834628
2025-07-09 14:49:00+00:00,6241.60009765625,6242.35009765625,6239.7900390625,6240.60986328125,4941410
2025-07-09 14:50:00+00:00,6238.68994140625,6241.5400390625,6238.580078125,6241.5400390625,7540954
2025-07-09 14:51:00+00:00,6238.77978515625,6238.89990234375,6237.56982421875,6238.39013671875,6397773
2025-07-09 14:52:00+00:00,6236.5498046875,6238.7099609375,6236.490234375,6238.7099609375,6239349
2025-07-09 14:53:00+00:00,6239.25,6239.509765625,6237.009765625,6237.1298828125,7306895
2025-07-09 14:54:00+00:00,6237.56982421875,6239.330078125,6237.52001953125,6239.330078125,6135668
2025-07-09 14:55:00+00:00,6236.85009765625,6238.27978515625,6236.14013671875,6237.7001953125,6062372
2025-07-09 14:56:00+00:00,6237.009765625,6237.77978515625,6236.35986328125,6236.919921875,5698280
2025-07-09 14:57:00+00:00,6236.06005859375,6237.169921875,6235.2001953125,6237.080078125,6429677
2025-07-09 14:58:00+00:00,6234.43017578125,6236.31005859375,6234.35009765625,6236.1298828125,6289975
2025-07-09 14:59:00+00:00,6235.97998046875,6235.97998046875,6233.14013671875,6234.43017578125,6359313
2025-07-09 15:00:00+00:00,6236.6201171875,6236.669921875,6233.6201171875,6235.93994140625,9204037
2025-07-09 15:01:00+00:00,6238.72021484375,6239.240234375,6236.8798828125,6236.8798828125,6967153
2025-07-09 15:02:00+00:00,6241.33984375,6241.39990234375,6237.7001953125,6238.9501953125,6766137
2025-07-09 15:03:00+00:00,6241.330078125,6241.81005859375,6240.5,6241.3701171875,5999900
2025-07-09 15:04:00+00:00,6241.64013671875,6241.83984375,6240.60986328125,6241.4599609375,6329929
2025-07-09 15:05:00+00:00,6240.68994140625,6241.77001953125,6240.68994140625,6241.66015625,5064097
2025-07-09 15:06:00+00:00,6237.89990234375,6240.740234375,6237.47021484375,6240.35009765625,5706102
2025-07-09 15:07:00+00:00,6238.0400390625,6238.27001953125,6236.89013671875,6237.759765625,6360266
2025-07-09 15:08:00+00:00,6240.22998046875,6240.22998046875,6237.77978515625,6238.2001953125,5316458
2025-07-09 15:09:00+00:00,6239.740234375,6241.25,6239.740234375,6240.2099609375,5328747
2025-07-09 15:10:00+00:00,6237.5,6239.72021484375,6237.5,6238.830078125,6912870
2025-07-09 15:11:00+00:00,6237.93994140625,6237.9599609375,6236.5400390625,6237.6201171875,5992246
2025-07-09 15:12:00+00:00,6236.64013671875,6237.9599609375,6236.35986328125,6237.740234375,5067575
2025-07-09 15:13:00+00:00,6234.56982421875,6235.39013671875,6234.490234375,6235.39013671875,7851273
2025-07-09 15:14:00+00:00,6235.02001953125,6235.16015625,6233.68994140625,6234.509765625,5181863
2025-07-09 15:15:00+00:00,6235.0498046875,6236.2001953125,6234.580078125,6235.06982421875,5414272
2025-07-09 15:16:00+00:00,6232.39990234375,6235.10986328125,6231.77978515625,6235.10986328125,6792506
2025-07-09 15:17:00+00:00,6233.93017578125,6233.93017578125,6231.43017578125,6232.27978515625,6328527
2025-07-09 15:18:00+00:00,6233.10986328125,6234.0400390625,6232.47998046875,6233.85986328125,6149891
2025-07-09 15:19:00+00:00,6235.5,6235.5,6233.10009765625,6233.10009765625,4839368
2025-07-09 15:20:00+00:00,6236.8701171875,6237.33984375,6235.5498046875,6235.5498046875,5997710
2025-07-09 15:21:00+00:00,6238.1298828125,6238.22021484375,6236.39990234375,6236.7998046875,5446618
2025-07-09 15:22:00+00:00,6239.5498046875,6239.580078125,6237.66015625,6237.990234375,4543735
2025-07-09 15:23:00+00:00,6238.97021484375,6239.56982421875,6238.97021484375,6239.5,4555356
2025-07-09 15:24:00+00:00,6239.97021484375,6239.97021484375,6238.7900390625,6238.91015625,4791176
2025-07-09 15:25:00+00:00,6241.6201171875,6241.77978515625,6239.81982421875,6239.85009765625,4632192
2025-07-09 15:26:00+00:00,6241.83984375,6241.93994140625,6240.759765625,6241.72021484375,4443849
2025-07-09 15:27:00+00:00,6244.16015625,6244.3798828125,6241.89013671875,6241.89013671875,5496567
2025-07-09 15:28:00+00:00,6243.58984375,6244.31982421875,6243.27001953125,6244.14990234375,5650571
2025-07-09 15:29:00+00:00,6243.02978515625,6243.83984375,6242.7099609375,6243.81982421875,4051357
2025-07-09 15:30:00+00:00,6242.81005859375,6243.2099609375,6241.47998046875,6243.0498046875,5120016
2025-07-09 15:31:00+00:00,6243.47021484375,6244.2998046875,6242.85009765625,6242.85009765625,4739831
2025-07-09 15:32:00+00:00,6243.60986328125,6244.080078125,6243.43017578125,6243.47998046875,4139092
2025-07-09 15:33:00+00:00,6243.31982421875,6243.490234375,6242.10009765625,6243.490234375,4247877
2025-07-09 15:34:00+00:00,6242.85009765625,6243.419921875,6242.14013671875,6243.35009765625,4386005
2025-07-09 15:35:00+00:00,6243.16015625,6243.52001953125,6242.93994140625,6242.93994140625,3494111
2025-07-09 15:36:00+00:00,6242.75,6243.7900390625,6242.3701171875,6243.16015625,3834433
2025-07-09 15:37:00+00:00,6242.9501953125,6243.31982421875,6241.68994140625,6242.830078125,4271976
2025-07-09 15:38:00+00:00,6238.0498046875,6242.9599609375,6236.06005859375,6242.9599609375,6775124
2025-07-09 15:39:00+00:00,6242.64013671875,6242.72021484375,6237.97998046875,6238.18017578125,5622814
2025-07-09 15:40:00+00:00,6242.89013671875,6242.9599609375,6242.43017578125,6242.60009765625,3615944
2025-07-09 15:41:00+00:00,6243.919921875,6244.35009765625,6242.52001953125,6242.8798828125,3331477
2025-07-09 15:42:00+00:00,6244.7099609375,6244.75,6243.64990234375,6243.85009765625,3346000
2025-07-09 15:43:00+00:00,6244.240234375,6245.169921875,6244.10986328125,6244.68017578125,3473000
2025-07-09 15:44:00+00:00,6245.27001953125,6245.39013671875,6244.2900390625,6244.2900390625,3387000
2025-07-09 15:45:00+00:00,6245.6201171875,6245.83984375,6245.27001953125,6245.27001953125,3538000
2025-07-09 15:46:00+00:00,6247.10009765625,6247.14013671875,6245.509765625,6245.509765625,4330000
2025-07-09 15:47:00+00:00,6246.330078125,6247.1298828125,6246.330078125,6247.08984375,3422000
2025-07-09 15:48:00+00:00,6246.0400390625,6246.52978515625,6245.68017578125,6246.3701171875,3835000
2025-07-09 15:49:00+00:00,6245.330078125,6245.97021484375,6245.08984375,6245.759765625,3363000
2025-07-09 15:50:00+00:00,6245.39990234375,6245.52978515625,6244.990234375,6245.2900390625,3838000
2025-07-09 15:52:00+00:00,6240.8798828125,6242.64990234375,6240.35986328125,6242.22021484375,11318000
2025-07-09 15:53:00+00:00,6240.9599609375,6242.02978515625,6240.5498046875,6241.0,4827000
2025-07-09 15:54:00+00:00,6239.7998046875,6241.02978515625,6239.509765625,6240.91015625,4556000
2025-07-09 15:55:00+00:00,6242.259765625,6242.259765625,6239.169921875,6239.93017578125,5351000
2025-07-09 15:56:00+00:00,6242.419921875,6243.35009765625,6242.240234375,6242.330078125,4655000
2025-07-09 15:57:00+00:00,6240.919921875,6242.41015625,6240.919921875,6242.41015625,3159000
2025-07-09 15:58:00+00:00,6242.68017578125,6243.009765625,6241.0400390625,6241.0400390625,3573000
2025-07-09 15:59:00+00:00,6241.64990234375,6242.7099609375,6241.64013671875,6242.66015625,4127000
2025-07-09 16:00:00+00:00,6243.39990234375,6243.5498046875,6241.27978515625,6241.6298828125,4647000
2025-07-09 16:01:00+00:00,6244.919921875,6244.919921875,6243.3701171875,6243.3701171875,3828000
2025-07-09 16:02:00+00:00,6245.6298828125,6246.22998046875,6245.06982421875,6245.080078125,3871000
2025-07-09 16:03:00+00:00,6244.990234375,6245.8701171875,6244.43017578125,6245.60009765625,3295000
2025-07-09 16:04:00+00:00,6244.3701171875,6245.490234375,6244.330078125,6245.02978515625,3650000
2025-07-09 16:05:00+00:00,6243.31005859375,6244.41015625,6243.0,6244.35986328125,4136000
2025-07-09 16:06:00+00:00,6244.58984375,6244.85009765625,6243.4501953125,6243.4501953125,3907000
2025-07-09 16:07:00+00:00,6243.81982421875,6244.60009765625,6243.56982421875,6244.490234375,4122000
2025-07-09 16:08:00+00:00,6243.3798828125,6244.580078125,6243.33984375,6243.7998046875,5082000
2025-07-09 16:09:00+00:00,6243.43017578125,6243.5,6242.0,6243.41015625,5851000
2025-07-09 16:10:00+00:00,6242.1298828125,6243.8701171875,6242.1298828125,6243.2099609375,4342000
2025-07-09 16:11:00+00:00,6241.31005859375,6242.240234375,6241.240234375,6242.1201171875,3785000
2025-07-09 16:12:00+00:00,6240.43994140625,6241.330078125,6240.27001953125,6241.330078125,3887000
2025-07-09 16:13:00+00:00,6240.56982421875,6240.6298828125,6238.419921875,6240.31982421875,4258000
2025-07-09 16:14:00+00:00,6241.31005859375,6241.7001953125,6240.6201171875,6240.6201171875,4207000
2025-07-09 16:15:00+00:00,6241.77978515625,6242.08984375,6241.169921875,6241.27001953125,3489000
2025-07-09 16:16:00+00:00,6241.31005859375,6241.31005859375,6240.89990234375,6240.89990234375,3842000
2025-07-09 16:17:00+00:00,6241.7998046875,6241.7998046875,6241.18017578125,6241.27001953125,3389000
2025-07-09 16:18:00+00:00,6243.22998046875,6243.259765625,6241.75,6241.83984375,3892000
2025-07-09 16:19:00+00:00,6243.35986328125,6243.830078125,6242.9501953125,6243.22021484375,3829000
2025-07-09 16:20:00+00:00,6242.4501953125,6243.7001953125,6242.22021484375,6243.39013671875,4220000
2025-07-09 16:21:00+00:00,6239.22021484375,6242.39990234375,6239.18017578125,6242.39990234375,5481000
2025-07-09 16:22:00+00:00,6239.27978515625,6239.3701171875,6238.5,6239.27001953125,4014000
2025-07-09 16:23:00+00:00,6239.419921875,6239.43994140625,6238.8798828125,6239.2998046875,3174000
2025-07-09 16:24:00+00:00,6239.5498046875,6240.14013671875,6239.41015625,6239.41015625,3589000
2025-07-09 16:25:00+00:00,6239.1201171875,6239.68994140625,6238.68017578125,6239.580078125,3447000
2025-07-09 16:26:00+00:00,6239.81982421875,6240.06005859375,6238.68017578125,6239.080078125,3591000
2025-07-09 16:27:00+00:00,6240.85986328125,6240.85986328125,6239.68017578125,6239.77001953125,3007000
2025-07-09 16:28:00+00:00,6241.169921875,6241.27978515625,6240.7001953125,6240.85009765625,3795000
2025-07-09 16:29:00+00:00,6240.490234375,6241.43017578125,6240.18017578125,6241.18994140625,3719000
2025-07-09 16:30:00+00:00,6242.10986328125,6242.35009765625,6240.4599609375,6240.47021484375,4086000
2025-07-09 16:31:00+00:00,6242.0400390625,6242.6298828125,6241.93017578125,6242.08984375,4020000
2025-07-09 16:32:00+00:00,6242.2900390625,6242.2900390625,6241.5400390625,6242.06982421875,2798000
2025-07-09 16:33:00+00:00,6242.39990234375,6242.66015625,6242.06982421875,6242.490234375,3040000
2025-07-09 16:34:00+00:00,6242.259765625,6242.9599609375,6242.259765625,6242.39990234375,3531000
2025-07-09 16:35:00+00:00,6242.89990234375,6242.89990234375,6241.52978515625,6242.0400390625,3503000
2025-07-09 16:36:00+00:00,6242.7099609375,6243.31982421875,6242.64990234375,6242.990234375,3657000
2025-07-09 16:37:00+00:00,6242.490234375,6242.89013671875,6242.27001953125,6242.72998046875,3403000
2025-07-09 16:38:00+00:00,6242.2099609375,6243.22021484375,6242.2099609375,6242.60986328125,3601000
2025-07-09 16:39:00+00:00,6240.81005859375,6242.2001953125,6240.77001953125,6242.2001953125,3434000
2025-07-09 16:40:00+00:00,6241.740234375,6241.7998046875,6240.0,6240.68994140625,2638000
2025-07-09 16:41:00+00:00,6242.330078125,6242.580078125,6241.3798828125,6241.75,3785000
2025-07-09 16:42:00+00:00,6241.9599609375,6242.509765625,6241.85986328125,6242.31005859375,3033000
2025-07-09 16:43:00+00:00,6241.9599609375,6242.31982421875,6241.72021484375,6241.97021484375,2586000
2025-07-09 16:44:00+00:00,6241.9501953125,6242.35009765625,6241.85986328125,6242.0400390625,2880000
2025-07-09 16:45:00+00:00,6241.919921875,6242.85986328125,6241.919921875,6242.0400390625,3181000
2025-07-09 16:46:00+00:00,6243.1201171875,6243.22021484375,6241.72998046875,6241.89013671875,2985000
2025-07-09 16:47:00+00:00,6243.64990234375,6243.85986328125,6242.919921875,6243.06982421875,3477000
2025-07-09 16:48:00+00:00,6244.2099609375,6244.240234375,6243.2900390625,6243.669921875,3012000
2025-07-09 16:49:00+00:00,6243.7998046875,6244.18017578125,6243.41015625,6244.18017578125,3324000
2025-07-09 16:50:00+00:00,6243.68994140625,6243.97021484375,6243.35009765625,6243.740234375,3586000
2025-07-09 16:51:00+00:00,6243.9599609375,6243.9599609375,6242.97021484375,6243.56982421875,4275000
2025-07-09 16:52:00+00:00,6244.3798828125,6244.3798828125,6243.5498046875,6243.9501953125,3874000
2025-07-09 16:53:00+00:00,6244.39013671875,6244.7099609375,6244.39013671875,6244.68994140625,3945000
2025-07-09 16:54:00+00:00,6244.83984375,6244.83984375,6244.14990234375,6244.3798828125,3160000
2025-07-09 16:55:00+00:00,6244.85986328125,6245.22998046875,6244.169921875,6244.91015625,3451000
2025-07-09 16:56:00+00:00,6244.16015625,6244.85009765625,6243.81982421875,6244.830078125,3105000
2025-07-09 16:57:00+00:00,6243.97021484375,6244.4501953125,6243.68994140625,6244.2001953125,2954000
2025-07-09 16:58:00+00:00,6244.08984375,6244.6298828125,6244.009765625,6244.02001953125,2666000
2025-07-09 16:59:00+00:00,6242.6201171875,6244.2099609375,6242.5,6244.10009765625,3589000
2025-07-09 17:00:00+00:00,6241.18994140625,6243.10009765625,6240.8701171875,6242.580078125,3273000
2025-07-09 17:01:00+00:00,6239.47021484375,6241.580078125,6239.08984375,6241.0400390625,4025000
2025-07-09 17:02:00+00:00,6240.669921875,6240.740234375,6239.31982421875,6239.43017578125,4019000
2025-07-09 17:03:00+00:00,6242.02001953125,6242.02001953125,6240.490234375,6240.66015625,3111000
2025-07-09 17:04:00+00:00,6241.41015625,6242.669921875,6241.2099609375,6242.06982421875,3378000
2025-07-09 17:05:00+00:00,6242.490234375,6242.60986328125,6241.259765625,6241.419921875,2580000
2025-07-09 17:06:00+00:00,6243.2900390625,6243.3701171875,6242.2099609375,6242.47998046875,3119000
2025-07-09 17:07:00+00:00,6243.759765625,6243.759765625,6242.81982421875,6243.2998046875,2863000
2025-07-09 17:08:00+00:00,6244.4501953125,6244.4501953125,6243.72998046875,6243.72998046875,3442000
2025-07-09 17:09:00+00:00,6245.0,6245.58984375,6244.10986328125,6244.47998046875,4426000
2025-07-09 17:10:00+00:00,6244.68994140625,6245.169921875,6244.330078125,6245.009765625,3350000
2025-07-09 17:11:00+00:00,6244.330078125,6245.06005859375,6244.25,6244.64990234375,4175000
2025-07-09 17:12:00+00:00,6243.43017578125,6244.6298828125,6243.330078125,6244.35986328125,3137000
2025-07-09 17:13:00+00:00,6243.7001953125,6244.14013671875,6243.27001953125,6243.47021484375,3122000
2025-07-09 17:14:00+00:00,6243.18994140625,6244.0498046875,6243.0,6243.68994140625,4143000
2025-07-09 17:15:00+00:00,6244.2001953125,6244.2001953125,6242.39990234375,6242.52978515625,3838000
2025-07-09 17:16:00+00:00,6245.31982421875,6245.33984375,6243.91015625,6244.25,3273000
2025-07-09 17:17:00+00:00,6245.93017578125,6246.1201171875,6245.14990234375,6245.2099609375,3781000
2025-07-09 17:18:00+00:00,6246.4599609375,6248.169921875,6245.72998046875,6245.93994140625,5952000
2025-07-09 17:19:00+00:00,6247.22021484375,6247.43994140625,6246.41015625,6246.6298828125,3619000
2025-07-09 17:20:00+00:00,6247.31982421875,6247.47998046875,6245.77978515625,6247.2099609375,4649000
2025-07-09 17:21:00+00:00,6246.990234375,6247.2001953125,6245.9599609375,6246.89990234375,4018000
2025-07-09 17:22:00+00:00,6246.60986328125,6247.18017578125,6246.39990234375,6246.93994140625,3176000
2025-07-09 17:23:00+00:00,6246.81005859375,6247.2900390625,6246.06982421875,6246.60986328125,3307000
2025-07-09 17:24:00+00:00,6247.81982421875,6248.009765625,6246.7099609375,6246.77978515625,4644000
2025-07-09 17:25:00+00:00,6248.009765625,6248.3701171875,6247.72998046875,6247.72998046875,4154000
2025-07-09 17:26:00+00:00,6247.259765625,6248.6201171875,6247.169921875,6248.02978515625,3847000
2025-07-09 17:27:00+00:00,6245.080078125,6247.22021484375,6245.080078125,6247.22021484375,4311000
2025-07-09 17:28:00+00:00,6245.52978515625,6245.68994140625,6244.02978515625,6245.0400390625,3547000
2025-07-09 17:29:00+00:00,6245.4599609375,6245.81005859375,6245.43017578125,6245.490234375,3495000
2025-07-09 17:30:00+00:00,6246.3798828125,6246.39013671875,6245.259765625,6245.43994140625,4681000
2025-07-09 17:31:00+00:00,6244.6201171875,6246.3701171875,6244.6201171875,6246.3701171875,3637000
2025-07-09 17:32:00+00:00,6243.240234375,6245.14013671875,6243.2001953125,6244.60009765625,5578000
2025-07-09 17:33:00+00:00,6244.2099609375,6244.2099609375,6242.9501953125,6243.08984375,3403000
2025-07-09 17:34:00+00:00,6244.31005859375,6244.580078125,6244.009765625,6244.14990234375,3157000
2025-07-09 17:35:00+00:00,6245.83984375,6245.83984375,6244.240234375,6244.240234375,3358000
2025-07-09 17:36:00+00:00,6245.5,6246.2998046875,6245.43994140625,6245.85009765625,3770000
2025-07-09 17:37:00+00:00,6245.89990234375,6246.16015625,6245.080078125,6245.43994140625,3986000
2025-07-09 17:38:00+00:00,6246.77001953125,6246.9501953125,6246.10986328125,6246.10986328125,3545000
2025-07-09 17:39:00+00:00,6247.22998046875,6247.22998046875,6246.64990234375,6246.830078125,2840000
2025-07-09 17:40:00+00:00,6247.77978515625,6247.83984375,6247.02001953125,6247.2099609375,3211000
2025-07-09 17:41:00+00:00,6247.68017578125,6247.97998046875,6247.35986328125,6247.830078125,3328000
2025-07-09 17:42:00+00:00,6246.52001953125,6247.740234375,6246.35009765625,6247.64990234375,3247000
2025-07-09 17:43:00+00:00,6245.47998046875,6246.52978515625,6245.1298828125,6246.490234375,4222000
2025-07-09 17:44:00+00:00,6245.68994140625,6245.77978515625,6244.97998046875,6245.5,2837000
2025-07-09 17:45:00+00:00,6245.759765625,6246.52001953125,6245.47998046875,6245.66015625,2810000
2025-07-09 17:46:00+00:00,6244.5,6246.06982421875,6242.9501953125,6245.83984375,6175000
2025-07-09 17:48:00+00:00,6246.47021484375,6246.580078125,6245.6201171875,6245.93017578125,6976000
2025-07-09 17:49:00+00:00,6247.14990234375,6247.39990234375,6246.5,6246.5,3613000
2025-07-09 17:50:00+00:00,6249.39013671875,6249.39013671875,6246.81005859375,6247.16015625,3518000
2025-07-09 17:51:00+00:00,6249.0,6249.41015625,6248.66015625,6249.330078125,3535000
2025-07-09 17:52:00+00:00,6248.81005859375,6249.93994140625,6248.490234375,6249.10986328125,3484000
2025-07-09 17:53:00+00:00,6246.419921875,6248.830078125,6244.14990234375,6248.7998046875,9876000
2025-07-09 17:54:00+00:00,6245.89013671875,6246.52978515625,6244.27001953125,6246.52978515625,5830000
2025-07-09 17:55:00+00:00,6245.3798828125,6245.919921875,6244.2099609375,6245.919921875,4584000
2025-07-09 17:56:00+00:00,6245.9599609375,6246.47021484375,6244.169921875,6245.3798828125,4330000
2025-07-09 17:57:00+00:00,6247.0498046875,6247.14990234375,6245.9599609375,6246.0498046875,4035000
2025-07-09 17:58:00+00:00,6247.31005859375,6247.740234375,6247.10009765625,6247.10009765625,4291000
2025-07-09 17:59:00+00:00,6246.56005859375,6247.81982421875,6246.56005859375,6247.509765625,4464000
2025-07-09 18:00:00+00:00,6248.8701171875,6248.97998046875,6246.16015625,6246.47998046875,4840000
2025-07-09 18:01:00+00:00,6249.009765625,6249.43994140625,6248.89990234375,6248.9501953125,3450000
2025-07-09 18:02:00+00:00,6248.77001953125,6249.27001953125,6248.16015625,6248.97998046875,4268000
2025-07-09 18:03:00+00:00,6249.08984375,6249.25,6248.35009765625,6248.740234375,3884000
2025-07-09 18:04:00+00:00,6249.72998046875,6249.72998046875,6249.10986328125,6249.169921875,3557000
2025-07-09 18:05:00+00:00,6250.56005859375,6250.89990234375,6249.64990234375,6249.75,3893000
2025-07-09 18:06:00+00:00,6251.27978515625,6251.72998046875,6250.6201171875,6250.6201171875,4698000
2025-07-09 18:07:00+00:00,6253.7998046875,6254.3798828125,6251.35009765625,6251.35009765625,4909000
2025-07-09 18:08:00+00:00,6253.56982421875,6254.419921875,6253.5498046875,6253.91015625,5059000
2025-07-09 18:09:00+00:00,6252.7998046875,6253.89013671875,6252.7998046875,6253.18017578125,4584000
2025-07-09 18:10:00+00:00,6253.35986328125,6253.3798828125,6251.7900390625,6252.47021484375,5378000
2025-07-09 18:11:00+00:00,6253.919921875,6253.93017578125,6253.14013671875,6253.43017578125,3664000
2025-07-09 18:12:00+00:00,6253.5400390625,6254.66015625,6253.31005859375,6253.93994140625,3324000
2025-07-09 18:13:00+00:00,6253.10009765625,6253.85009765625,6252.72021484375,6253.490234375,4251000
2025-07-09 18:14:00+00:00,6253.31982421875,6253.669921875,6253.1298828125,6253.1298828125,3507000
2025-07-09 18:15:00+00:00,6252.27001953125,6253.47021484375,6252.27001953125,6253.31982421875,3701000
2025-07-09 18:16:00+00:00,6250.41015625,6252.22998046875,6250.39013671875,6252.18994140625,5159000
2025-07-09 18:17:00+00:00,6250.5,6251.35009765625,6250.22021484375,6250.2900390625,4537000
2025-07-09 18:18:00+00:00,6251.56982421875,6251.75,6250.39013671875,6250.43994140625,3329000
2025-07-09 18:19:00+00:00,6252.10986328125,6252.47998046875,6251.60986328125,6251.64013671875,3368000
2025-07-09 18:20:00+00:00,6250.97021484375,6251.7099609375,6250.77978515625,6251.7099609375,4292000
2025-07-09 18:21:00+00:00,6251.72021484375,6251.81982421875,6249.72998046875,6250.93994140625,4833000
2025-07-09 18:22:00+00:00,6252.14990234375,6252.91015625,6251.72998046875,6251.72998046875,4695000
2025-07-09 18:23:00+00:00,6253.22998046875,6253.3798828125,6252.2001953125,6252.2001953125,3148000
2025-07-09 18:24:00+00:00,6252.16015625,6253.27001953125,6251.97998046875,6253.27001953125,3427000
2025-07-09 18:25:00+00:00,6251.5400390625,6252.72021484375,6251.3798828125,6252.1298828125,4286000
2025-07-09 18:26:00+00:00,6251.91015625,6251.91015625,6250.93994140625,6251.5,3435000
2025-07-09 18:27:00+00:00,6250.97998046875,6252.330078125,6250.9599609375,6251.89990234375,3548000
2025-07-09 18:28:00+00:00,6250.64013671875,6251.2001953125,6250.39990234375,6251.0,3521000
2025-07-09 18:29:00+00:00,6250.740234375,6251.16015625,6250.2099609375,6250.6201171875,3915000
2025-07-09 18:30:00+00:00,6250.97998046875,6251.47021484375,6250.60986328125,6250.60986328125,3701000
2025-07-09 18:31:00+00:00,6252.0,6252.08984375,6250.91015625,6251.0498046875,4321000
2025-07-09 18:32:00+00:00,6252.56005859375,6252.580078125,6251.7900390625,6251.990234375,3505000
2025-07-09 18:33:00+00:00,6252.3798828125,6252.89990234375,6252.3798828125,6252.58984375,3258000
2025-07-09 18:34:00+00:00,6251.72021484375,6252.64990234375,6251.7099609375,6252.41015625,3540000
2025-07-09 18:35:00+00:00,6252.83984375,6252.83984375,6251.490234375,6251.77978515625,3510000
2025-07-09 18:36:00+00:00,6252.580078125,6252.9501953125,6252.39990234375,6252.85986328125,3473000
2025-07-09 18:37:00+00:00,6253.14990234375,6253.31005859375,6252.43994140625,6252.6201171875,2865000
2025-07-09 18:38:00+00:00,6253.68017578125,6253.68994140625,6252.77001953125,6253.14013671875,3943000
2025-07-09 18:39:00+00:00,6253.169921875,6253.93017578125,6253.169921875,6253.669921875,3969000
2025-07-09 18:40:00+00:00,6252.2099609375,6253.2001953125,6251.97998046875,6253.18994140625,4038000
2025-07-09 18:41:00+00:00,6251.72998046875,6252.35009765625,6251.3798828125,6252.240234375,3339000
2025-07-09 18:42:00+00:00,6250.9501953125,6252.080078125,6250.9501953125,6251.68017578125,4236000
2025-07-09 18:43:00+00:00,6250.919921875,6250.990234375,6250.4599609375,6250.9599609375,3864000
2025-07-09 18:44:00+00:00,6251.68017578125,6251.68994140625,6250.68994140625,6250.91015625,3789000
2025-07-09 18:45:00+00:00,6251.2001953125,6251.35009765625,6251.2001953125,6251.33984375,3214000
2025-07-09 18:46:00+00:00,6252.10009765625,6252.14990234375,6251.240234375,6251.240234375,3296000
2025-07-09 18:47:00+00:00,6252.06005859375,6252.490234375,6251.52001953125,6252.2001953125,3199000
2025-07-09 18:48:00+00:00,6251.77978515625,6252.10986328125,6251.490234375,6252.02978515625,3584000
2025-07-09 18:49:00+00:00,6252.10009765625,6252.2001953125,6251.77978515625,6251.81982421875,3251000
2025-07-09 18:50:00+00:00,6252.27001953125,6252.31982421875,6251.81982421875,6252.16015625,3542000
2025-07-09 18:51:00+00:00,6253.31982421875,6253.35986328125,6252.240234375,6252.240234375,3042000
2025-07-09 18:52:00+00:00,6255.0498046875,6255.0498046875,6253.27001953125,6253.33984375,3742000
2025-07-09 18:53:00+00:00,6255.06982421875,6255.31982421875,6254.990234375,6255.16015625,3373000
2025-07-09 18:54:00+00:00,6254.41015625,6255.08984375,6254.41015625,6255.06005859375,4001000
2025-07-09 18:55:00+00:00,6255.27001953125,6255.39013671875,6254.47021484375,6254.47021484375,4024000
2025-07-09 18:56:00+00:00,6256.14013671875,6256.18994140625,6255.06982421875,6255.39013671875,3531000
2025-07-09 18:57:00+00:00,6257.2099609375,6257.2998046875,6256.06982421875,6256.10986328125,4550000
2025-07-09 18:58:00+00:00,6256.5498046875,6257.47021484375,6256.06005859375,6257.31005859375,4144000
2025-07-09 18:59:00+00:00,6256.08984375,6256.68017578125,6255.89990234375,6256.52978515625,3869000
2025-07-09 19:00:00+00:00,6256.64013671875,6256.64013671875,6255.919921875,6256.080078125,4400000
2025-07-09 19:01:00+00:00,6256.89013671875,6257.25,6256.72998046875,6256.72998046875,4754000
2025-07-09 19:02:00+00:00,6256.0498046875,6257.08984375,6256.0498046875,6256.9501953125,4031000
2025-07-09 19:03:00+00:00,6255.9599609375,6256.31982421875,6255.580078125,6256.02978515625,4737000
2025-07-09 19:04:00+00:00,6256.35986328125,6256.4501953125,6255.89013671875,6255.97998046875,3677000
2025-07-09 19:05:00+00:00,6255.14990234375,6256.3798828125,6254.9599609375,6256.2900390625,3955000
2025-07-09 19:06:00+00:00,6255.6201171875,6256.02001953125,6254.9501953125,6255.16015625,4915000
2025-07-09 19:07:00+00:00,6255.18017578125,6255.7900390625,6255.18017578125,6255.56982421875,4382000
2025-07-09 19:08:00+00:00,6254.2900390625,6255.35986328125,6254.2099609375,6255.18994140625,4032000
2025-07-09 19:09:00+00:00,6253.64990234375,6254.60009765625,6253.64990234375,6254.4599609375,4611000
2025-07-09 19:10:00+00:00,6254.169921875,6254.169921875,6253.43017578125,6253.56005859375,6067000
2025-07-09 19:11:00+00:00,6254.009765625,6254.330078125,6254.009765625,6254.10009765625,4264000
2025-07-09 19:12:00+00:00,6253.14013671875,6253.990234375,6253.14013671875,6253.97021484375,4014000
2025-07-09 19:13:00+00:00,6253.60009765625,6253.6201171875,6252.9599609375,6253.10986328125,4696000
2025-07-09 19:14:00+00:00,6253.919921875,6254.240234375,6253.419921875,6253.6201171875,5675000
2025-07-09 19:15:00+00:00,6254.43017578125,6254.740234375,6253.85009765625,6253.919921875,5798000
2025-07-09 19:16:00+00:00,6255.31005859375,6255.31005859375,6254.4501953125,6254.4501953125,5141000
2025-07-09 19:17:00+00:00,6254.759765625,6255.47021484375,6254.66015625,6255.330078125,4126000
2025-07-09 19:18:00+00:00,6255.490234375,6255.490234375,6254.18994140625,6254.68994140625,4516000
2025-07-09 19:19:00+00:00,6256.56982421875,6256.64013671875,6255.52978515625,6255.52978515625,6104000
2025-07-09 19:20:00+00:00,6257.58984375,6257.58984375,6256.41015625,6256.60986328125,5658000
2025-07-09 19:21:00+00:00,6259.330078125,6259.5498046875,6257.5,6257.669921875,7825000
2025-07-09 19:22:00+00:00,6259.68017578125,6259.7099609375,6258.9599609375,6259.39990234375,6231000
2025-07-09 19:23:00+00:00,6258.35986328125,6259.68017578125,6258.0498046875,6259.68017578125,5279000
2025-07-09 19:24:00+00:00,6257.740234375,6258.41015625,6257.27978515625,6258.41015625,5493000
2025-07-09 19:25:00+00:00,6258.419921875,6258.47021484375,6257.7099609375,6257.7099609375,4425000
2025-07-09 19:26:00+00:00,6258.7099609375,6258.9501953125,6258.4599609375,6258.4599609375,4972000
2025-07-09 19:27:00+00:00,6258.259765625,6258.27978515625,6258.259765625,6258.27978515625,5137000
2025-07-09 19:28:00+00:00,6257.5,6258.47998046875,6257.5,6258.27978515625,5388000
2025-07-09 19:29:00+00:00,6257.85009765625,6258.0,6257.52001953125,6257.52001953125,5103000
2025-07-09 19:30:00+00:00,6256.97998046875,6258.0,6256.4501953125,6257.8798828125,7571000
2025-07-09 19:31:00+00:00,6257.419921875,6257.759765625,6256.759765625,6257.0,5986000
2025-07-09 19:32:00+00:00,6257.81982421875,6258.02978515625,6257.259765625,6257.41015625,5525000
2025-07-09 19:33:00+00:00,6257.4599609375,6257.83984375,6257.080078125,6257.83984375,5549000
2025-07-09 19:34:00+00:00,6258.02978515625,6258.2099609375,6257.3798828125,6257.43994140625,10081000
2025-07-09 19:35:00+00:00,6257.5400390625,6258.31005859375,6257.5400390625,6257.97998046875,7961000
2025-07-09 19:36:00+00:00,6257.83984375,6258.02001953125,6257.31005859375,6257.60986328125,8366000
2025-07-09 19:37:00+00:00,6258.9501953125,6258.990234375,6257.759765625,6257.81005859375,5867000
2025-07-09 19:38:00+00:00,6259.1298828125,6259.27001953125,6258.89013671875,6258.97021484375,5736000
2025-07-09 19:39:00+00:00,6259.35009765625,6259.490234375,6258.85009765625,6259.1201171875,6952000
2025-07-09 19:40:00+00:00,6258.9599609375,6259.43017578125,6258.85986328125,6259.35009765625,6606000
2025-07-09 19:41:00+00:00,6258.97998046875,6259.39990234375,6258.97998046875,6259.0,6014000
2025-07-09 19:42:00+00:00,6257.81005859375,6259.0,6257.77978515625,6258.97998046875,6514000
2025-07-09 19:43:00+00:00,6258.2099609375,6258.259765625,6257.580078125,6257.85009765625,6635000
2025-07-09 19:44:00+00:00,6258.990234375,6259.009765625,6258.16015625,6258.2099609375,7412000
2025-07-09 19:45:00+00:00,6258.830078125,6259.10986328125,6258.6201171875,6258.97998046875,8534000
2025-07-09 19:46:00+00:00,6258.6298828125,6258.8701171875,6258.02978515625,6258.7900390625,8830000
2025-07-09 19:47:00+00:00,6258.81005859375,6259.22021484375,6258.5,6258.56005859375,7922000
2025-07-09 19:48:00+00:00,6259.7900390625,6259.7900390625,6258.669921875,6258.7001953125,8347000
2025-07-09 19:49:00+00:00,6260.419921875,6260.509765625,6259.39013671875,6259.7998046875,10577000
2025-07-09 19:50:00+00:00,6257.509765625,6261.259765625,6257.509765625,6260.4501953125,17177000
2025-07-09 19:51:00+00:00,6257.77978515625,6258.85986328125,6257.56005859375,6257.580078125,13583000
2025-07-09 19:52:00+00:00,6257.35009765625,6257.9501953125,6256.75,6257.75,12844000
2025-07-09 19:53:00+00:00,6258.81005859375,6258.81005859375,6257.31005859375,6257.31005859375,15102000
2025-07-09 19:54:00+00:00,6260.27978515625,6261.27001953125,6258.18994140625,6258.830078125,20691000
2025-07-09 19:55:00+00:00,6263.009765625,6263.85009765625,6260.35009765625,6260.35009765625,24018000
2025-07-09 19:56:00+00:00,6260.93017578125,6263.3798828125,6260.5400390625,6263.31982421875,24091000
2025-07-09 19:57:00+00:00,6262.81982421875,6262.81982421875,6260.7900390625,6260.919921875,29549000
2025-07-09 19:58:00+00:00,6262.64990234375,6263.64990234375,6262.64013671875,6263.0498046875,42800000
2025-07-10 13:30:00+00:00,6264.580078125,6267.18994140625,6263.5498046875,6266.7998046875,87409625
2025-07-10 13:31:00+00:00,6261.490234375,6264.580078125,6261.259765625,6264.490234375,17180310
2025-07-10 13:32:00+00:00,6260.2001953125,6262.2099609375,6259.2900390625,6261.31005859375,14436372
2025-07-10 13:33:00+00:00,6259.77001953125,6260.8798828125,6258.4501953125,6260.64990234375,12512455
2025-07-10 13:34:00+00:00,6259.68994140625,6259.7099609375,6257.6201171875,6259.60986328125,11006229
2025-07-10 13:35:00+00:00,6259.41015625,6260.64013671875,6258.02978515625,6259.66015625,11802021
2025-07-10 13:36:00+00:00,6260.02001953125,6260.0400390625,6258.240234375,6259.47021484375,10315304
2025-07-10 13:37:00+00:00,6259.9501953125,6260.330078125,6259.330078125,6259.83984375,8385674
2025-07-10 13:38:00+00:00,6261.759765625,6261.759765625,6259.2900390625,6259.85009765625,9961664
2025-07-10 13:39:00+00:00,6260.02978515625,6261.9599609375,6259.85986328125,6261.93017578125,10404114
2025-07-10 13:40:00+00:00,6258.509765625,6260.1298828125,6258.509765625,6259.97998046875,9329862
2025-07-10 13:41:00+00:00,6258.5,6259.10986328125,6257.5,6258.43994140625,8788075
2025-07-10 13:42:00+00:00,6260.31005859375,6260.47021484375,6258.43017578125,6258.60986328125,8947196
2025-07-10 13:43:00+00:00,6259.93017578125,6260.72021484375,6259.330078125,6259.7900390625,8178326
2025-07-10 13:44:00+00:00,6260.22021484375,6260.52978515625,6259.2001953125,6259.72021484375,8164117
2025-07-10 13:45:00+00:00,6260.490234375,6261.1298828125,6259.9501953125,6260.2001953125,10115407
2025-07-10 13:46:00+00:00,6260.27978515625,6261.25,6259.4599609375,6260.580078125,8153819
2025-07-10 13:47:00+00:00,6261.919921875,6262.10986328125,6260.0400390625,6260.18017578125,7823654
2025-07-10 13:48:00+00:00,6259.169921875,6262.580078125,6259.14013671875,6261.990234375,8872501
2025-07-10 13:49:00+00:00,6257.52001953125,6259.31982421875,6256.58984375,6259.31982421875,8590034
2025-07-10 13:50:00+00:00,6260.02978515625,6260.25,6257.31982421875,6257.56982421875,8504772
2025-07-10 13:51:00+00:00,6260.06982421875,6260.89990234375,6259.66015625,6259.97021484375,8402633
2025-07-10 13:53:00+00:00,6257.60986328125,6257.64013671875,6256.35009765625,6256.669921875,16757176
2025-07-10 13:54:00+00:00,6256.419921875,6257.7099609375,6256.06005859375,6257.68017578125,8665030
2025-07-10 13:55:00+00:00,6257.35009765625,6258.25,6256.10009765625,6256.27001953125,8513368
2025-07-10 13:56:00+00:00,6257.68994140625,6257.72021484375,6256.89013671875,6257.35009765625,8542774
2025-07-10 13:57:00+00:00,6258.169921875,6259.02978515625,6256.85986328125,6257.740234375,10008881
2025-07-10 13:58:00+00:00,6253.919921875,6258.27978515625,6253.91015625,6258.27978515625,10129070
2025-07-10 13:59:00+00:00,6255.9501953125,6256.2099609375,6253.31982421875,6253.93994140625,9619440
2025-07-10 14:00:00+00:00,6253.58984375,6256.4599609375,6253.509765625,6255.85009765625,11329604
2025-07-10 14:01:00+00:00,6253.08984375,6254.68994140625,6252.080078125,6253.47998046875,9274044
2025-07-10 14:02:00+00:00,6255.4501953125,6256.60009765625,6253.18017578125,6253.18017578125,9990745
2025-07-10 14:03:00+00:00,6254.75,6255.6201171875,6254.14990234375,6255.35986328125,9245083
2025-07-10 14:04:00+00:00,6253.91015625,6254.7900390625,6253.27001953125,6254.7900390625,9304797
2025-07-10 14:05:00+00:00,6253.27978515625,6254.0,6252.2099609375,6253.77001953125,9067264
2025-07-10 14:06:00+00:00,6254.14990234375,6254.75,6251.43994140625,6253.330078125,10306315
2025-07-10 14:07:00+00:00,6254.18994140625,6254.18994140625,6252.7099609375,6253.169921875,7827283
2025-07-10 14:08:00+00:00,6256.1298828125,6256.419921875,6254.18994140625,6254.18994140625,8636075
2025-07-10 14:09:00+00:00,6255.97998046875,6256.1298828125,6254.72998046875,6256.1298828125,7608399
2025-07-10 14:10:00+00:00,6258.5498046875,6258.759765625,6256.10009765625,6256.18994140625,7930782
2025-07-10 14:11:00+00:00,6258.77978515625,6259.6201171875,6257.97021484375,6258.509765625,8790200
2025-07-10 14:12:00+00:00,6258.31005859375,6258.7900390625,6256.64013671875,6258.7900390625,7945205
2025-07-10 14:13:00+00:00,6258.56982421875,6258.7900390625,6257.35009765625,6258.4599609375,7480922
2025-07-10 14:14:00+00:00,6258.93994140625,6259.2998046875,6258.240234375,6258.5498046875,7596136
2025-07-10 14:15:00+00:00,6260.60009765625,6260.990234375,6258.97021484375,6258.97021484375,9101286
2025-07-10 14:16:00+00:00,6259.9599609375,6260.8798828125,6259.3701171875,6260.669921875,7303768
2025-07-10 14:17:00+00:00,6261.9599609375,6262.3798828125,6259.85986328125,6259.85986328125,6938933
2025-07-10 14:18:00+00:00,6263.35009765625,6263.990234375,6261.9599609375,6262.02001953125,7515983
2025-07-10 14:19:00+00:00,6263.2099609375,6263.47998046875,6262.85986328125,6263.22998046875,7210360
2025-07-10 14:20:00+00:00,6260.740234375,6263.43017578125,6260.35986328125,6263.08984375,7058068
2025-07-10 14:21:00+00:00,6260.5400390625,6261.1201171875,6259.25,6260.85986328125,7365328
2025-07-10 14:22:00+00:00,6260.89013671875,6261.72021484375,6260.43994140625,6260.56982421875,7518645
2025-07-10 14:23:00+00:00,6259.81005859375,6261.89013671875,6259.81005859375,6260.91015625,6978493
2025-07-10 14:25:00+00:00,6255.330078125,6258.1298828125,6255.18994140625,6258.10009765625,15381081
2025-07-10 14:26:00+00:00,6256.47021484375,6256.7099609375,6254.68017578125,6255.18994140625,6956665
2025-07-10 14:27:00+00:00,6256.77978515625,6257.31982421875,6256.240234375,6256.490234375,7629413
2025-07-10 14:28:00+00:00,6258.580078125,6258.580078125,6255.5498046875,6256.81982421875,8705159
2025-07-10 14:29:00+00:00,6258.75,6258.85986328125,6257.39990234375,6258.419921875,6776064
2025-07-10 14:30:00+00:00,6260.080078125,6260.35009765625,6258.89013671875,6258.89013671875,6784761
2025-07-10 14:31:00+00:00,6260.5498046875,6261.56005859375,6260.2001953125,6260.2001953125,7137266
2025-07-10 14:32:00+00:00,6260.97021484375,6261.169921875,6260.14990234375,6260.7099609375,6899755
2025-07-10 14:33:00+00:00,6262.27001953125,6262.39990234375,6260.91015625,6261.02001953125,6815459
2025-07-10 14:34:00+00:00,6261.66015625,6262.77001953125,6261.41015625,6262.52001953125,6624919
2025-07-10 14:35:00+00:00,6262.3798828125,6263.10986328125,6261.31005859375,6261.85009765625,7090647
2025-07-10 14:36:00+00:00,6263.740234375,6263.77001953125,6262.31005859375,6262.31005859375,7915506
2025-07-10 14:37:00+00:00,6264.6201171875,6264.919921875,6263.81005859375,6263.81005859375,6523416
2025-07-10 14:38:00+00:00,6264.8701171875,6264.8701171875,6263.740234375,6264.66015625,6483188
2025-07-10 14:39:00+00:00,6265.330078125,6265.759765625,6264.6201171875,6264.81982421875,6287189
2025-07-10 14:40:00+00:00,6268.7099609375,6268.7099609375,6266.5498046875,6266.5498046875,7174778
2025-07-10 14:41:00+00:00,6268.81005859375,6269.169921875,6268.490234375,6268.580078125,6757824
2025-07-10 14:42:00+00:00,6269.43017578125,6269.83984375,6268.10986328125,6268.77978515625,7487129
2025-07-10 14:43:00+00:00,6268.7998046875,6269.9501953125,6268.7998046875,6269.47021484375,6676102
2025-07-10 14:44:00+00:00,6269.60009765625,6270.0498046875,6268.56005859375,6268.85986328125,6994761
2025-07-10 14:45:00+00:00,6268.27978515625,6270.330078125,6268.27978515625,6269.60986328125,7089221
2025-07-10 14:46:00+00:00,6268.759765625,6269.16015625,6267.47998046875,6268.27978515625,7256744
2025-07-10 14:47:00+00:00,6269.60986328125,6269.68994140625,6268.18994140625,6268.580078125,7872935
2025-07-10 14:48:00+00:00,6270.5498046875,6270.83984375,6269.43994140625,6269.5,5922664
2025-07-10 14:49:00+00:00,6269.60986328125,6270.490234375,6269.18017578125,6270.490234375,5792926
2025-07-10 14:50:00+00:00,6270.77001953125,6270.77001953125,6269.39990234375,6269.4599609375,5871639
2025-07-10 14:51:00+00:00,6271.490234375,6271.759765625,6270.72998046875,6270.81982421875,5457600
2025-07-10 14:52:00+00:00,6271.4501953125,6271.93994140625,6270.39013671875,6271.47998046875,5156879
2025-07-10 14:53:00+00:00,6272.009765625,6272.47021484375,6271.35009765625,6271.3701171875,5841098
2025-07-10 14:54:00+00:00,6270.97021484375,6272.18994140625,6270.9599609375,6272.0498046875,4957949
2025-07-10 14:55:00+00:00,6270.91015625,6271.81005859375,6270.83984375,6270.990234375,5092462
2025-07-10 14:56:00+00:00,6269.64013671875,6269.8798828125,6269.64013671875,6269.85986328125,5060650
2025-07-10 14:57:00+00:00,6269.39990234375,6270.16015625,6269.169921875,6269.60009765625,5004281
2025-07-10 14:58:00+00:00,6269.4599609375,6269.580078125,6268.4501953125,6269.3701171875,5459187
2025-07-10 14:59:00+00:00,6269.93017578125,6269.93017578125,6269.33984375,6269.6298828125,5096073
2025-07-10 15:00:00+00:00,6270.830078125,6271.39990234375,6269.64013671875,6269.89013671875,7568099
2025-07-10 15:01:00+00:00,6272.33984375,6272.3701171875,6270.60009765625,6270.6298828125,5806374
2025-07-10 15:02:00+00:00,6272.64990234375,6272.85986328125,6271.81005859375,6272.27978515625,5587870
2025-07-10 15:03:00+00:00,6272.47021484375,6272.919921875,6272.330078125,6272.60009765625,5648845
2025-07-10 15:04:00+00:00,6273.27978515625,6273.43017578125,6272.52001953125,6272.52001953125,4310378
2025-07-10 15:05:00+00:00,6273.56005859375,6274.240234375,6273.02001953125,6273.35009765625,5928990
2025-07-10 15:06:00+00:00,6274.080078125,6274.169921875,6273.3798828125,6273.60009765625,5837757
2025-07-10 15:07:00+00:00,6274.16015625,6274.52978515625,6273.740234375,6274.1201171875,4310604
2025-07-10 15:08:00+00:00,6274.8701171875,6274.990234375,6273.5400390625,6274.14990234375,4719841
2025-07-10 15:09:00+00:00,6274.2099609375,6275.16015625,6274.2099609375,6274.8798828125,4608871
2025-07-10 15:10:00+00:00,6272.7998046875,6274.4501953125,6271.83984375,6274.14990234375,5487488
2025-07-10 15:11:00+00:00,6272.85986328125,6273.509765625,6272.330078125,6272.85986328125,5657942
2025-07-10 15:12:00+00:00,6273.47021484375,6273.68994140625,6272.009765625,6272.91015625,7021810
2025-07-10 15:13:00+00:00,6270.97021484375,6273.47998046875,6270.47998046875,6273.47998046875,6536858
2025-07-10 15:14:00+00:00,6272.58984375,6272.58984375,6270.39990234375,6270.77978515625,5618738
2025-07-10 15:15:00+00:00,6273.77978515625,6273.77978515625,6272.7001953125,6272.7001953125,5308996
2025-07-10 15:16:00+00:00,6274.27978515625,6274.52978515625,6273.7900390625,6273.7900390625,5319523
2025-07-10 15:17:00+00:00,6274.64990234375,6274.81005859375,6273.81982421875,6274.18017578125,5645131
2025-07-10 15:18:00+00:00,6274.02001953125,6274.72021484375,6274.02001953125,6274.72021484375,5311041
2025-07-10 15:19:00+00:00,6273.72021484375,6274.08984375,6273.52978515625,6274.0400390625,6210711
2025-07-10 15:20:00+00:00,6271.7099609375,6273.759765625,6271.7099609375,6273.759765625,5919999
2025-07-10 15:21:00+00:00,6273.0498046875,6273.259765625,6271.31005859375,6271.58984375,6591335
2025-07-10 15:22:00+00:00,6272.47998046875,6273.18017578125,6272.08984375,6273.02978515625,6005563
2025-07-10 15:23:00+00:00,6272.919921875,6273.240234375,6271.97021484375,6272.4501953125,5721383
2025-07-10 15:24:00+00:00,6274.31982421875,6274.31982421875,6272.47998046875,6272.83984375,5799626
2025-07-10 15:25:00+00:00,6274.10986328125,6275.06982421875,6274.02001953125,6274.419921875,5905157
2025-07-10 15:26:00+00:00,6275.4501953125,6275.66015625,6274.10009765625,6274.10009765625,5947462
2025-07-10 15:27:00+00:00,6276.47021484375,6276.68017578125,6275.4599609375,6275.4599609375,5891539
2025-07-10 15:28:00+00:00,6276.10009765625,6276.56982421875,6275.77001953125,6276.43994140625,4884652
2025-07-10 15:29:00+00:00,6276.66015625,6276.85009765625,6276.14990234375,6276.14990234375,6242880
2025-07-10 15:30:00+00:00,6277.93994140625,6278.33984375,6276.43994140625,6276.43994140625,5458520
2025-07-10 15:31:00+00:00,6277.3701171875,6278.16015625,6277.3701171875,6277.9599609375,5413790
2025-07-10 15:32:00+00:00,6275.97998046875,6277.66015625,6275.97998046875,6277.2900390625,4890667
2025-07-10 15:33:00+00:00,6276.509765625,6276.66015625,6275.39013671875,6275.97998046875,4681890
2025-07-10 15:34:00+00:00,6275.8798828125,6276.6201171875,6275.8798828125,6276.4501953125,5272659
2025-07-10 15:35:00+00:00,6277.02001953125,6277.18017578125,6275.580078125,6275.85986328125,7845000
2025-07-10 15:36:00+00:00,6277.02978515625,6277.66015625,6276.81982421875,6277.1298828125,4948000
2025-07-10 15:37:00+00:00,6276.5498046875,6277.66015625,6276.47998046875,6277.0498046875,4331000
2025-07-10 15:38:00+00:00,6277.169921875,6277.33984375,6276.52978515625,6276.52978515625,4048000
2025-07-10 15:39:00+00:00,6277.490234375,6277.77001953125,6277.14990234375,6277.14990234375,4227000
2025-07-10 15:40:00+00:00,6276.93994140625,6277.56982421875,6276.6298828125,6277.56982421875,4446000
2025-07-10 15:41:00+00:00,6276.64990234375,6277.3798828125,6276.27978515625,6276.9501953125,3758000
2025-07-10 15:42:00+00:00,6277.64990234375,6277.64990234375,6276.68017578125,6276.68017578125,4133000
2025-07-10 15:43:00+00:00,6278.85986328125,6278.8701171875,6277.58984375,6277.64990234375,4053000
2025-07-10 15:44:00+00:00,6279.27001953125,6279.330078125,6278.2099609375,6278.81005859375,4190000
2025-07-10 15:45:00+00:00,6279.169921875,6279.39013671875,6278.66015625,6279.27001953125,4301000
2025-07-10 15:46:00+00:00,6278.60009765625,6279.4501953125,6278.4599609375,6279.18017578125,6429000
2025-07-10 15:47:00+00:00,6278.85009765625,6279.35009765625,6278.31982421875,6278.490234375,4073000
2025-07-10 15:48:00+00:00,6277.39013671875,6278.81982421875,6277.39013671875,6278.81982421875,5183000
2025-07-10 15:49:00+00:00,6278.0400390625,6278.2998046875,6277.31005859375,6277.3701171875,5025000
2025-07-10 15:50:00+00:00,6278.22021484375,6278.2900390625,6277.27001953125,6278.10009765625,4505000
2025-07-10 15:51:00+00:00,6277.6201171875,6278.330078125,6277.6201171875,6278.18017578125,4604000
2025-07-10 15:52:00+00:00,6278.56005859375,6278.56005859375,6277.47998046875,6277.5400390625,4663000
2025-07-10 15:53:00+00:00,6277.77978515625,6278.56982421875,6277.77978515625,6278.56005859375,4463000
2025-07-10 15:54:00+00:00,6277.580078125,6277.93994140625,6276.93994140625,6277.89990234375,4346000
2025-07-10 15:55:00+00:00,6277.41015625,6277.7099609375,6277.0498046875,6277.5498046875,4783000
2025-07-10 15:56:00+00:00,6278.27978515625,6278.35009765625,6277.2099609375,6277.43994140625,3682000
2025-07-10 15:57:00+00:00,6277.830078125,6278.52001953125,6277.7099609375,6278.259765625,4922000
2025-07-10 15:58:00+00:00,6277.419921875,6278.14990234375,6277.419921875,6277.81982421875,4933000
2025-07-10 15:59:00+00:00,6278.27978515625,6278.330078125,6277.330078125,6277.3701171875,4418000
2025-07-10 16:00:00+00:00,6277.58984375,6278.58984375,6277.39013671875,6278.31982421875,4639000
2025-07-10 16:01:00+00:00,6278.2998046875,6278.3701171875,6277.330078125,6277.7001953125,4476000
2025-07-10 16:02:00+00:00,6277.39990234375,6278.83984375,6277.31982421875,6278.2900390625,4118000
2025-07-10 16:03:00+00:00,6277.3701171875,6277.5,6276.60009765625,6277.43017578125,4662000
2025-07-10 16:04:00+00:00,6277.97021484375,6278.14013671875,6277.39013671875,6277.39013671875,3688000
2025-07-10 16:05:00+00:00,6277.85986328125,6278.16015625,6277.330078125,6278.0,3734000
2025-07-10 16:06:00+00:00,6277.52001953125,6278.31005859375,6277.3701171875,6277.91015625,3964000
2025-07-10 16:07:00+00:00,6278.06982421875,6278.14013671875,6277.2900390625,6277.56005859375,3999000
2025-07-10 16:09:00+00:00,6276.259765625,6277.8798828125,6276.259765625,6277.8798828125,7802000
2025-07-10 16:10:00+00:00,6275.43994140625,6276.81982421875,6275.39990234375,6276.31005859375,4170000
2025-07-10 16:11:00+00:00,6274.7099609375,6275.7998046875,6274.419921875,6275.52001953125,4533000
2025-07-10 16:12:00+00:00,6273.31982421875,6274.75,6272.81982421875,6274.75,5092000
2025-07-10 16:13:00+00:00,6274.009765625,6274.259765625,6272.83984375,6273.2998046875,5073000
2025-07-10 16:14:00+00:00,6273.47021484375,6273.97998046875,6272.490234375,6273.97998046875,4235000
2025-07-10 16:15:00+00:00,6273.52001953125,6273.8701171875,6272.85986328125,6273.4599609375,5358000
2025-07-10 16:16:00+00:00,6272.02978515625,6273.56005859375,6271.93017578125,6273.5498046875,4799000
2025-07-10 16:17:00+00:00,6272.72998046875,6273.02001953125,6271.72998046875,6272.02978515625,4139000
2025-07-10 16:18:00+00:00,6273.97021484375,6274.02978515625,6272.5,6272.66015625,3704000
2025-07-10 16:19:00+00:00,6273.6201171875,6274.18994140625,6273.6201171875,6273.9599609375,4527000
2025-07-10 16:20:00+00:00,6272.6298828125,6273.64013671875,6272.5498046875,6273.64013671875,3744000
2025-07-10 16:21:00+00:00,6273.10009765625,6273.6201171875,6272.60009765625,6272.60009765625,3671000
2025-07-10 16:22:00+00:00,6273.419921875,6273.47998046875,6272.43017578125,6273.10009765625,4264000
2025-07-10 16:23:00+00:00,6274.60986328125,6274.60986328125,6273.10009765625,6273.35009765625,3634000
2025-07-10 16:24:00+00:00,6275.259765625,6275.259765625,6274.3701171875,6274.6201171875,3834000
2025-07-10 16:25:00+00:00,6276.89013671875,6276.89013671875,6275.2001953125,6275.33984375,4815000
2025-07-10 16:26:00+00:00,6276.60009765625,6277.1298828125,6276.2900390625,6276.7998046875,4071000
2025-07-10 16:27:00+00:00,6276.83984375,6277.1298828125,6276.740234375,6276.7998046875,3788000
2025-07-10 16:28:00+00:00,6277.22021484375,6277.35009765625,6276.6201171875,6276.8701171875,3971000
2025-07-10 16:29:00+00:00,6277.06005859375,6277.58984375,6276.89990234375,6277.18994140625,3865000
2025-07-10 16:30:00+00:00,6276.64013671875,6277.31982421875,6276.14990234375,6277.0400390625,3584000
2025-07-10 16:31:00+00:00,6277.85009765625,6278.16015625,6276.66015625,6276.66015625,3550000
2025-07-10 16:32:00+00:00,6276.97021484375,6277.93994140625,6276.97021484375,6277.8798828125,3006000
2025-07-10 16:33:00+00:00,6276.509765625,6276.9599609375,6275.89013671875,6276.93994140625,3143000
2025-07-10 16:34:00+00:00,6276.06982421875,6276.52001953125,6275.8701171875,6276.52001953125,3509000
2025-07-10 16:35:00+00:00,6274.14013671875,6276.10009765625,6274.009765625,6276.08984375,4320000
2025-07-10 16:36:00+00:00,6275.2001953125,6275.3798828125,6274.06005859375,6274.080078125,3964000
2025-07-10 16:37:00+00:00,6276.259765625,6276.27978515625,6275.10986328125,6275.14013671875,3580000
2025-07-10 16:38:00+00:00,6275.509765625,6276.47021484375,6275.330078125,6276.18017578125,3555000
2025-07-10 16:39:00+00:00,6277.009765625,6277.0498046875,6275.419921875,6275.419921875,3205000
2025-07-10 16:40:00+00:00,6277.740234375,6277.740234375,6277.009765625,6277.009765625,3588000
2025-07-10 16:41:00+00:00,6278.2900390625,6278.2900390625,6277.7900390625,6277.7998046875,3531000
2025-07-10 16:42:00+00:00,6278.8798828125,6278.93994140625,6278.25,6278.2998046875,3364000
2025-07-10 16:43:00+00:00,6277.669921875,6279.1298828125,6277.47998046875,6278.89013671875,4103000
2025-07-10 16:44:00+00:00,6278.27978515625,6278.31982421875,6277.64990234375,6277.77978515625,3550000
2025-07-10 16:45:00+00:00,6277.7998046875,6278.2998046875,6277.4599609375,6278.259765625,4065000
2025-07-10 16:46:00+00:00,6277.25,6277.75,6277.0,6277.75,3258000
2025-07-10 16:47:00+00:00,6277.10009765625,6277.419921875,6277.02001953125,6277.240234375,3210000
2025-07-10 16:48:00+00:00,6276.56982421875,6277.22998046875,6276.16015625,6277.169921875,3716000
2025-07-10 16:49:00+00:00,6276.16015625,6276.56982421875,6275.89013671875,6276.56982421875,3136000
2025-07-10 16:51:00+00:00,6277.4501953125,6277.66015625,6277.3798828125,6277.6201171875,7362000
2025-07-10 16:52:00+00:00,6276.7099609375,6277.33984375,6276.47021484375,6277.33984375,3004000
2025-07-10 16:53:00+00:00,6276.83984375,6277.43994140625,6276.52978515625,6276.7099609375,3021000
2025-07-10 16:54:00+00:00,6277.58984375,6277.72998046875,6276.830078125,6276.830078125,2956000
2025-07-10 16:55:00+00:00,6277.6201171875,6277.64990234375,6277.1201171875,6277.509765625,3252000
2025-07-10 16:56:00+00:00,6278.2099609375,6278.64990234375,6277.41015625,6277.6201171875,3984000
2025-07-10 16:57:00+00:00,6278.4501953125,6278.5498046875,6278.009765625,6278.14013671875,3825000
2025-07-10 16:58:00+00:00,6277.7900390625,6278.47998046875,6277.4599609375,6278.2998046875,3355000
2025-07-10 16:59:00+00:00,6276.60986328125,6278.06005859375,6276.47021484375,6277.759765625,3325000
2025-07-10 17:00:00+00:00,6277.990234375,6278.08984375,6276.580078125,6276.68994140625,3756000
2025-07-10 17:01:00+00:00,6279.2900390625,6279.85986328125,6278.10986328125,6278.16015625,4248000
2025-07-10 17:02:00+00:00,6278.3701171875,6279.64990234375,6278.3701171875,6279.22998046875,4244000
2025-07-10 17:03:00+00:00,6278.5400390625,6278.5400390625,6277.81005859375,6278.35986328125,3064000
2025-07-10 17:04:00+00:00,6279.31005859375,6279.31005859375,6277.89990234375,6278.5498046875,3706000
2025-07-10 17:05:00+00:00,6279.39013671875,6279.47998046875,6279.14990234375,6279.31982421875,1034000
2025-07-10 17:06:00+00:00,6280.009765625,6280.43017578125,6279.93994140625,6280.43017578125,5975000
2025-07-10 17:07:00+00:00,6279.5,6280.0,6279.33984375,6280.0,3437000
2025-07-10 17:08:00+00:00,6279.669921875,6279.669921875,6279.08984375,6279.47998046875,2975000
2025-07-10 17:09:00+00:00,6280.08984375,6280.5498046875,6279.68017578125,6279.68017578125,4030000
2025-07-10 17:10:00+00:00,6280.9501953125,6280.9599609375,6279.93994140625,6280.02001953125,3152000
2025-07-10 17:11:00+00:00,6281.580078125,6281.97998046875,6280.97998046875,6280.990234375,3783000
2025-07-10 17:12:00+00:00,6281.25,6281.58984375,6281.1201171875,6281.58984375,3671000
2025-07-10 17:13:00+00:00,6280.7099609375,6281.14990234375,6280.66015625,6281.14990234375,4054000
2025-07-10 17:14:00+00:00,6280.81005859375,6281.39013671875,6280.64013671875,6280.66015625,3121000
2025-07-10 17:15:00+00:00,6280.4599609375,6280.93994140625,6280.16015625,6280.85986328125,3488000
2025-07-10 17:16:00+00:00,6279.91015625,6280.64990234375,6279.72998046875,6280.52001953125,4340000
2025-07-10 17:18:00+00:00,6281.259765625,6281.43017578125,6280.16015625,6280.240234375,7264000
2025-07-10 17:19:00+00:00,6282.240234375,6282.240234375,6281.22998046875,6281.22998046875,4342000
2025-07-10 17:20:00+00:00,6282.10009765625,6282.89013671875,6281.72998046875,6282.27001953125,3795000
2025-07-10 17:21:00+00:00,6282.2099609375,6282.3798828125,6281.5400390625,6282.0498046875,2852000
2025-07-10 17:22:00+00:00,6282.35986328125,6282.509765625,6281.919921875,6282.31005859375,3431000
2025-07-10 17:23:00+00:00,6281.7900390625,6282.56982421875,6281.64013671875,6282.3798828125,3144000
2025-07-10 17:24:00+00:00,6283.33984375,6283.43994140625,6281.72021484375,6281.81005859375,4196000
2025-07-10 17:25:00+00:00,6283.35986328125,6283.43994140625,6283.10009765625,6283.2998046875,3945000
2025-07-10 17:26:00+00:00,6283.47021484375,6283.77001953125,6283.10009765625,6283.2998046875,5450000
2025-07-10 17:27:00+00:00,6282.8701171875,6284.02978515625,6282.75,6283.509765625,3949000
2025-07-10 17:28:00+00:00,6282.97998046875,6283.68994140625,6282.89990234375,6282.89990234375,4259000
2025-07-10 17:29:00+00:00,6282.60009765625,6283.3798828125,6282.4599609375,6282.9599609375,4220000
2025-07-10 17:30:00+00:00,6283.85009765625,6283.8701171875,6282.6201171875,6282.64013671875,3423000
2025-07-10 17:31:00+00:00,6283.68017578125,6283.9599609375,6283.2998046875,6283.85009765625,3859000
2025-07-10 17:32:00+00:00,6285.2998046875,6285.2998046875,6283.66015625,6283.66015625,3739000
2025-07-10 17:33:00+00:00,6284.89013671875,6285.41015625,6284.72021484375,6285.31005859375,3442000
2025-07-10 17:34:00+00:00,6285.47021484375,6285.6201171875,6284.6201171875,6284.91015625,3335000
2025-07-10 17:35:00+00:00,6284.64013671875,6285.740234375,6284.419921875,6285.47021484375,4749000
2025-07-10 17:36:00+00:00,6284.669921875,6284.7900390625,6284.06005859375,6284.6298828125,4306000
2025-07-10 17:37:00+00:00,6284.77001953125,6285.3701171875,6284.68994140625,6284.68994140625,3979000
2025-07-10 17:38:00+00:00,6285.43017578125,6285.43017578125,6284.85009765625,6284.93994140625,3637000
2025-07-10 17:39:00+00:00,6284.8798828125,6285.68017578125,6284.83984375,6285.3798828125,4857000
2025-07-10 17:40:00+00:00,6285.1201171875,6285.1201171875,6284.56982421875,6284.7998046875,5474000
2025-07-10 17:41:00+00:00,6285.35986328125,6285.41015625,6284.91015625,6285.06982421875,3606000
2025-07-10 17:42:00+00:00,6285.9501953125,6286.02001953125,6285.27978515625,6285.330078125,3221000
2025-07-10 17:43:00+00:00,6285.5,6285.97998046875,6285.16015625,6285.89990234375,3428000
2025-07-10 17:44:00+00:00,6285.3798828125,6285.919921875,6285.330078125,6285.419921875,3144000
2025-07-10 17:45:00+00:00,6285.259765625,6285.740234375,6285.2099609375,6285.39013671875,3083000
2025-07-10 17:46:00+00:00,6284.240234375,6285.25,6284.240234375,6285.22021484375,3804000
2025-07-10 17:47:00+00:00,6283.89990234375,6284.27001953125,6283.64990234375,6284.27001953125,3577000
2025-07-10 17:48:00+00:00,6284.66015625,6284.830078125,6283.89013671875,6283.89013671875,3637000
2025-07-10 17:49:00+00:00,6285.02001953125,6285.33984375,6284.56982421875,6284.68017578125,3240000
2025-07-10 17:50:00+00:00,6285.43017578125,6285.6298828125,6284.919921875,6285.02978515625,3739000
2025-07-10 17:51:00+00:00,6286.27978515625,6286.31982421875,6285.39013671875,6285.39013671875,3429000
2025-07-10 17:52:00+00:00,6286.330078125,6286.68017578125,6286.10009765625,6286.25,3370000
2025-07-10 17:53:00+00:00,6287.330078125,6287.419921875,6286.1201171875,6286.3701171875,3449000
2025-07-10 17:54:00+00:00,6288.56982421875,6288.740234375,6287.27001953125,6287.33984375,4124000
2025-07-10 17:55:00+00:00,6288.72021484375,6289.0400390625,6288.580078125,6288.58984375,3599000
2025-07-10 17:56:00+00:00,6288.68994140625,6288.91015625,6288.580078125,6288.81005859375,3281000
2025-07-10 17:57:00+00:00,6288.2001953125,6288.77001953125,6287.7099609375,6288.66015625,4124000
2025-07-10 17:58:00+00:00,6288.22021484375,6288.64990234375,6288.18994140625,6288.22021484375,3324000
2025-07-10 17:59:00+00:00,6287.22021484375,6288.18017578125,6287.02978515625,6288.14013671875,3699000
2025-07-10 18:00:00+00:00,6287.06005859375,6287.7001953125,6287.0,6287.22998046875,4338000
2025-07-10 18:01:00+00:00,6286.66015625,6287.41015625,6286.41015625,6287.06005859375,3869000
2025-07-10 18:02:00+00:00,6287.7001953125,6287.7099609375,6286.6298828125,6286.6298828125,4694000
2025-07-10 18:03:00+00:00,6287.93994140625,6288.330078125,6287.68017578125,6287.72998046875,3942000
2025-07-10 18:04:00+00:00,6287.5,6288.259765625,6287.14990234375,6287.97021484375,3689000
2025-07-10 18:05:00+00:00,6287.2998046875,6287.9599609375,6287.18994140625,6287.47998046875,5438000
2025-07-10 18:06:00+00:00,6288.1298828125,6288.1298828125,6287.2001953125,6287.27978515625,4208000
2025-07-10 18:07:00+00:00,6288.22021484375,6289.009765625,6287.990234375,6288.35986328125,5447000
2025-07-10 18:08:00+00:00,6288.22021484375,6288.56005859375,6288.06982421875,6288.16015625,4789000
2025-07-10 18:09:00+00:00,6287.919921875,6288.27001953125,6287.89990234375,6288.16015625,3900000
2025-07-10 18:10:00+00:00,6287.89990234375,6288.169921875,6287.64013671875,6287.89990234375,3543000
2025-07-10 18:11:00+00:00,6288.0498046875,6288.18994140625,6287.3798828125,6287.64013671875,3854000
2025-07-10 18:12:00+00:00,6287.47021484375,6288.31982421875,6287.31005859375,6288.06982421875,4186000
2025-07-10 18:13:00+00:00,6287.81005859375,6287.91015625,6287.39013671875,6287.43994140625,3819000
2025-07-10 18:14:00+00:00,6287.75,6288.31005859375,6287.75,6287.83984375,3888000
2025-07-10 18:15:00+00:00,6288.08984375,6288.08984375,6287.22998046875,6287.68994140625,4192000
2025-07-10 18:16:00+00:00,6287.990234375,6288.60009765625,6287.97021484375,6288.0400390625,3818000
2025-07-10 18:17:00+00:00,6288.89013671875,6288.89013671875,6288.02001953125,6288.02001953125,3423000
2025-07-10 18:18:00+00:00,6289.31005859375,6289.31005859375,6288.85986328125,6288.93994140625,3418000
2025-07-10 18:19:00+00:00,6289.10986328125,6289.64013671875,6289.0400390625,6289.27001953125,3529000
2025-07-10 18:20:00+00:00,6289.2900390625,6289.2900390625,6288.60986328125,6289.14990234375,4388000
2025-07-10 18:21:00+00:00,6289.35009765625,6289.669921875,6289.2099609375,6289.2099609375,6054000
2025-07-10 18:22:00+00:00,6289.5,6290.22021484375,6289.5,6289.8701171875,3807000
2025-07-10 18:23:00+00:00,6289.2998046875,6289.68994140625,6289.2998046875,6289.5,4626000
2025-07-10 18:24:00+00:00,6288.669921875,6289.47021484375,6288.580078125,6289.259765625,4210000
2025-07-10 18:25:00+00:00,6288.6298828125,6288.93017578125,6288.2001953125,6288.68994140625,4261000
2025-07-10 18:26:00+00:00,6289.02001953125,6289.14013671875,6288.58984375,6288.58984375,3850000
2025-07-10 18:27:00+00:00,6288.41015625,6289.22021484375,6288.31005859375,6289.02001953125,4761000
2025-07-10 18:28:00+00:00,6288.10009765625,6288.77001953125,6288.10009765625,6288.39990234375,4051000
2025-07-10 18:29:00+00:00,6287.68017578125,6288.02978515625,6287.64013671875,6288.02978515625,3753000
2025-07-10 18:30:00+00:00,6287.89990234375,6288.08984375,6287.6298828125,6287.669921875,3764000
2025-07-10 18:31:00+00:00,6287.9501953125,6288.10009765625,6287.5,6287.919921875,4621000
2025-07-10 18:32:00+00:00,6285.8701171875,6287.91015625,6285.7998046875,6287.91015625,6051000
2025-07-10 18:33:00+00:00,6286.3701171875,6286.8798828125,6285.72021484375,6285.81982421875,4585000
2025-07-10 18:34:00+00:00,6285.91015625,6286.56005859375,6285.60986328125,6286.31005859375,4058000
2025-07-10 18:35:00+00:00,6285.81982421875,6286.10986328125,6285.39990234375,6285.8798828125,5098000
2025-07-10 18:36:00+00:00,6285.18017578125,6286.080078125,6285.080078125,6285.7998046875,4646000
2025-07-10 18:37:00+00:00,6286.02978515625,6286.14990234375,6285.1298828125,6285.240234375,4102000
2025-07-10 18:38:00+00:00,6285.39990234375,6286.08984375,6285.39990234375,6286.0400390625,3607000
2025-07-10 18:39:00+00:00,6285.41015625,6285.5,6285.14990234375,6285.33984375,4424000
2025-07-10 18:40:00+00:00,6286.22998046875,6286.39990234375,6285.02978515625,6285.35986328125,4402000
2025-07-10 18:41:00+00:00,6286.35986328125,6286.7099609375,6286.18994140625,6286.240234375,3403000
2025-07-10 18:42:00+00:00,6285.97021484375,6286.41015625,6285.740234375,6286.3701171875,5865000
2025-07-10 18:43:00+00:00,6285.60986328125,6286.1298828125,6285.419921875,6286.009765625,3311000
2025-07-10 18:44:00+00:00,6285.080078125,6285.66015625,6284.919921875,6285.66015625,3733000
2025-07-10 18:45:00+00:00,6284.4501953125,6285.56005859375,6284.3701171875,6285.08984375,4088000
2025-07-10 18:46:00+00:00,6284.93994140625,6285.25,6284.27978515625,6284.47021484375,4194000
2025-07-10 18:47:00+00:00,6285.56005859375,6285.68994140625,6284.81982421875,6284.81982421875,5185000
2025-07-10 18:48:00+00:00,6284.7099609375,6285.68017578125,6284.5498046875,6285.5,5042000
2025-07-10 18:49:00+00:00,6284.77978515625,6284.990234375,6284.5498046875,6284.72998046875,3841000
2025-07-10 18:50:00+00:00,6283.919921875,6284.8798828125,6283.919921875,6284.7900390625,3524000
2025-07-10 18:51:00+00:00,6284.18994140625,6284.27001953125,6283.83984375,6283.8701171875,4498000
2025-07-10 18:52:00+00:00,6283.47998046875,6284.18994140625,6283.4599609375,6284.14990234375,4082000
2025-07-10 18:53:00+00:00,6282.93994140625,6283.47998046875,6282.81005859375,6283.47998046875,3662000
2025-07-10 18:54:00+00:00,6283.60009765625,6283.91015625,6282.8798828125,6282.9599609375,4487000
2025-07-10 18:55:00+00:00,6283.10009765625,6283.8798828125,6282.72998046875,6283.7099609375,5003000
2025-07-10 18:56:00+00:00,6282.81982421875,6283.5,6282.81982421875,6283.0498046875,3778000
2025-07-10 18:57:00+00:00,6283.39990234375,6283.4501953125,6282.68017578125,6282.81982421875,3555000
2025-07-10 18:58:00+00:00,6284.10986328125,6284.14013671875,6283.10986328125,6283.39013671875,4918000
2025-07-10 18:59:00+00:00,6283.89013671875,6284.27978515625,6283.77978515625,6284.169921875,4576000
2025-07-10 19:00:00+00:00,6284.6201171875,6284.6201171875,6283.330078125,6283.91015625,5269000
2025-07-10 19:01:00+00:00,6283.5400390625,6284.85009765625,6283.5400390625,6284.56005859375,4838000
2025-07-10 19:02:00+00:00,6284.66015625,6284.66015625,6283.39990234375,6283.52978515625,4767000
2025-07-10 19:03:00+00:00,6285.3701171875,6285.3701171875,6284.5,6284.669921875,3810000
2025-07-10 19:04:00+00:00,6284.830078125,6285.39990234375,6284.56005859375,6285.330078125,4236000
2025-07-10 19:05:00+00:00,6284.259765625,6285.6298828125,6284.0498046875,6284.81005859375,4183000
2025-07-10 19:06:00+00:00,6284.41015625,6284.68017578125,6284.0,6284.3701171875,4007000
2025-07-10 19:07:00+00:00,6284.7998046875,6285.0,6284.35009765625,6284.35009765625,4950000
2025-07-10 19:08:00+00:00,6285.22021484375,6285.22021484375,6284.75,6284.759765625,4222000
2025-07-10 19:09:00+00:00,6286.080078125,6286.10986328125,6285.22021484375,6285.22021484375,4339000
2025-07-10 19:10:00+00:00,6286.3798828125,6286.6201171875,6285.6298828125,6286.06982421875,4729000
2025-07-10 19:11:00+00:00,6285.919921875,6286.33984375,6285.7001953125,6286.33984375,4315000
2025-07-10 19:12:00+00:00,6285.47021484375,6285.8701171875,6285.02001953125,6285.8701171875,4164000
2025-07-10 19:13:00+00:00,6285.5400390625,6285.759765625,6285.2900390625,6285.509765625,4476000
2025-07-10 19:14:00+00:00,6285.89990234375,6286.0,6285.52978515625,6285.52978515625,4259000
2025-07-10 19:15:00+00:00,6285.7099609375,6286.06982421875,6285.10009765625,6285.85009765625,5628000
2025-07-10 19:16:00+00:00,6285.4501953125,6286.35009765625,6285.4501953125,6285.81982421875,5383000
2025-07-10 19:17:00+00:00,6286.47021484375,6286.47998046875,6285.56005859375,6285.56005859375,4961000
2025-07-10 19:18:00+00:00,6286.669921875,6286.7900390625,6286.3798828125,6286.52001953125,4750000
2025-07-10 19:19:00+00:00,6286.3701171875,6286.85009765625,6286.22998046875,6286.7099609375,5622000
2025-07-10 19:20:00+00:00,6286.85009765625,6287.1298828125,6286.2900390625,6286.41015625,5591000
2025-07-10 19:21:00+00:00,6285.9599609375,6286.89013671875,6285.9599609375,6286.89013671875,4868000
2025-07-10 19:22:00+00:00,6285.85009765625,6286.22998046875,6285.740234375,6286.02001953125,5578000
2025-07-10 19:23:00+00:00,6285.81005859375,6285.83984375,6285.3701171875,6285.830078125,5133000
2025-07-10 19:24:00+00:00,6285.02001953125,6285.89013671875,6284.89013671875,6285.77978515625,5398000
2025-07-10 19:25:00+00:00,6285.259765625,6285.89990234375,6284.97021484375,6285.0,5640000
2025-07-10 19:26:00+00:00,6284.93994140625,6285.60986328125,6284.919921875,6285.27001953125,5042000
2025-07-10 19:27:00+00:00,6284.08984375,6285.41015625,6283.89990234375,6284.9599609375,6745000
2025-07-10 19:28:00+00:00,6282.89013671875,6284.14990234375,6282.77001953125,6284.10986328125,5780000
2025-07-10 19:29:00+00:00,6283.490234375,6283.7900390625,6282.85986328125,6282.85986328125,5410000
2025-07-10 19:30:00+00:00,6283.669921875,6284.759765625,6283.43994140625,6283.43994140625,8050000
2025-07-10 19:31:00+00:00,6283.60986328125,6284.22998046875,6283.35009765625,6283.68994140625,6616000
2025-07-10 19:32:00+00:00,6284.4501953125,6284.5400390625,6283.5400390625,6283.56982421875,5866000
2025-07-10 19:33:00+00:00,6285.35009765625,6285.3798828125,6284.35009765625,6284.509765625,5865000
2025-07-10 19:34:00+00:00,6285.509765625,6285.72021484375,6285.240234375,6285.35009765625,5935000
2025-07-10 19:35:00+00:00,6286.0498046875,6286.2900390625,6285.56982421875,6285.580078125,6568000
2025-07-10 19:36:00+00:00,6285.81005859375,6286.06982421875,6285.43994140625,6286.0,6753000
2025-07-10 19:37:00+00:00,6285.47021484375,6286.08984375,6285.419921875,6285.93017578125,5980000
2025-07-10 19:38:00+00:00,6285.25,6285.669921875,6285.25,6285.509765625,6366000
2025-07-10 19:39:00+00:00,6286.0400390625,6286.080078125,6285.08984375,6285.2998046875,7373000
2025-07-10 19:40:00+00:00,6286.85009765625,6286.85009765625,6285.9599609375,6286.080078125,7146000
2025-07-10 19:41:00+00:00,6286.83984375,6287.60009765625,6286.81982421875,6286.81982421875,7149000
2025-07-10 19:42:00+00:00,6287.0,6287.0,6286.419921875,6286.81982421875,7369000
2025-07-10 19:43:00+00:00,6287.35986328125,6287.419921875,6286.759765625,6286.990234375,7447000
2025-07-10 19:44:00+00:00,6286.35009765625,6287.85009765625,6286.27978515625,6287.41015625,7563000
2025-07-10 19:45:00+00:00,6285.93017578125,6286.64013671875,6285.81982421875,6286.3798828125,9356000
2025-07-10 19:46:00+00:00,6283.47021484375,6285.77978515625,6283.47021484375,6285.77978515625,9670000
2025-07-10 19:47:00+00:00,6283.10986328125,6284.1298828125,6283.10986328125,6283.52978515625,9431000
2025-07-10 19:48:00+00:00,6283.35986328125,6283.35986328125,6281.93994140625,6283.06982421875,8895000
2025-07-10 19:49:00+00:00,6283.0498046875,6283.14013671875,6281.97998046875,6283.14013671875,10182000
2025-07-10 19:50:00+00:00,6280.7099609375,6283.0,6279.5,6283.0,18909000
2025-07-10 19:51:00+00:00,6276.7099609375,6280.66015625,6276.64013671875,6280.66015625,14858000
2025-07-10 19:52:00+00:00,6274.89990234375,6276.77978515625,6274.08984375,6276.77978515625,13914000
2025-07-10 19:53:00+00:00,6275.47998046875,6277.14990234375,6274.8701171875,6274.9599609375,16234000
2025-07-10 19:54:00+00:00,6276.66015625,6277.75,6274.5400390625,6275.41015625,20124000
2025-07-10 19:55:00+00:00,6277.93017578125,6279.419921875,6276.7099609375,6276.83984375,25832000
2025-07-10 19:56:00+00:00,6279.06982421875,6279.06982421875,6277.89013671875,6277.89013671875,23559000
2025-07-10 19:57:00+00:00,6279.3798828125,6279.669921875,6278.6298828125,6279.009765625,28189000
2025-07-10 19:58:00+00:00,6279.77978515625,6280.47021484375,6278.72021484375,6279.4501953125,45026000
2025-07-10 19:59:00+00:00,6280.14013671875,6280.75,6278.52001953125,6279.7998046875,75298000
2025-07-11 13:30:00+00:00,6253.97021484375,6256.580078125,6249.5,6255.68017578125,63905251
2025-07-11 13:31:00+00:00,6251.5,6253.990234375,6251.2900390625,6253.990234375,12529755
2025-07-11 13:32:00+00:00,6249.27978515625,6250.81982421875,6248.9501953125,6250.81982421875,13374294
2025-07-11 13:33:00+00:00,6248.35986328125,6249.72021484375,6247.47021484375,6249.39990234375,10421858
2025-07-11 13:34:00+00:00,6247.93994140625,6249.169921875,6247.22021484375,6248.35986328125,8646901
2025-07-11 13:35:00+00:00,6247.18994140625,6248.259765625,6244.990234375,6247.990234375,9230590
2025-07-11 13:36:00+00:00,6247.89990234375,6247.89990234375,6246.4501953125,6247.14990234375,7484623
2025-07-11 13:37:00+00:00,6244.669921875,6247.72998046875,6244.5498046875,6247.72998046875,8364126
2025-07-11 13:38:00+00:00,6243.68017578125,6245.10009765625,6243.25,6244.68017578125,7481771
2025-07-11 13:39:00+00:00,6244.91015625,6244.91015625,6242.25,6243.60009765625,8367453
2025-07-11 13:40:00+00:00,6242.47998046875,6244.919921875,6242.43994140625,6244.81982421875,8120432
2025-07-11 13:41:00+00:00,6242.9501953125,6242.9501953125,6240.66015625,6242.240234375,7483656
2025-07-11 13:43:00+00:00,6240.0,6240.58984375,6239.33984375,6240.0498046875,15048307
2025-07-11 13:44:00+00:00,6240.06005859375,6241.3798828125,6239.77978515625,6240.06005859375,6482776
2025-07-11 13:45:00+00:00,6240.14990234375,6240.68017578125,6237.60009765625,6240.2099609375,8054604
2025-07-11 13:46:00+00:00,6239.81005859375,6240.2099609375,6237.60009765625,6240.2099609375,8213057
2025-07-11 13:47:00+00:00,6241.35986328125,6241.7099609375,6238.68994140625,6239.7998046875,6832296
2025-07-11 13:48:00+00:00,6246.56982421875,6246.7998046875,6240.83984375,6241.43017578125,8909954
2025-07-11 13:49:00+00:00,6248.18017578125,6248.72998046875,6245.85986328125,6246.4599609375,7233239
2025-07-11 13:50:00+00:00,6249.41015625,6249.990234375,6247.3798828125,6248.18994140625,8951735
2025-07-11 13:51:00+00:00,6248.52978515625,6249.3798828125,6247.31982421875,6249.3798828125,7685174
2025-07-11 13:52:00+00:00,6249.0,6249.8798828125,6247.77001953125,6248.60009765625,6811746
2025-07-11 13:53:00+00:00,6247.89990234375,6250.5400390625,6247.85986328125,6249.02001953125,6735125
2025-07-11 13:54:00+00:00,6248.31005859375,6248.759765625,6247.68994140625,6248.06005859375,6367112
2025-07-11 13:55:00+00:00,6250.7998046875,6250.83984375,6247.47998046875,6248.22021484375,5713839
2025-07-11 13:56:00+00:00,6252.58984375,6252.60986328125,6250.7998046875,6250.7998046875,6054441
2025-07-11 13:57:00+00:00,6252.56982421875,6254.10986328125,6252.3798828125,6252.6201171875,6826131
2025-07-11 13:58:00+00:00,6253.43017578125,6253.7900390625,6252.3701171875,6252.509765625,6546217
2025-07-11 13:59:00+00:00,6254.009765625,6254.8798828125,6253.4501953125,6253.4501953125,6422932
2025-07-11 14:00:00+00:00,6253.8798828125,6254.490234375,6252.8798828125,6254.2099609375,9124147
2025-07-11 14:01:00+00:00,6253.25,6253.759765625,6252.66015625,6252.7001953125,8350733
2025-07-11 14:02:00+00:00,6252.41015625,6253.72998046875,6251.990234375,6253.18994140625,6825094
2025-07-11 14:03:00+00:00,6253.31005859375,6253.68017578125,6252.4501953125,6252.4501953125,6983862
2025-07-11 14:04:00+00:00,6253.64990234375,6254.22998046875,6253.240234375,6253.3701171875,6556500
2025-07-11 14:05:00+00:00,6254.669921875,6254.740234375,6252.7900390625,6253.72998046875,6843634
2025-07-11 14:06:00+00:00,6253.9599609375,6255.31005859375,6253.5,6254.740234375,6762624
2025-07-11 14:07:00+00:00,6256.490234375,6256.60986328125,6253.83984375,6254.06005859375,7459798
2025-07-11 14:08:00+00:00,6254.0,6256.669921875,6253.89990234375,6256.669921875,7119307
2025-07-11 14:09:00+00:00,6253.2998046875,6254.06982421875,6252.68017578125,6254.06982421875,5275494
2025-07-11 14:10:00+00:00,6254.2900390625,6254.2900390625,6251.8798828125,6253.27001953125,6207804
2025-07-11 14:11:00+00:00,6253.85986328125,6254.39013671875,6253.52978515625,6254.259765625,6997539
2025-07-11 14:12:00+00:00,6253.81005859375,6254.02978515625,6253.3701171875,6253.64990234375,6703948
2025-07-11 14:13:00+00:00,6255.6298828125,6256.47998046875,6253.9501953125,6253.9501953125,6142104
2025-07-11 14:14:00+00:00,6257.43017578125,6257.4501953125,6255.490234375,6255.68994140625,6150800
2025-07-11 14:15:00+00:00,6256.7001953125,6257.39990234375,6255.830078125,6257.39990234375,6683516
2025-07-11 14:16:00+00:00,6258.35009765625,6259.06005859375,6256.27978515625,6256.5498046875,6219956
2025-07-11 14:17:00+00:00,6258.33984375,6259.080078125,6258.02978515625,6258.52001953125,6296339
2025-07-11 14:18:00+00:00,6257.72021484375,6258.72021484375,6257.7099609375,6258.10009765625,5490509
2025-07-11 14:19:00+00:00,6258.64990234375,6259.0,6257.56005859375,6257.72021484375,7424895
2025-07-11 14:20:00+00:00,6259.64990234375,6259.66015625,6258.0498046875,6258.66015625,6496848
2025-07-11 14:21:00+00:00,6259.97021484375,6260.22021484375,6258.91015625,6259.56982421875,6781120
2025-07-11 14:22:00+00:00,6261.64013671875,6262.169921875,6259.64990234375,6259.91015625,6492491
2025-07-11 14:23:00+00:00,6261.740234375,6262.02978515625,6260.8798828125,6261.60986328125,6481841
2025-07-11 14:24:00+00:00,6262.0498046875,6262.4599609375,6261.52978515625,6261.77978515625,6311760
2025-07-11 14:25:00+00:00,6262.7001953125,6262.72998046875,6262.169921875,6262.35009765625,5793033
2025-07-11 14:26:00+00:00,6263.2099609375,6263.64013671875,6262.7001953125,6262.7001953125,6602381
2025-07-11 14:27:00+00:00,6263.02978515625,6263.56005859375,6262.77978515625,6263.39013671875,6315413
2025-07-11 14:28:00+00:00,6263.419921875,6264.2099609375,6262.97998046875,6262.97998046875,5852591
2025-07-11 14:29:00+00:00,6261.97021484375,6263.830078125,6261.9599609375,6263.330078125,5904099
2025-07-11 14:30:00+00:00,6261.97021484375,6262.169921875,6260.6298828125,6262.0,5926523
2025-07-11 14:31:00+00:00,6263.330078125,6264.22998046875,6262.0498046875,6262.0498046875,6836807
2025-07-11 14:32:00+00:00,6263.0400390625,6264.10009765625,6263.02978515625,6263.3701171875,5840097
2025-07-11 14:33:00+00:00,6264.22021484375,6264.22021484375,6262.93994140625,6262.93994140625,5242861
2025-07-11 14:34:00+00:00,6264.39013671875,6264.47021484375,6263.759765625,6264.02001953125,5820953
2025-07-11 14:35:00+00:00,6264.89990234375,6264.89990234375,6263.31005859375,6264.509765625,5787682
2025-07-11 14:36:00+00:00,6265.27001953125,6265.27001953125,6264.1298828125,6264.81005859375,5359276
2025-07-11 14:37:00+00:00,6263.89990234375,6265.4501953125,6263.740234375,6265.35009765625,6465321
2025-07-11 14:38:00+00:00,6262.64990234375,6264.10986328125,6262.39990234375,6263.919921875,6144616
2025-07-11 14:39:00+00:00,6262.39990234375,6262.580078125,6262.39013671875,6262.580078125,6796614
2025-07-11 14:40:00+00:00,6261.33984375,6262.43017578125,6260.93994140625,6262.43017578125,6039641
2025-07-11 14:41:00+00:00,6259.8798828125,6261.740234375,6259.740234375,6261.35009765625,6362102
2025-07-11 14:42:00+00:00,6260.33984375,6260.33984375,6258.75,6259.77001953125,5600395
2025-07-11 14:43:00+00:00,6260.35009765625,6260.8701171875,6260.009765625,6260.2998046875,4734034
2025-07-11 14:44:00+00:00,6261.2001953125,6261.31982421875,6259.77978515625,6260.330078125,5043955
2025-07-11 14:45:00+00:00,6260.669921875,6261.14013671875,6260.330078125,6261.14013671875,6073634
2025-07-11 14:46:00+00:00,6258.58984375,6260.77978515625,6258.47998046875,6260.60009765625,5855884
2025-07-11 14:47:00+00:00,6257.68017578125,6259.27978515625,6257.6201171875,6258.52978515625,5141905
2025-07-11 14:48:00+00:00,6258.759765625,6259.4599609375,6257.4599609375,6257.60009765625,5312035
2025-07-11 14:49:00+00:00,6259.72998046875,6259.97021484375,6258.77978515625,6258.77978515625,5224780
2025-07-11 14:50:00+00:00,6260.7001953125,6260.830078125,6258.919921875,6259.740234375,5597635
2025-07-11 14:51:00+00:00,6259.5498046875,6260.9599609375,6259.490234375,6260.509765625,5035424
2025-07-11 14:52:00+00:00,6257.3701171875,6259.77978515625,6257.3701171875,6259.60009765625,6107031
2025-07-11 14:53:00+00:00,6255.4599609375,6257.27001953125,6254.669921875,6257.27001953125,6019774
2025-07-11 14:54:00+00:00,6255.990234375,6256.02001953125,6254.7900390625,6255.4599609375,6130173
2025-07-11 14:55:00+00:00,6257.4501953125,6257.68994140625,6255.56005859375,6256.02978515625,6394852
2025-07-11 14:56:00+00:00,6258.580078125,6258.60009765625,6256.66015625,6257.47998046875,5890218
2025-07-11 14:57:00+00:00,6258.259765625,6258.72998046875,6257.97998046875,6258.56005859375,5630487
2025-07-11 14:58:00+00:00,6260.2900390625,6260.33984375,6258.240234375,6258.2900390625,5349516
2025-07-11 14:59:00+00:00,6260.10986328125,6260.5498046875,6259.990234375,6260.169921875,4861194
2025-07-11 15:00:00+00:00,6258.830078125,6260.1201171875,6258.830078125,6260.1201171875,7008039
2025-07-11 15:01:00+00:00,6259.22998046875,6259.5498046875,6257.89013671875,6258.7900390625,5927758
2025-07-11 15:02:00+00:00,6259.60986328125,6259.6298828125,6259.419921875,6259.5498046875,5748401
2025-07-11 15:03:00+00:00,6259.22998046875,6259.7001953125,6259.1201171875,6259.669921875,2256169
2025-07-11 15:04:00+00:00,6258.669921875,6258.75,6258.259765625,6258.68994140625,7742500
2025-07-11 15:05:00+00:00,6257.91015625,6258.669921875,6257.4599609375,6258.64013671875,5317709
2025-07-11 15:06:00+00:00,6256.259765625,6258.14013671875,6256.169921875,6257.8798828125,5541474
2025-07-11 15:07:00+00:00,6256.1298828125,6256.66015625,6255.7900390625,6256.16015625,5908306
2025-07-11 15:08:00+00:00,6255.77978515625,6256.3798828125,6255.52978515625,6256.14990234375,6033754
2025-07-11 15:09:00+00:00,6256.0400390625,6256.0400390625,6254.89013671875,6255.669921875,4512331
2025-07-11 15:10:00+00:00,6255.0400390625,6256.68994140625,6255.0400390625,6256.009765625,5120073
2025-07-11 15:11:00+00:00,6256.75,6257.16015625,6254.64990234375,6255.0400390625,4960942
2025-07-11 15:12:00+00:00,6255.18017578125,6257.2001953125,6255.16015625,6256.60986328125,5309450
2025-07-11 15:13:00+00:00,6254.1298828125,6254.68994140625,6253.39013671875,6254.68994140625,6343001
2025-07-11 15:14:00+00:00,6250.72998046875,6254.16015625,6250.64013671875,6254.16015625,6498293
2025-07-11 15:15:00+00:00,6252.169921875,6252.22998046875,6249.18017578125,6250.22998046875,5884699
2025-07-11 15:16:00+00:00,6251.93017578125,6252.52978515625,6251.52001953125,6252.1298828125,4403597
2025-07-11 15:17:00+00:00,6250.89013671875,6252.14990234375,6250.31005859375,6251.93017578125,4589225
2025-07-11 15:18:00+00:00,6251.31982421875,6251.52001953125,6250.33984375,6250.93994140625,4496770
2025-07-11 15:19:00+00:00,6253.2001953125,6253.2998046875,6250.7998046875,6251.3701171875,4584805
2025-07-11 15:20:00+00:00,6256.2998046875,6256.2998046875,6253.18017578125,6253.18017578125,5713799
2025-07-11 15:21:00+00:00,6258.58984375,6258.58984375,6256.39013671875,6256.39013671875,5594124
2025-07-11 15:22:00+00:00,6257.3701171875,6259.259765625,6257.31005859375,6258.58984375,4915318
2025-07-11 15:23:00+00:00,6255.7099609375,6257.39013671875,6255.419921875,6257.39013671875,4633749
2025-07-11 15:24:00+00:00,6255.35009765625,6256.52978515625,6255.31005859375,6255.75,6383435
2025-07-11 15:25:00+00:00,6253.66015625,6255.2900390625,6252.66015625,6255.2900390625,5406211
2025-07-11 15:26:00+00:00,6253.1201171875,6254.009765625,6252.5400390625,6253.68017578125,5416702
2025-07-11 15:27:00+00:00,6253.259765625,6253.259765625,6252.35009765625,6252.419921875,4578513
2025-07-11 15:28:00+00:00,6255.6298828125,6255.6298828125,6253.169921875,6253.27001953125,5610320
2025-07-11 15:29:00+00:00,6254.66015625,6255.81005859375,6254.4501953125,6255.64013671875,6887910
2025-07-11 15:30:00+00:00,6256.919921875,6257.7998046875,6254.77001953125,6254.830078125,5291993
2025-07-11 15:31:00+00:00,6257.259765625,6257.60986328125,6256.169921875,6256.8798828125,4679907
2025-07-11 15:32:00+00:00,6257.2900390625,6258.02001953125,6256.93017578125,6257.25,4564116
2025-07-11 15:33:00+00:00,6257.0498046875,6257.509765625,6256.72998046875,6257.240234375,4421415
2025-07-11 15:34:00+00:00,6258.52001953125,6258.56982421875,6257.02001953125,6257.02001953125,4798286
2025-07-11 15:35:00+00:00,6260.009765625,6260.009765625,6258.39013671875,6258.52001953125,4919245
2025-07-11 15:36:00+00:00,6260.27978515625,6260.759765625,6259.93017578125,6259.93017578125,4211745
2025-07-11 15:37:00+00:00,6260.4599609375,6260.56005859375,6259.89013671875,6260.22998046875,6135254
2025-07-11 15:38:00+00:00,6261.5400390625,6261.85986328125,6260.43017578125,6260.56982421875,5147524
2025-07-11 15:39:00+00:00,6262.1201171875,6262.3798828125,6261.56005859375,6261.56005859375,5580935
2025-07-11 15:40:00+00:00,6263.68994140625,6263.85986328125,6262.2001953125,6262.2001953125,5566146
2025-07-11 15:41:00+00:00,6264.52978515625,6264.52978515625,6263.3701171875,6263.64990234375,5324382
2025-07-11 15:42:00+00:00,6266.27978515625,6266.97998046875,6264.7099609375,6264.7099609375,5987858
2025-07-11 15:43:00+00:00,6266.35986328125,6267.0400390625,6265.35986328125,6266.3798828125,4644216
2025-07-11 15:44:00+00:00,6265.490234375,6266.39013671875,6264.75,6266.35009765625,4146718
2025-07-11 15:45:00+00:00,6265.490234375,6265.759765625,6264.4501953125,6265.39990234375,4162232
2025-07-11 15:46:00+00:00,6263.39013671875,6265.85009765625,6263.39013671875,6265.56982421875,5351259
2025-07-11 15:47:00+00:00,6262.22998046875,6264.14013671875,6262.009765625,6263.5498046875,4162389
2025-07-11 15:48:00+00:00,6263.14013671875,6263.419921875,6261.89013671875,6262.240234375,4356687
2025-07-11 15:49:00+00:00,6261.2900390625,6263.2099609375,6261.10009765625,6263.1201171875,4617151
2025-07-11 15:50:00+00:00,6260.5498046875,6261.259765625,6259.52001953125,6261.22998046875,5005246
2025-07-11 15:51:00+00:00,6260.22998046875,6261.0,6260.080078125,6260.490234375,4074290
2025-07-11 15:52:00+00:00,6259.8798828125,6260.4599609375,6259.75,6260.39013671875,4419210
2025-07-11 15:53:00+00:00,6257.77001953125,6260.419921875,6257.64990234375,6259.93017578125,5255346
2025-07-11 15:54:00+00:00,6258.830078125,6258.93994140625,6256.93017578125,6257.64013671875,4582974
2025-07-11 15:55:00+00:00,6258.919921875,6259.080078125,6258.10009765625,6258.8701171875,3700180
2025-07-11 15:56:00+00:00,6256.68994140625,6259.06982421875,6256.68994140625,6259.06982421875,4145771
2025-07-11 15:57:00+00:00,6258.64990234375,6258.64990234375,6256.47998046875,6256.47998046875,4333414
2025-07-11 15:58:00+00:00,6258.08984375,6259.0,6257.759765625,6258.7001953125,3961448
2025-07-11 15:59:00+00:00,6259.06005859375,6259.169921875,6257.52001953125,6258.16015625,4161287
2025-07-11 16:00:00+00:00,6261.2001953125,6261.2001953125,6258.52001953125,6259.06982421875,5918091
2025-07-11 16:01:00+00:00,6260.6298828125,6261.7001953125,6260.18017578125,6261.419921875,3884456
2025-07-11 16:02:00+00:00,6257.43017578125,6260.64990234375,6257.43017578125,6260.64990234375,3955835
2025-07-11 16:03:00+00:00,6257.0400390625,6257.3798828125,6256.240234375,6257.3798828125,5227227
2025-07-11 16:04:00+00:00,6255.759765625,6257.89990234375,6255.759765625,6256.7900390625,4311568
2025-07-11 16:05:00+00:00,6255.52978515625,6256.47021484375,6255.3701171875,6255.72998046875,4564271
2025-07-11 16:06:00+00:00,6255.64013671875,6255.7998046875,6254.35986328125,6255.5400390625,3655557
2025-07-11 16:07:00+00:00,6253.919921875,6255.6201171875,6253.25,6255.6201171875,4060000
2025-07-11 16:08:00+00:00,6254.18017578125,6254.60986328125,6253.7998046875,6254.02001953125,3393000
2025-07-11 16:09:00+00:00,6254.91015625,6254.91015625,6253.66015625,6254.10009765625,4123000
2025-07-11 16:10:00+00:00,6254.490234375,6255.27001953125,6253.669921875,6254.93994140625,3628000
2025-07-11 16:11:00+00:00,6254.72021484375,6255.31005859375,6254.10986328125,6254.47021484375,4061000
2025-07-11 16:12:00+00:00,6254.4599609375,6254.72021484375,6253.580078125,6254.72021484375,4011000
2025-07-11 16:13:00+00:00,6253.759765625,6255.009765625,6253.72998046875,6254.43017578125,3031000
2025-07-11 16:14:00+00:00,6255.5,6255.5,6253.669921875,6253.7998046875,4061000
2025-07-11 16:15:00+00:00,6257.58984375,6257.60986328125,6255.509765625,6255.509765625,3215000
2025-07-11 16:16:00+00:00,6260.259765625,6260.259765625,6257.89990234375,6257.93994140625,4354000
2025-07-11 16:17:00+00:00,6258.81005859375,6260.169921875,6258.5400390625,6260.169921875,3919000
2025-07-11 16:18:00+00:00,6257.580078125,6258.81982421875,6257.330078125,6258.81982421875,3459000
2025-07-11 16:19:00+00:00,6255.919921875,6258.22998046875,6255.85986328125,6257.580078125,4684000
2025-07-11 16:20:00+00:00,6256.91015625,6256.91015625,6255.990234375,6256.02001953125,3420000
2025-07-11 16:21:00+00:00,6258.72021484375,6258.7998046875,6256.89013671875,6256.89013671875,3200000
2025-07-11 16:22:00+00:00,6260.27001953125,6260.27001953125,6258.740234375,6258.75,3744000
2025-07-11 16:23:00+00:00,6259.75,6260.27978515625,6259.580078125,6260.2099609375,4904000
2025-07-11 16:24:00+00:00,6259.58984375,6260.1201171875,6259.52001953125,6259.81005859375,3179000
2025-07-11 16:25:00+00:00,6260.2099609375,6260.259765625,6259.16015625,6259.58984375,3800000
2025-07-11 16:26:00+00:00,6259.60986328125,6260.64013671875,6259.5498046875,6260.27001953125,3380000
2025-07-11 16:27:00+00:00,6259.7998046875,6259.7998046875,6258.990234375,6259.5498046875,4076000
2025-07-11 16:28:00+00:00,6259.81982421875,6260.68017578125,6259.64013671875,6259.81982421875,3153000
2025-07-11 16:29:00+00:00,6260.93017578125,6260.9599609375,6259.77978515625,6259.77978515625,2946000
2025-07-11 16:30:00+00:00,6261.2099609375,6261.83984375,6260.1298828125,6260.759765625,4108000
2025-07-11 16:31:00+00:00,6259.9501953125,6261.64990234375,6259.9501953125,6261.169921875,3682000
2025-07-11 16:32:00+00:00,6259.31005859375,6260.35009765625,6259.31005859375,6259.89013671875,2770000
2025-07-11 16:33:00+00:00,6258.66015625,6259.33984375,6257.85986328125,6259.33984375,3681000
2025-07-11 16:34:00+00:00,6260.14990234375,6260.18017578125,6258.7900390625,6258.7900390625,3212000
2025-07-11 16:35:00+00:00,6260.14990234375,6260.64013671875,6259.60986328125,6260.31982421875,3656000
2025-07-11 16:36:00+00:00,6258.97021484375,6260.3798828125,6258.91015625,6260.22021484375,2990000
2025-07-11 16:37:00+00:00,6260.35986328125,6260.47021484375,6259.02001953125,6259.02001953125,3130000
2025-07-11 16:38:00+00:00,6261.14013671875,6261.14013671875,6260.02001953125,6260.41015625,2810000
2025-07-11 16:39:00+00:00,6261.3701171875,6261.6201171875,6260.97998046875,6261.18017578125,3042000
2025-07-11 16:40:00+00:00,6261.56005859375,6261.77978515625,6261.1298828125,6261.18994140625,2764000
2025-07-11 16:41:00+00:00,6260.8701171875,6261.7998046875,6260.72021484375,6261.56982421875,2938000
2025-07-11 16:42:00+00:00,6259.08984375,6260.93994140625,6259.08984375,6260.85009765625,2827000
2025-07-11 16:43:00+00:00,6258.5498046875,6259.259765625,6258.5498046875,6259.0,3543000
2025-07-11 16:44:00+00:00,6257.4501953125,6259.009765625,6257.41015625,6258.56005859375,3698000
2025-07-11 16:45:00+00:00,6259.4501953125,6259.4501953125,6257.009765625,6257.3798828125,3464000
2025-07-11 16:46:00+00:00,6259.169921875,6259.77001953125,6259.0498046875,6259.509765625,3102000
2025-07-11 16:47:00+00:00,6258.5,6259.10009765625,6258.14013671875,6259.10009765625,2646000
2025-07-11 16:48:00+00:00,6258.669921875,6258.7099609375,6258.14013671875,6258.5400390625,2891000
2025-07-11 16:49:00+00:00,6259.14013671875,6259.14013671875,6257.8701171875,6258.72998046875,3757000
2025-07-11 16:50:00+00:00,6261.009765625,6261.14990234375,6259.10009765625,6259.10009765625,3732000
2025-07-11 16:51:00+00:00,6260.5,6260.9501953125,6260.259765625,6260.9501953125,3175000
2025-07-11 16:52:00+00:00,6261.740234375,6261.7998046875,6260.509765625,6260.509765625,3841000
2025-07-11 16:53:00+00:00,6261.64013671875,6261.91015625,6261.47021484375,6261.77001953125,2981000
2025-07-11 16:54:00+00:00,6262.6298828125,6262.68017578125,6261.64990234375,6261.64990234375,3087000
2025-07-11 16:55:00+00:00,6264.35009765625,6264.68994140625,6262.7099609375,6262.7099609375,4623000
2025-07-11 16:56:00+00:00,6264.22021484375,6264.509765625,6263.89990234375,6264.2900390625,3178000
2025-07-11 16:57:00+00:00,6264.080078125,6264.35986328125,6263.740234375,6264.31005859375,3424000
2025-07-11 16:58:00+00:00,6264.81982421875,6265.0,6264.14013671875,6264.14013671875,4094000
2025-07-11 16:59:00+00:00,6264.7001953125,6264.7099609375,6264.56982421875,6264.56982421875,3298000
2025-07-11 17:00:00+00:00,6264.080078125,6265.02001953125,6263.56982421875,6264.7001953125,4352000
2025-07-11 17:01:00+00:00,6263.7900390625,6263.93994140625,6262.8701171875,6263.93994140625,3754000
2025-07-11 17:02:00+00:00,6263.77978515625,6264.06005859375,6263.669921875,6263.919921875,2836000
2025-07-11 17:03:00+00:00,6265.41015625,6265.56005859375,6263.39013671875,6263.64990234375,3856000
2025-07-11 17:04:00+00:00,6265.14990234375,6265.60009765625,6264.7900390625,6265.39990234375,4886000
2025-07-11 17:05:00+00:00,6265.169921875,6265.52001953125,6264.43017578125,6265.080078125,3019000
2025-07-11 17:06:00+00:00,6264.97998046875,6265.0,6264.02001953125,6264.97021484375,3745000
2025-07-11 17:07:00+00:00,6266.22021484375,6266.47998046875,6264.93994140625,6265.0,3271000
2025-07-11 17:08:00+00:00,6266.31982421875,6266.3798828125,6265.47021484375,6266.2001953125,3331000
2025-07-11 17:09:00+00:00,6265.5498046875,6266.39013671875,6265.5498046875,6266.3701171875,3725000
2025-07-11 17:10:00+00:00,6264.7900390625,6265.77978515625,6264.7900390625,6265.52978515625,3926000
2025-07-11 17:11:00+00:00,6264.89013671875,6264.9599609375,6264.10986328125,6264.9599609375,5526000
2025-07-11 17:12:00+00:00,6265.2099609375,6265.22021484375,6264.06005859375,6264.8798828125,3089000
2025-07-11 17:13:00+00:00,6265.16015625,6265.66015625,6264.97998046875,6265.2099609375,3454000
2025-07-11 17:14:00+00:00,6265.22998046875,6265.60009765625,6265.02978515625,6265.16015625,3085000
2025-07-11 17:15:00+00:00,6265.009765625,6265.5400390625,6264.91015625,6265.14013671875,3152000
2025-07-11 17:16:00+00:00,6265.240234375,6265.60986328125,6264.93994140625,6264.990234375,2630000
2025-07-11 17:17:00+00:00,6264.66015625,6265.240234375,6264.580078125,6265.240234375,3760000
2025-07-11 17:18:00+00:00,6264.81005859375,6264.830078125,6264.0,6264.64990234375,3392000
2025-07-11 17:19:00+00:00,6266.06982421875,6266.080078125,6264.81005859375,6264.81005859375,3661000
2025-07-11 17:20:00+00:00,6265.91015625,6266.39990234375,6265.759765625,6266.08984375,2864000
2025-07-11 17:21:00+00:00,6266.33984375,6266.39990234375,6265.75,6265.89990234375,3186000
2025-07-11 17:22:00+00:00,6265.830078125,6266.60986328125,6265.66015625,6266.31005859375,3333000
2025-07-11 17:23:00+00:00,6265.419921875,6265.9501953125,6265.31982421875,6265.830078125,3179000
2025-07-11 17:24:00+00:00,6264.02978515625,6265.58984375,6264.02978515625,6265.43994140625,2724000
2025-07-11 17:25:00+00:00,6265.16015625,6265.2001953125,6263.5400390625,6263.77001953125,3451000
2025-07-11 17:26:00+00:00,6265.41015625,6265.58984375,6265.10986328125,6265.10986328125,3485000
2025-07-11 17:27:00+00:00,6265.22021484375,6265.68017578125,6265.22021484375,6265.330078125,2499000
2025-07-11 17:28:00+00:00,6266.31005859375,6266.60986328125,6265.10986328125,6265.2099609375,3738000
2025-07-11 17:29:00+00:00,6265.47021484375,6266.259765625,6265.39013671875,6266.259765625,2747000
2025-07-11 17:30:00+00:00,6266.43017578125,6266.5498046875,6265.43017578125,6265.490234375,2934000
2025-07-11 17:31:00+00:00,6265.31982421875,6266.5400390625,6265.31982421875,6266.39990234375,3493000
2025-07-11 17:32:00+00:00,6265.18994140625,6265.35009765625,6264.16015625,6265.35009765625,3361000
2025-07-11 17:33:00+00:00,6265.4501953125,6266.18017578125,6265.1201171875,6265.1201171875,3201000
2025-07-11 17:34:00+00:00,6264.6298828125,6265.58984375,6264.6201171875,6265.43994140625,2468000
2025-07-11 17:35:00+00:00,6265.259765625,6265.43017578125,6264.89990234375,6264.89990234375,3341000
2025-07-11 17:36:00+00:00,6265.169921875,6265.93994140625,6264.52001953125,6265.240234375,7961000
2025-07-11 17:37:00+00:00,6262.7001953125,6265.27001953125,6262.5498046875,6265.16015625,8545000
2025-07-11 17:38:00+00:00,6261.27978515625,6262.77001953125,6260.52001953125,6262.759765625,5804000
2025-07-11 17:39:00+00:00,6260.58984375,6261.33984375,6259.60009765625,6261.33984375,4948000
2025-07-11 17:40:00+00:00,6261.169921875,6262.2900390625,6261.169921875,6261.56005859375,4894000
2025-07-11 17:41:00+00:00,6260.259765625,6261.18994140625,6259.669921875,6261.18994140625,5452000
2025-07-11 17:42:00+00:00,6259.0,6260.2001953125,6258.9501953125,6260.2001953125,4434000
2025-07-11 17:43:00+00:00,6259.31982421875,6260.18994140625,6259.18017578125,6259.18017578125,5494000
2025-07-11 17:44:00+00:00,6260.35986328125,6260.35986328125,6258.83984375,6259.27978515625,4257000
2025-07-11 17:45:00+00:00,6261.77978515625,6261.77978515625,6260.259765625,6260.41015625,3307000
2025-07-11 17:47:00+00:00,6262.240234375,6262.39990234375,6261.47021484375,6262.009765625,11324000
2025-07-11 17:48:00+00:00,6261.990234375,6262.169921875,6261.5498046875,6262.10009765625,3012000
2025-07-11 17:49:00+00:00,6262.56982421875,6262.580078125,6262.009765625,6262.009765625,3465000
2025-07-11 17:50:00+00:00,6263.27001953125,6263.33984375,6262.490234375,6262.56982421875,3337000
2025-07-11 17:51:00+00:00,6263.7900390625,6264.02001953125,6262.22998046875,6263.27001953125,3841000
2025-07-11 17:52:00+00:00,6264.43994140625,6264.4501953125,6263.68994140625,6263.77001953125,3923000
2025-07-11 17:53:00+00:00,6264.43017578125,6264.4501953125,6263.85986328125,6264.4501953125,3216000
2025-07-11 17:54:00+00:00,6264.43994140625,6265.02001953125,6264.2001953125,6264.5400390625,4418000
2025-07-11 17:55:00+00:00,6265.1201171875,6265.259765625,6264.2998046875,6264.43994140625,3815000
2025-07-11 17:56:00+00:00,6266.509765625,6266.52978515625,6265.14990234375,6265.14990234375,3673000
2025-07-11 17:57:00+00:00,6265.919921875,6266.419921875,6265.5498046875,6266.419921875,3075000
2025-07-11 17:58:00+00:00,6266.2001953125,6266.35009765625,6265.830078125,6265.89013671875,3298000
2025-07-11 17:59:00+00:00,6266.0498046875,6266.33984375,6265.9599609375,6266.22998046875,3324000
2025-07-11 18:00:00+00:00,6267.58984375,6267.68994140625,6265.77978515625,6265.990234375,4351000
2025-07-11 18:01:00+00:00,6266.77978515625,6267.72998046875,6266.77978515625,6267.5400390625,3702000
2025-07-11 18:02:00+00:00,6266.27978515625,6266.72998046875,6266.14990234375,6266.6201171875,4567000
2025-07-11 18:03:00+00:00,6265.47998046875,6266.14990234375,6264.9599609375,6266.14990234375,3938000
2025-07-11 18:04:00+00:00,6265.240234375,6266.06982421875,6265.0,6265.60986328125,3673000
2025-07-11 18:05:00+00:00,6264.97998046875,6265.31982421875,6264.7099609375,6265.22998046875,3363000
2025-07-11 18:06:00+00:00,6265.2998046875,6265.66015625,6264.830078125,6264.97021484375,3162000
2025-07-11 18:07:00+00:00,6266.60009765625,6266.64990234375,6265.18994140625,6265.259765625,3907000
2025-07-11 18:08:00+00:00,6267.08984375,6267.39013671875,6266.39990234375,6266.580078125,4627000
2025-07-11 18:09:00+00:00,6265.490234375,6266.919921875,6265.39990234375,6266.91015625,3441000
2025-07-11 18:10:00+00:00,6264.06005859375,6266.080078125,6263.89990234375,6265.490234375,4419000
2025-07-11 18:11:00+00:00,6265.419921875,6265.419921875,6263.6298828125,6264.02978515625,3814000
2025-07-11 18:12:00+00:00,6266.3701171875,6266.41015625,6265.2998046875,6265.31982421875,3583000
2025-07-11 18:13:00+00:00,6266.080078125,6266.97021484375,6266.0,6266.35986328125,4270000
2025-07-11 18:14:00+00:00,6266.0400390625,6266.64013671875,6266.02978515625,6266.06005859375,3615000
2025-07-11 18:15:00+00:00,6265.89990234375,6266.25,6265.7099609375,6265.83984375,3677000
2025-07-11 18:16:00+00:00,6264.97021484375,6265.919921875,6264.8701171875,6265.85986328125,3369000
2025-07-11 18:17:00+00:00,6264.60986328125,6265.18017578125,6264.60986328125,6265.0498046875,4214000
2025-07-11 18:18:00+00:00,6264.02978515625,6265.14990234375,6264.009765625,6264.68994140625,4570000
2025-07-11 18:19:00+00:00,6264.31005859375,6264.5,6264.02978515625,6264.0498046875,3987000
2025-07-11 18:20:00+00:00,6263.89013671875,6264.64990234375,6263.83984375,6264.330078125,4211000
2025-07-11 18:21:00+00:00,6264.31982421875,6264.3798828125,6263.72998046875,6263.9501953125,3247000
2025-07-11 18:22:00+00:00,6264.9501953125,6265.56005859375,6264.27978515625,6264.33984375,4580000
2025-07-11 18:23:00+00:00,6264.330078125,6265.02001953125,6264.0400390625,6264.830078125,3827000
2025-07-11 18:24:00+00:00,6264.7998046875,6264.7998046875,6263.5,6264.330078125,3396000
2025-07-11 18:25:00+00:00,6265.490234375,6265.5400390625,6264.759765625,6264.759765625,3973000
2025-07-11 18:26:00+00:00,6265.2900390625,6266.14990234375,6265.2900390625,6265.5,3835000
2025-07-11 18:27:00+00:00,6263.990234375,6265.39013671875,6263.89013671875,6265.2998046875,4018000
2025-07-11 18:28:00+00:00,6263.4501953125,6263.4599609375,6263.1201171875,6263.25,5501000
2025-07-11 18:29:00+00:00,6263.830078125,6263.97021484375,6263.27978515625,6263.43017578125,3704000
2025-07-11 18:30:00+00:00,6263.93994140625,6264.64990234375,6263.85009765625,6263.919921875,4313000
2025-07-11 18:31:00+00:00,6264.47998046875,6264.47998046875,6263.41015625,6263.89990234375,5036000
2025-07-11 18:32:00+00:00,6265.2998046875,6265.35986328125,6264.490234375,6264.56982421875,3543000
2025-07-11 18:33:00+00:00,6266.56005859375,6266.75,6265.33984375,6265.33984375,3603000
2025-07-11 18:34:00+00:00,6266.2900390625,6266.68994140625,6266.14013671875,6266.5498046875,3506000
2025-07-11 18:35:00+00:00,6267.43994140625,6267.43994140625,6266.35009765625,6266.35009765625,3828000
2025-07-11 18:36:00+00:00,6267.93994140625,6268.6298828125,6267.43994140625,6267.43994140625,4475000
2025-07-11 18:37:00+00:00,6268.1201171875,6268.22021484375,6267.52001953125,6267.97021484375,4442000
2025-07-11 18:38:00+00:00,6266.93017578125,6268.10009765625,6266.89013671875,6268.10009765625,3507000
2025-07-11 18:39:00+00:00,6267.0,6267.43017578125,6266.830078125,6266.990234375,4023000
2025-07-11 18:40:00+00:00,6268.0498046875,6268.16015625,6267.02978515625,6267.02978515625,4581000
2025-07-11 18:41:00+00:00,6268.64990234375,6268.7998046875,6267.93994140625,6268.02978515625,3882000
2025-07-11 18:42:00+00:00,6268.77978515625,6268.8798828125,6268.2099609375,6268.4599609375,4419000
2025-07-11 18:43:00+00:00,6268.22998046875,6268.8701171875,6268.2001953125,6268.7998046875,3625000
2025-07-11 18:44:00+00:00,6269.06982421875,6269.06982421875,6267.81982421875,6268.14013671875,3894000
2025-07-11 18:45:00+00:00,6269.14990234375,6269.43994140625,6268.97998046875,6269.10009765625,4198000
2025-07-11 18:46:00+00:00,6268.9501953125,6269.08984375,6268.47998046875,6269.080078125,3519000
2025-07-11 18:47:00+00:00,6268.3798828125,6269.0498046875,6268.2900390625,6268.77001953125,4871000
2025-07-11 18:48:00+00:00,6268.27978515625,6268.7998046875,6268.18994140625,6268.41015625,3991000
2025-07-11 18:49:00+00:00,6267.740234375,6268.47998046875,6267.56005859375,6268.2900390625,4276000
2025-07-11 18:50:00+00:00,6268.22021484375,6268.7998046875,6267.91015625,6267.91015625,4083000
2025-07-11 18:51:00+00:00,6266.89013671875,6268.22021484375,6266.830078125,6268.22021484375,3467000
2025-07-11 18:52:00+00:00,6266.990234375,6267.47021484375,6266.5400390625,6266.89013671875,3865000
2025-07-11 18:53:00+00:00,6267.14013671875,6267.2900390625,6266.52001953125,6267.0,3518000
2025-07-11 18:54:00+00:00,6266.740234375,6267.08984375,6266.0,6267.08984375,3823000
2025-07-11 18:55:00+00:00,6266.52978515625,6266.77978515625,6266.27001953125,6266.68994140625,4589000
2025-07-11 18:56:00+00:00,6266.4599609375,6266.81005859375,6266.35009765625,6266.52978515625,4885000
2025-07-11 18:57:00+00:00,6265.830078125,6266.43994140625,6265.39013671875,6266.43994140625,4175000
2025-07-11 18:58:00+00:00,6265.7001953125,6265.89990234375,6265.43017578125,6265.83984375,3973000
2025-07-11 18:59:00+00:00,6264.72998046875,6265.64013671875,6263.7001953125,6265.64013671875,5467000
2025-07-11 19:00:00+00:00,6264.1298828125,6264.75,6263.10009765625,6264.75,5244000
2025-07-11 19:01:00+00:00,6264.2099609375,6264.39013671875,6263.2099609375,6263.9501953125,4804000
2025-07-11 19:02:00+00:00,6262.9599609375,6264.419921875,6262.72998046875,6264.25,4668000
2025-07-11 19:03:00+00:00,6261.6298828125,6263.14990234375,6261.6298828125,6262.93017578125,4816000
2025-07-11 19:04:00+00:00,6259.580078125,6261.64013671875,6258.06005859375,6261.64013671875,6716000
2025-07-11 19:05:00+00:00,6256.919921875,6259.64013671875,6256.8701171875,6259.60009765625,6699000
2025-07-11 19:06:00+00:00,6254.64013671875,6256.75,6253.27978515625,6256.75,6334000
2025-07-11 19:07:00+00:00,6257.27978515625,6257.27978515625,6254.0498046875,6254.72021484375,5872000
2025-07-11 19:08:00+00:00,6260.0,6260.009765625,6257.08984375,6257.2900390625,5137000
2025-07-11 19:09:00+00:00,6261.8701171875,6261.97021484375,6260.0498046875,6260.0498046875,5405000
2025-07-11 19:10:00+00:00,6260.830078125,6262.580078125,6260.58984375,6261.919921875,4596000
2025-07-11 19:11:00+00:00,6260.5498046875,6260.93017578125,6259.080078125,6260.81005859375,5612000
2025-07-11 19:12:00+00:00,6260.080078125,6260.52978515625,6259.47021484375,6260.43994140625,4084000
2025-07-11 19:13:00+00:00,6261.490234375,6261.81005859375,6259.47998046875,6259.97021484375,4828000
2025-07-11 19:14:00+00:00,6262.4501953125,6262.77978515625,6261.47998046875,6261.490234375,3807000
2025-07-11 19:15:00+00:00,6263.77001953125,6263.990234375,6262.31982421875,6262.4599609375,4525000
2025-07-11 19:16:00+00:00,6262.35009765625,6263.75,6262.25,6263.75,4716000
2025-07-11 19:17:00+00:00,6263.080078125,6263.16015625,6262.0,6262.31005859375,5028000
2025-07-11 19:18:00+00:00,6264.72021484375,6264.89990234375,6264.66015625,6264.66015625,5586000
2025-07-11 19:19:00+00:00,6264.31005859375,6264.740234375,6264.14990234375,6264.72021484375,5224000
2025-07-11 19:20:00+00:00,6264.759765625,6265.47021484375,6264.31005859375,6264.330078125,5654000
2025-07-11 19:21:00+00:00,6265.02001953125,6265.66015625,6264.759765625,6264.77978515625,5269000
2025-07-11 19:22:00+00:00,6265.47021484375,6265.66015625,6264.7900390625,6264.97998046875,4828000
2025-07-11 19:23:00+00:00,6265.14013671875,6266.16015625,6265.0498046875,6265.43017578125,5136000
2025-07-11 19:24:00+00:00,6266.169921875,6266.22998046875,6265.10986328125,6265.14013671875,4666000
2025-07-11 19:25:00+00:00,6266.7900390625,6266.7900390625,6266.169921875,6266.2099609375,5402000
2025-07-11 19:26:00+00:00,6267.27001953125,6267.8701171875,6266.91015625,6266.91015625,5457000
2025-07-11 19:27:00+00:00,6267.25,6267.3798828125,6266.56982421875,6267.1298828125,4687000
2025-07-11 19:28:00+00:00,6266.91015625,6267.25,6266.490234375,6267.2001953125,5336000
2025-07-11 19:29:00+00:00,6265.97998046875,6266.97998046875,6265.97998046875,6266.93017578125,5169000
2025-07-11 19:30:00+00:00,6265.81005859375,6266.0,6264.56005859375,6266.0,8404000
2025-07-11 19:31:00+00:00,6264.5400390625,6265.919921875,6263.93994140625,6265.919921875,6678000
2025-07-11 19:32:00+00:00,6265.89013671875,6266.0400390625,6264.6201171875,6264.6201171875,5336000
2025-07-11 19:33:00+00:00,6266.5400390625,6266.60009765625,6265.83984375,6265.93994140625,4840000
2025-07-11 19:34:00+00:00,6266.259765625,6266.6201171875,6265.990234375,6266.5400390625,5135000
2025-07-11 19:35:00+00:00,6265.759765625,6266.85009765625,6265.60009765625,6266.25,7350000
2025-07-11 19:36:00+00:00,6266.6201171875,6266.72021484375,6265.14990234375,6265.759765625,5741000
2025-07-11 19:37:00+00:00,6266.509765625,6266.64013671875,6265.6298828125,6266.6298828125,6420000
2025-07-11 19:38:00+00:00,6266.0498046875,6266.759765625,6265.97998046875,6266.47021484375,6472000
2025-07-11 19:39:00+00:00,6265.7001953125,6266.14013671875,6265.60009765625,6266.009765625,5970000
2025-07-11 19:40:00+00:00,6265.490234375,6266.7998046875,6265.43994140625,6265.7900390625,6624000
2025-07-11 19:41:00+00:00,6263.85009765625,6265.43017578125,6263.2900390625,6265.43017578125,7530000
2025-07-11 19:42:00+00:00,6263.97998046875,6264.75,6263.6201171875,6263.7998046875,6323000
2025-07-11 19:43:00+00:00,6264.22998046875,6264.259765625,6263.509765625,6263.93994140625,6704000
2025-07-11 19:44:00+00:00,6263.39990234375,6264.2099609375,6262.8798828125,6264.2099609375,6413000
2025-07-11 19:45:00+00:00,6264.240234375,6264.58984375,6263.169921875,6263.330078125,8701000
2025-07-11 19:46:00+00:00,6262.60009765625,6264.22998046875,6262.009765625,6264.22998046875,8950000
2025-07-11 19:47:00+00:00,6262.81982421875,6262.8701171875,6262.2099609375,6262.2099609375,7939000
2025-07-11 19:48:00+00:00,6264.5400390625,6264.759765625,6262.85009765625,6262.85009765625,8395000
2025-07-11 19:49:00+00:00,6265.9599609375,6266.0400390625,6263.97998046875,6264.52978515625,10379000
2025-07-11 19:50:00+00:00,6260.60009765625,6265.97998046875,6260.60009765625,6265.97998046875,15436000
2025-07-11 19:51:00+00:00,6260.0400390625,6262.10986328125,6260.02978515625,6260.47998046875,11810000
2025-07-11 19:52:00+00:00,6260.330078125,6260.52001953125,6259.39013671875,6260.14990234375,13145000
2025-07-11 19:53:00+00:00,6260.81982421875,6261.1201171875,6259.7001953125,6260.47998046875,13750000
2025-07-11 19:54:00+00:00,6260.16015625,6260.97021484375,6258.759765625,6260.830078125,18402000
2025-07-11 19:55:00+00:00,6261.68017578125,6262.83984375,6260.259765625,6260.259765625,22386000
2025-07-11 19:56:00+00:00,6258.4501953125,6262.169921875,6258.41015625,6261.75,25626000
2025-07-11 19:57:00+00:00,6256.85009765625,6258.830078125,6256.72021484375,6258.47998046875,25913000
2025-07-11 19:58:00+00:00,6259.35009765625,6259.35009765625,6257.02001953125,6257.1298828125,36288000
2025-07-11 19:59:00+00:00,6258.35009765625,6259.66015625,6258.27978515625,6259.35986328125,76438000
2025-07-14 13:30:00+00:00,6252.41015625,6255.14990234375,6251.85986328125,6255.14990234375,0
2025-07-14 13:31:00+00:00,6250.85986328125,6255.2900390625,6250.22021484375,6252.18017578125,18857297
2025-07-14 13:32:00+00:00,6250.93994140625,6251.7001953125,6249.009765625,6250.830078125,15176324
2025-07-14 13:33:00+00:00,6251.669921875,6254.18994140625,6250.7998046875,6250.7998046875,13175659
2025-07-14 13:34:00+00:00,6249.14990234375,6252.06005859375,6247.490234375,6251.990234375,11961450
2025-07-14 13:35:00+00:00,6249.85986328125,6249.85986328125,6245.97998046875,6249.080078125,12193520
2025-07-14 13:36:00+00:00,6252.16015625,6252.2998046875,6249.72021484375,6250.08984375,11728090
2025-07-14 13:37:00+00:00,6250.43994140625,6252.06982421875,6250.330078125,6252.0400390625,10394976
2025-07-14 13:38:00+00:00,6250.52001953125,6251.080078125,6249.259765625,6250.27001953125,10927589
2025-07-14 13:39:00+00:00,6251.66015625,6251.66015625,6248.64013671875,6250.93017578125,9205913
2025-07-14 13:40:00+00:00,6248.919921875,6251.919921875,6248.919921875,6251.72021484375,9415393
2025-07-14 13:41:00+00:00,6248.4599609375,6249.27001953125,6247.72998046875,6249.06982421875,9127540
2025-07-14 13:42:00+00:00,6242.47998046875,6248.25,6242.47998046875,6248.1201171875,9955548
2025-07-14 13:43:00+00:00,6241.47021484375,6242.4501953125,6239.22021484375,6242.4501953125,10134863
2025-07-14 13:44:00+00:00,6240.47998046875,6242.990234375,6240.25,6241.60009765625,7877085
2025-07-14 13:45:00+00:00,6244.2900390625,6244.31005859375,6239.64013671875,6240.330078125,10709276
2025-07-14 13:46:00+00:00,6243.72998046875,6244.41015625,6242.1298828125,6244.14990234375,9314978
2025-07-14 13:47:00+00:00,6247.35009765625,6248.02978515625,6242.830078125,6243.77001953125,9062167
2025-07-14 13:48:00+00:00,6251.7099609375,6251.75,6247.22021484375,6247.330078125,8973222
2025-07-14 13:49:00+00:00,6253.60009765625,6253.93017578125,6251.64013671875,6251.64013671875,8928556
2025-07-14 13:50:00+00:00,6253.5498046875,6254.9501953125,6252.89013671875,6253.759765625,8746085
2025-07-14 13:51:00+00:00,6256.47998046875,6256.5,6253.7099609375,6253.7099609375,8395606
2025-07-14 13:52:00+00:00,6253.259765625,6256.3701171875,6253.080078125,6256.3701171875,7926644
2025-07-14 13:53:00+00:00,6252.85009765625,6253.31982421875,6250.91015625,6253.31982421875,8365728
2025-07-14 13:54:00+00:00,6253.1298828125,6253.31982421875,6252.47021484375,6252.93017578125,6959933
2025-07-14 13:55:00+00:00,6249.8798828125,6253.39990234375,6249.68994140625,6253.259765625,7594129
2025-07-14 13:56:00+00:00,6250.02978515625,6250.56982421875,6248.77001953125,6249.85009765625,7494623
2025-07-14 13:57:00+00:00,6247.97021484375,6250.18017578125,6247.97021484375,6250.02001953125,7740495
2025-07-14 13:58:00+00:00,6247.93017578125,6248.330078125,6246.669921875,6247.68017578125,7144654
2025-07-14 13:59:00+00:00,6248.56005859375,6248.83984375,6247.7099609375,6247.85986328125,8314286
2025-07-14 14:00:00+00:00,6247.56005859375,6249.58984375,6246.85009765625,6247.91015625,11101645
2025-07-14 14:01:00+00:00,6246.16015625,6247.4599609375,6245.2001953125,6247.4599609375,8259689
2025-07-14 14:02:00+00:00,6247.4501953125,6248.419921875,6246.1201171875,6246.18994140625,8866488
2025-07-14 14:03:00+00:00,6248.06005859375,6248.06005859375,6247.10986328125,6247.8701171875,7298338
2025-07-14 14:04:00+00:00,6249.2998046875,6249.2998046875,6247.68017578125,6247.75,6531917
2025-07-14 14:05:00+00:00,6248.080078125,6249.509765625,6248.080078125,6249.4501953125,8110159
2025-07-14 14:06:00+00:00,6249.18994140625,6249.18994140625,6247.31005859375,6247.89013671875,8651667
2025-07-14 14:07:00+00:00,6251.4599609375,6251.56005859375,6249.14013671875,6249.18017578125,7275934
2025-07-14 14:08:00+00:00,6249.18017578125,6251.81982421875,6249.10986328125,6251.52978515625,8480987
2025-07-14 14:09:00+00:00,6250.2099609375,6250.2099609375,6248.97021484375,6249.25,6732109
2025-07-14 14:10:00+00:00,6249.47998046875,6250.77978515625,6249.43994140625,6250.2001953125,7398175
2025-07-14 14:11:00+00:00,6249.93017578125,6250.259765625,6249.0,6249.169921875,6840493
2025-07-14 14:12:00+00:00,6245.85986328125,6249.990234375,6245.85986328125,6249.990234375,7582088
2025-07-14 14:13:00+00:00,6249.58984375,6249.759765625,6244.9501953125,6245.81982421875,6837627
2025-07-14 14:14:00+00:00,6250.4599609375,6250.58984375,6249.18017578125,6249.6298828125,6671603
2025-07-14 14:15:00+00:00,6252.43994140625,6252.43994140625,6250.60986328125,6250.60986328125,6316108
2025-07-14 14:16:00+00:00,6253.58984375,6253.64013671875,6252.22021484375,6252.52001953125,6001872
2025-07-14 14:17:00+00:00,6255.18994140625,6255.8798828125,6253.6298828125,6253.68017578125,6982583
2025-07-14 14:18:00+00:00,6254.919921875,6255.47021484375,6254.5400390625,6255.330078125,6312835
2025-07-14 14:19:00+00:00,6254.85009765625,6255.47998046875,6253.8798828125,6254.97998046875,6510855
2025-07-14 14:20:00+00:00,6254.52001953125,6254.66015625,6253.64990234375,6254.5498046875,6849986
2025-07-14 14:21:00+00:00,6258.68994140625,6258.72998046875,6254.68994140625,6254.68994140625,8158319
2025-07-14 14:22:00+00:00,6258.56005859375,6258.669921875,6258.10009765625,6258.6298828125,6477085
2025-07-14 14:23:00+00:00,6258.14990234375,6259.009765625,6258.08984375,6258.509765625,7446555
2025-07-14 14:24:00+00:00,6256.60986328125,6257.97998046875,6256.47998046875,6257.97998046875,6088816
2025-07-14 14:25:00+00:00,6254.06005859375,6257.31982421875,6253.740234375,6256.89990234375,7732745
2025-07-14 14:26:00+00:00,6253.919921875,6254.1298828125,6253.25,6253.68994140625,7063249
2025-07-14 14:27:00+00:00,6251.259765625,6253.93994140625,6251.2099609375,6253.93994140625,6416723
2025-07-14 14:28:00+00:00,6248.6298828125,6251.22998046875,6248.02001953125,6251.22998046875,6271619
2025-07-14 14:29:00+00:00,6248.64013671875,6248.81005859375,6247.72021484375,6248.5498046875,6358236
2025-07-14 14:30:00+00:00,6249.58984375,6249.64990234375,6247.18994140625,6248.66015625,8153506
2025-07-14 14:31:00+00:00,6248.89990234375,6250.06005859375,6248.81005859375,6249.64990234375,6116412
2025-07-14 14:32:00+00:00,6247.25,6248.8798828125,6245.97998046875,6248.8798828125,7474244
2025-07-14 14:33:00+00:00,6246.25,6247.93017578125,6246.18017578125,6247.009765625,6664783
2025-07-14 14:34:00+00:00,6247.27978515625,6247.35986328125,6245.6201171875,6246.27978515625,6194731
2025-07-14 14:35:00+00:00,6249.009765625,6249.14990234375,6246.83984375,6247.41015625,7668248
2025-07-14 14:36:00+00:00,6248.72021484375,6249.4599609375,6248.47998046875,6249.080078125,5819923
2025-07-14 14:37:00+00:00,6250.81005859375,6251.5498046875,6248.91015625,6248.9599609375,6791327
2025-07-14 14:38:00+00:00,6251.490234375,6251.7099609375,6250.3701171875,6250.740234375,5290113
2025-07-14 14:39:00+00:00,6250.85986328125,6251.68017578125,6250.64013671875,6251.52001953125,5229146
2025-07-14 14:40:00+00:00,6251.240234375,6251.52001953125,6249.89013671875,6250.81005859375,6368072
2025-07-14 14:41:00+00:00,6251.9501953125,6252.14990234375,6251.0400390625,6251.35009765625,6101958
2025-07-14 14:42:00+00:00,6251.89013671875,6251.9599609375,6250.77001953125,6251.9599609375,5497134
2025-07-14 14:43:00+00:00,6251.2998046875,6252.6201171875,6251.06982421875,6251.8701171875,6871533
2025-07-14 14:44:00+00:00,6251.66015625,6251.77001953125,6251.1298828125,6251.27001953125,6433831
2025-07-14 14:45:00+00:00,6252.27001953125,6252.75,6250.81982421875,6251.6298828125,5711722
2025-07-14 14:46:00+00:00,6252.75,6253.2099609375,6252.330078125,6252.35009765625,6235894
2025-07-14 14:47:00+00:00,6250.7998046875,6253.08984375,6250.27978515625,6252.72998046875,7055955
2025-07-14 14:48:00+00:00,6250.0,6251.240234375,6249.419921875,6250.8701171875,5543745
2025-07-14 14:49:00+00:00,6248.60009765625,6250.06005859375,6248.47998046875,6249.93994140625,5202787
2025-07-14 14:50:00+00:00,6249.43994140625,6249.6298828125,6248.2099609375,6248.669921875,5336940
2025-07-14 14:51:00+00:00,6252.080078125,6252.35986328125,6249.25,6249.3798828125,6459459
2025-07-14 14:52:00+00:00,6252.240234375,6252.509765625,6251.72998046875,6252.0498046875,5720516
2025-07-14 14:53:00+00:00,6253.08984375,6253.330078125,6252.080078125,6252.22998046875,4828922
2025-07-14 14:54:00+00:00,6252.41015625,6253.1201171875,6252.33984375,6253.1201171875,5744934
2025-07-14 14:55:00+00:00,6254.8701171875,6254.8701171875,6252.31005859375,6252.52001953125,6209161
2025-07-14 14:56:00+00:00,6254.02978515625,6255.240234375,6254.0,6255.080078125,6218444
2025-07-14 14:57:00+00:00,6255.75,6255.75,6254.25,6254.25,4763005
2025-07-14 14:58:00+00:00,6256.2900390625,6256.509765625,6255.89013671875,6255.89013671875,5152927
2025-07-14 14:59:00+00:00,6256.2998046875,6256.31982421875,6255.66015625,6256.2099609375,5156715
2025-07-14 15:00:00+00:00,6256.43994140625,6256.43994140625,6254.93994140625,6256.2998046875,5849448
2025-07-14 15:01:00+00:00,6257.85009765625,6258.8701171875,6256.77978515625,6256.77978515625,7091955
2025-07-14 15:02:00+00:00,6258.39013671875,6259.0400390625,6256.60986328125,6258.0,7354668
2025-07-14 15:03:00+00:00,6258.68017578125,6259.16015625,6257.81005859375,6258.330078125,7619450
2025-07-14 15:04:00+00:00,6256.39013671875,6259.66015625,6256.39013671875,6258.64013671875,7132099
2025-07-14 15:05:00+00:00,6255.3798828125,6256.39990234375,6254.89013671875,6256.31005859375,6893607
2025-07-14 15:06:00+00:00,6255.4599609375,6256.330078125,6254.8701171875,6255.41015625,6500723
2025-07-14 15:07:00+00:00,6256.740234375,6257.35009765625,6255.66015625,6255.66015625,5119270
2025-07-14 15:08:00+00:00,6257.47021484375,6257.77001953125,6256.56005859375,6256.759765625,4959287
2025-07-14 15:09:00+00:00,6256.66015625,6257.2900390625,6255.77978515625,6257.2001953125,6092272
2025-07-14 15:10:00+00:00,6256.89013671875,6257.64013671875,6256.490234375,6256.7998046875,5368918
2025-07-14 15:11:00+00:00,6257.16015625,6257.6298828125,6256.75,6256.830078125,5688159
2025-07-14 15:12:00+00:00,6257.93994140625,6258.080078125,6257.0400390625,6257.2099609375,5579013
2025-07-14 15:13:00+00:00,6258.31005859375,6258.7900390625,6257.5400390625,6257.81982421875,6145500
2025-07-14 15:14:00+00:00,6257.990234375,6259.1201171875,6257.64990234375,6258.2998046875,5767704
2025-07-14 15:15:00+00:00,6258.22998046875,6258.5498046875,6257.0498046875,6257.9501953125,6799287
2025-07-14 15:16:00+00:00,6256.35009765625,6259.1298828125,6256.0,6258.22998046875,6746537
2025-07-14 15:17:00+00:00,6256.93017578125,6257.35009765625,6256.2998046875,6256.2998046875,4973605
2025-07-14 15:18:00+00:00,6257.02978515625,6257.240234375,6255.97021484375,6256.8798828125,5699597
2025-07-14 15:19:00+00:00,6257.14013671875,6257.5,6256.81005859375,6257.009765625,5498679
2025-07-14 15:20:00+00:00,6256.52978515625,6257.52001953125,6256.509765625,6257.14990234375,5628281
2025-07-14 15:21:00+00:00,6256.7001953125,6257.27001953125,6256.41015625,6256.81982421875,5567049
2025-07-14 15:22:00+00:00,6256.39990234375,6257.009765625,6256.18017578125,6256.77978515625,5163006
2025-07-14 15:23:00+00:00,6258.18017578125,6258.18017578125,6256.10009765625,6256.3701171875,5268613
2025-07-14 15:24:00+00:00,6257.97998046875,6258.2001953125,6257.56005859375,6258.2001953125,5053741
2025-07-14 15:25:00+00:00,6258.1298828125,6258.5498046875,6257.77978515625,6258.0,5200968
2025-07-14 15:26:00+00:00,6259.64013671875,6259.7998046875,6258.02978515625,6258.1201171875,5107407
2025-07-14 15:27:00+00:00,6260.02001953125,6260.22998046875,6259.47021484375,6259.5498046875,4986355
2025-07-14 15:28:00+00:00,6261.740234375,6261.740234375,6259.7998046875,6260.1201171875,4792653
2025-07-14 15:29:00+00:00,6262.41015625,6262.41015625,6261.60986328125,6261.7099609375,4535259
2025-07-14 15:30:00+00:00,6262.8798828125,6263.0,6261.97998046875,6262.2900390625,5646608
2025-07-14 15:31:00+00:00,6262.77978515625,6263.509765625,6261.740234375,6262.759765625,6497846
2025-07-14 15:32:00+00:00,6261.93994140625,6262.990234375,6261.77001953125,6262.72998046875,4731786
2025-07-14 15:33:00+00:00,6261.58984375,6262.39990234375,6261.169921875,6262.16015625,4379280
2025-07-14 15:34:00+00:00,6261.5,6262.14013671875,6261.3798828125,6261.580078125,3955991
2025-07-14 15:35:00+00:00,6262.169921875,6262.18017578125,6260.35986328125,6261.3798828125,5001016
2025-07-14 15:36:00+00:00,6263.080078125,6263.2099609375,6262.06982421875,6262.10986328125,4436130
2025-07-14 15:37:00+00:00,6262.33984375,6263.39990234375,6262.2001953125,6263.080078125,5196302
2025-07-14 15:38:00+00:00,6263.56982421875,6263.7900390625,6262.3701171875,6262.3701171875,4381271
2025-07-14 15:39:00+00:00,6264.02001953125,6264.43017578125,6263.4501953125,6263.6298828125,4684292
2025-07-14 15:40:00+00:00,6264.9599609375,6264.97021484375,6263.89990234375,6264.009765625,5603541
2025-07-14 15:41:00+00:00,6265.2998046875,6265.330078125,6264.580078125,6265.0498046875,7208327
2025-07-14 15:42:00+00:00,6264.009765625,6265.419921875,6263.93017578125,6265.27001953125,3970725
2025-07-14 15:43:00+00:00,6264.7900390625,6265.14990234375,6264.06982421875,6264.06982421875,4142031
2025-07-14 15:44:00+00:00,6263.580078125,6264.8701171875,6263.5,6264.8701171875,4770384
2025-07-14 15:45:00+00:00,6261.6298828125,6263.7001953125,6261.4599609375,6263.52978515625,4984000
2025-07-14 15:46:00+00:00,6261.83984375,6262.72998046875,6261.509765625,6261.6298828125,3931000
2025-07-14 15:47:00+00:00,6262.77001953125,6262.77001953125,6261.52001953125,6261.759765625,5254000
2025-07-14 15:48:00+00:00,6262.06982421875,6263.009765625,6261.9501953125,6262.759765625,4903000
2025-07-14 15:49:00+00:00,6262.16015625,6262.2900390625,6261.68994140625,6262.10986328125,3569000
2025-07-14 15:50:00+00:00,6261.759765625,6261.759765625,6261.740234375,6261.740234375,4482000
2025-07-14 15:51:00+00:00,6262.47021484375,6262.75,6261.5498046875,6261.64990234375,4512000
2025-07-14 15:52:00+00:00,6261.919921875,6262.47998046875,6261.7001953125,6262.43017578125,3501000
2025-07-14 15:53:00+00:00,6262.10009765625,6262.580078125,6261.5498046875,6262.009765625,5476000
2025-07-14 15:54:00+00:00,6261.35009765625,6262.5,6260.81982421875,6262.2001953125,5217000
2025-07-14 15:55:00+00:00,6259.83984375,6261.77978515625,6259.81982421875,6261.43994140625,4627000
2025-07-14 15:56:00+00:00,6260.43017578125,6261.0400390625,6259.89013671875,6259.89013671875,4162000
2025-07-14 15:57:00+00:00,6260.7998046875,6260.93017578125,6259.68994140625,6260.39013671875,4878000
2025-07-14 15:58:00+00:00,6260.91015625,6261.02001953125,6260.58984375,6260.85986328125,3547000
2025-07-14 15:59:00+00:00,6261.1298828125,6261.490234375,6260.919921875,6260.919921875,3903000
2025-07-14 16:00:00+00:00,6260.7099609375,6261.52978515625,6260.43017578125,6261.1298828125,3950000
2025-07-14 16:01:00+00:00,6261.06005859375,6261.43017578125,6260.56005859375,6260.60986328125,3888000
2025-07-14 16:02:00+00:00,6261.91015625,6262.31982421875,6260.75,6260.8701171875,5716000
2025-07-14 16:03:00+00:00,6261.93994140625,6262.259765625,6261.43017578125,6262.06005859375,3872000
2025-07-14 16:04:00+00:00,6262.41015625,6262.85009765625,6261.89013671875,6261.89013671875,3821000
2025-07-14 16:05:00+00:00,6262.759765625,6262.81982421875,6262.27978515625,6262.2900390625,5480000
2025-07-14 16:06:00+00:00,6263.2001953125,6263.35986328125,6262.72021484375,6262.72021484375,3968000
2025-07-14 16:07:00+00:00,6264.58984375,6264.68017578125,6263.240234375,6263.25,3483000
2025-07-14 16:08:00+00:00,6263.83984375,6264.56982421875,6263.68017578125,6264.5498046875,4287000
2025-07-14 16:09:00+00:00,6264.7099609375,6264.7998046875,6263.72021484375,6263.77978515625,4102000
2025-07-14 16:10:00+00:00,6264.419921875,6264.97998046875,6264.0498046875,6264.740234375,5241000
2025-07-14 16:11:00+00:00,6261.14013671875,6264.27001953125,6261.14013671875,6264.27001953125,5495000
2025-07-14 16:12:00+00:00,6261.66015625,6261.7998046875,6259.8798828125,6261.10986328125,5045000
2025-07-14 16:13:00+00:00,6262.6201171875,6262.8701171875,6261.5,6261.6298828125,3869000
2025-07-14 16:14:00+00:00,6262.419921875,6262.6298828125,6262.06005859375,6262.6298828125,3033000
2025-07-14 16:15:00+00:00,6260.580078125,6262.419921875,6260.580078125,6262.419921875,3485000
2025-07-14 16:16:00+00:00,6260.22998046875,6260.68994140625,6260.2099609375,6260.4599609375,3340000
2025-07-14 16:17:00+00:00,6260.7099609375,6260.7099609375,6260.14013671875,6260.240234375,3316000
2025-07-14 16:18:00+00:00,6261.22998046875,6261.47021484375,6260.740234375,6260.740234375,3259000
2025-07-14 16:19:00+00:00,6261.22021484375,6261.2998046875,6260.83984375,6261.27978515625,3744000
2025-07-14 16:20:00+00:00,6262.009765625,6262.009765625,6260.8701171875,6261.16015625,4117000
2025-07-14 16:21:00+00:00,6262.68994140625,6262.7998046875,6261.91015625,6261.91015625,3721000
2025-07-14 16:22:00+00:00,6261.6201171875,6262.77978515625,6261.52001953125,6262.68994140625,2865000
2025-07-14 16:23:00+00:00,6261.6201171875,6261.81982421875,6261.33984375,6261.5400390625,3043000
2025-07-14 16:24:00+00:00,6261.3701171875,6261.72021484375,6261.009765625,6261.72021484375,3560000
2025-07-14 16:25:00+00:00,6261.7998046875,6262.02978515625,6260.830078125,6261.2998046875,3194000
2025-07-14 16:26:00+00:00,6261.18994140625,6261.85009765625,6260.83984375,6261.85009765625,3695000
2025-07-14 16:27:00+00:00,6260.64990234375,6261.5,6260.47998046875,6261.06982421875,3127000
2025-07-14 16:28:00+00:00,6261.1201171875,6261.2998046875,6260.4599609375,6260.56982421875,2977000
2025-07-14 16:29:00+00:00,6260.580078125,6261.169921875,6260.52978515625,6261.1201171875,3379000
2025-07-14 16:30:00+00:00,6260.18017578125,6260.919921875,6260.10986328125,6260.5400390625,4072000
2025-07-14 16:31:00+00:00,6258.68994140625,6260.330078125,6258.68017578125,6259.7900390625,4271000
2025-07-14 16:32:00+00:00,6258.81005859375,6259.1298828125,6258.18994140625,6258.72021484375,4334000
2025-07-14 16:33:00+00:00,6258.9599609375,6259.06982421875,6258.2900390625,6258.58984375,3568000
2025-07-14 16:34:00+00:00,6259.18017578125,6259.39013671875,6258.3701171875,6258.9599609375,4065000
2025-07-14 16:35:00+00:00,6259.52978515625,6259.89990234375,6258.77001953125,6259.25,3887000
2025-07-14 16:36:00+00:00,6259.56005859375,6259.66015625,6259.06982421875,6259.58984375,3503000
2025-07-14 16:37:00+00:00,6259.89990234375,6260.0,6259.64990234375,6259.77978515625,3769000
2025-07-14 16:38:00+00:00,6259.18017578125,6259.9599609375,6259.02978515625,6259.9501953125,3501000
2025-07-14 16:39:00+00:00,6259.259765625,6259.740234375,6259.22998046875,6259.22998046875,3876000
2025-07-14 16:40:00+00:00,6261.02001953125,6261.02001953125,6259.0498046875,6259.25,3741000
2025-07-14 16:41:00+00:00,6262.58984375,6262.60009765625,6261.02001953125,6261.02001953125,3199000
2025-07-14 16:42:00+00:00,6262.27978515625,6262.7001953125,6261.8701171875,6262.6298828125,3264000
2025-07-14 16:43:00+00:00,6262.77001953125,6262.89990234375,6262.0400390625,6262.27001953125,3711000
2025-07-14 16:44:00+00:00,6261.5400390625,6262.81982421875,6261.490234375,6262.81982421875,4092000
2025-07-14 16:45:00+00:00,6261.85009765625,6262.43994140625,6261.3701171875,6261.47021484375,4407000
2025-07-14 16:46:00+00:00,6262.2900390625,6262.35009765625,6261.2900390625,6261.759765625,3621000
2025-07-14 16:47:00+00:00,6261.66015625,6262.5498046875,6261.60009765625,6262.2900390625,3302000
2025-07-14 16:48:00+00:00,6262.60986328125,6262.60986328125,6261.740234375,6261.740234375,2772000
2025-07-14 16:49:00+00:00,6264.2001953125,6264.2001953125,6262.68017578125,6262.68017578125,4329000
2025-07-14 16:50:00+00:00,6264.02978515625,6264.52978515625,6263.83984375,6264.22021484375,4676000
2025-07-14 16:51:00+00:00,6264.240234375,6264.35986328125,6263.97998046875,6264.08984375,2903000
2025-07-14 16:52:00+00:00,6264.47021484375,6264.68017578125,6264.18994140625,6264.39013671875,3035000
2025-07-14 16:53:00+00:00,6265.58984375,6265.64013671875,6264.39013671875,6264.39013671875,3138000
2025-07-14 16:54:00+00:00,6265.7001953125,6265.85986328125,6265.27001953125,6265.5,3241000
2025-07-14 16:55:00+00:00,6264.8798828125,6265.830078125,6264.7099609375,6265.7099609375,3189000
2025-07-14 16:56:00+00:00,6266.08984375,6266.08984375,6264.77001953125,6264.77001953125,3112000
2025-07-14 16:57:00+00:00,6266.080078125,6266.47021484375,6265.7099609375,6266.14013671875,3141000
2025-07-14 16:58:00+00:00,6265.330078125,6266.0498046875,6265.14013671875,6266.0498046875,3764000
2025-07-14 16:59:00+00:00,6264.9501953125,6265.52001953125,6264.75,6265.31005859375,3237000
2025-07-14 17:00:00+00:00,6265.77001953125,6265.77001953125,6264.85009765625,6264.85009765625,3734000
2025-07-14 17:01:00+00:00,6265.83984375,6266.39990234375,6265.759765625,6265.7900390625,3170000
2025-07-14 17:02:00+00:00,6267.1298828125,6267.1298828125,6265.89013671875,6265.89013671875,3889000
2025-07-14 17:03:00+00:00,6267.52001953125,6267.64990234375,6267.2099609375,6267.27001953125,3594000
2025-07-14 17:04:00+00:00,6268.31005859375,6268.31005859375,6267.39990234375,6267.47998046875,3502000
2025-07-14 17:05:00+00:00,6267.18017578125,6268.1298828125,6267.16015625,6268.10986328125,3422000
2025-07-14 17:06:00+00:00,6267.0498046875,6267.7001953125,6266.47998046875,6267.22998046875,4268000
2025-07-14 17:07:00+00:00,6266.83984375,6267.58984375,6266.77001953125,6266.990234375,3475000
2025-07-14 17:08:00+00:00,6267.330078125,6267.35009765625,6266.7998046875,6266.830078125,3624000
2025-07-14 17:09:00+00:00,6266.91015625,6267.6298828125,6266.89990234375,6267.33984375,4187000
2025-07-14 17:10:00+00:00,6267.10986328125,6267.14990234375,6266.919921875,6266.9501953125,3451000
2025-07-14 17:11:00+00:00,6267.1298828125,6267.330078125,6266.8798828125,6267.169921875,3379000
2025-07-14 17:12:00+00:00,6266.81005859375,6267.1201171875,6266.490234375,6267.1201171875,4682000
2025-07-14 17:13:00+00:00,6267.080078125,6267.27001953125,6266.759765625,6266.919921875,4183000
2025-07-14 17:14:00+00:00,6268.169921875,6268.169921875,6266.990234375,6267.08984375,3361000
2025-07-14 17:15:00+00:00,6268.43017578125,6268.4501953125,6267.93017578125,6268.330078125,4493000
2025-07-14 17:16:00+00:00,6268.580078125,6269.14990234375,6268.33984375,6268.39990234375,3622000
2025-07-14 17:17:00+00:00,6270.5400390625,6270.60986328125,6268.47998046875,6268.64013671875,4054000
2025-07-14 17:18:00+00:00,6270.31005859375,6270.740234375,6270.14013671875,6270.60009765625,2985000
2025-07-14 17:19:00+00:00,6270.35009765625,6270.52978515625,6270.2099609375,6270.31982421875,4256000
2025-07-14 17:20:00+00:00,6270.14013671875,6270.56005859375,6270.08984375,6270.2998046875,3414000
2025-07-14 17:21:00+00:00,6269.41015625,6270.330078125,6269.39990234375,6270.259765625,3418000
2025-07-14 17:22:00+00:00,6269.06982421875,6269.39990234375,6268.830078125,6269.39990234375,3572000
2025-07-14 17:23:00+00:00,6268.6298828125,6269.1298828125,6268.6201171875,6269.06005859375,2865000
2025-07-14 17:24:00+00:00,6269.02978515625,6269.06982421875,6268.47998046875,6268.5400390625,2915000
2025-07-14 17:25:00+00:00,6268.43017578125,6269.3798828125,6268.39990234375,6268.97998046875,3465000
2025-07-14 17:26:00+00:00,6268.35986328125,6268.669921875,6268.10986328125,6268.39013671875,3055000
2025-07-14 17:27:00+00:00,6269.2099609375,6269.259765625,6268.330078125,6268.330078125,2759000
2025-07-14 17:28:00+00:00,6268.7998046875,6269.33984375,6268.68017578125,6269.27978515625,3269000
2025-07-14 17:29:00+00:00,6268.85009765625,6269.06982421875,6268.740234375,6268.740234375,3712000
2025-07-14 17:30:00+00:00,6268.72998046875,6269.33984375,6268.72998046875,6268.8701171875,3333000
2025-07-14 17:31:00+00:00,6269.18994140625,6269.4501953125,6268.4599609375,6268.4599609375,3372000
2025-07-14 17:32:00+00:00,6270.1201171875,6270.14990234375,6269.22021484375,6269.22021484375,3607000
2025-07-14 17:33:00+00:00,6270.490234375,6270.56982421875,6270.06005859375,6270.080078125,4912000
2025-07-14 17:34:00+00:00,6270.14013671875,6270.18017578125,6269.9501953125,6270.02978515625,3265000
2025-07-14 17:35:00+00:00,6270.47998046875,6270.6298828125,6269.89013671875,6270.169921875,2997000
2025-07-14 17:36:00+00:00,6271.14013671875,6271.31982421875,6270.31005859375,6270.39013671875,3321000
2025-07-14 17:37:00+00:00,6270.8701171875,6271.18017578125,6270.85986328125,6271.1201171875,3321000
2025-07-14 17:38:00+00:00,6269.6298828125,6270.8798828125,6269.35009765625,6270.8798828125,3930000
2025-07-14 17:39:00+00:00,6270.080078125,6270.18994140625,6269.58984375,6269.68994140625,3300000
2025-07-14 17:40:00+00:00,6269.47998046875,6270.1298828125,6269.27001953125,6270.08984375,4178000
2025-07-14 17:41:00+00:00,6268.3798828125,6269.41015625,6268.33984375,6269.41015625,3756000
2025-07-14 17:42:00+00:00,6268.22021484375,6268.97998046875,6268.22021484375,6268.41015625,3921000
2025-07-14 17:43:00+00:00,6268.66015625,6268.68994140625,6267.97998046875,6268.1201171875,3891000
2025-07-14 17:44:00+00:00,6268.490234375,6268.919921875,6268.35009765625,6268.72021484375,3830000
2025-07-14 17:45:00+00:00,6267.83984375,6268.58984375,6267.759765625,6268.509765625,3627000
2025-07-14 17:46:00+00:00,6266.33984375,6267.60986328125,6266.33984375,6267.58984375,3559000
2025-07-14 17:47:00+00:00,6266.7001953125,6266.85009765625,6265.93994140625,6266.33984375,4024000
2025-07-14 17:48:00+00:00,6268.4501953125,6268.4501953125,6266.7099609375,6266.7099609375,7906000
2025-07-14 17:49:00+00:00,6268.4599609375,6268.7001953125,6268.3701171875,6268.4599609375,3631000
2025-07-14 17:50:00+00:00,6269.330078125,6269.43017578125,6268.31005859375,6268.47021484375,3499000
2025-07-14 17:51:00+00:00,6269.56982421875,6269.7998046875,6269.18017578125,6269.43994140625,3081000
2025-07-14 17:52:00+00:00,6269.740234375,6270.31005859375,6269.490234375,6269.5498046875,3746000
2025-07-14 17:53:00+00:00,6270.240234375,6270.3798828125,6269.580078125,6269.759765625,3327000
2025-07-14 17:54:00+00:00,6270.35986328125,6270.4599609375,6269.9599609375,6270.25,3538000
2025-07-14 17:55:00+00:00,6270.18994140625,6270.52978515625,6270.06982421875,6270.41015625,3530000
2025-07-14 17:56:00+00:00,6269.35009765625,6270.1201171875,6269.22021484375,6270.1201171875,3490000
2025-07-14 17:57:00+00:00,6269.60986328125,6269.64013671875,6269.02978515625,6269.35009765625,3780000
2025-07-14 17:58:00+00:00,6269.58984375,6270.2099609375,6269.58984375,6269.66015625,3815000
2025-07-14 17:59:00+00:00,6268.52978515625,6269.64013671875,6268.47021484375,6269.580078125,3887000
2025-07-14 18:00:00+00:00,6268.89013671875,6269.0400390625,6268.47021484375,6268.52978515625,3522000
2025-07-14 18:01:00+00:00,6268.35009765625,6269.009765625,6268.240234375,6268.91015625,3210000
2025-07-14 18:02:00+00:00,6268.52978515625,6268.68994140625,6268.06982421875,6268.259765625,4860000
2025-07-14 18:03:00+00:00,6268.4501953125,6268.669921875,6268.0400390625,6268.52001953125,3629000
2025-07-14 18:04:00+00:00,6269.740234375,6269.77978515625,6268.43017578125,6268.43017578125,3322000
2025-07-14 18:05:00+00:00,6270.6298828125,6270.6298828125,6269.4599609375,6269.740234375,3948000
2025-07-14 18:06:00+00:00,6270.7001953125,6270.93994140625,6270.5400390625,6270.669921875,3582000
2025-07-14 18:07:00+00:00,6269.91015625,6270.85009765625,6269.60009765625,6270.68994140625,3396000
2025-07-14 18:08:00+00:00,6270.240234375,6270.3798828125,6269.83984375,6269.91015625,3261000
2025-07-14 18:09:00+00:00,6270.56005859375,6270.7900390625,6270.0,6270.240234375,2956000
2025-07-14 18:10:00+00:00,6270.39013671875,6270.5,6269.85986328125,6270.5,3408000
2025-07-14 18:11:00+00:00,6269.47998046875,6270.39990234375,6269.4501953125,6270.39990234375,2893000
2025-07-14 18:12:00+00:00,6269.0498046875,6269.509765625,6269.0498046875,6269.490234375,3545000
2025-07-14 18:13:00+00:00,6269.18994140625,6269.669921875,6268.990234375,6269.08984375,4195000
2025-07-14 18:14:00+00:00,6269.27978515625,6269.56982421875,6269.1298828125,6269.22021484375,3035000
2025-07-14 18:15:00+00:00,6269.10986328125,6269.7001953125,6268.7001953125,6269.27001953125,3615000
2025-07-14 18:16:00+00:00,6269.31005859375,6269.75,6269.02001953125,6269.080078125,3224000
2025-07-14 18:17:00+00:00,6269.1201171875,6269.52978515625,6268.9501953125,6269.2900390625,3744000
2025-07-14 18:18:00+00:00,6268.7900390625,6269.52978515625,6268.7900390625,6269.080078125,3098000
2025-07-14 18:19:00+00:00,6268.85986328125,6269.31005859375,6268.7900390625,6268.7900390625,3010000
2025-07-14 18:20:00+00:00,6269.43017578125,6269.6201171875,6268.740234375,6268.91015625,3092000
2025-07-14 18:21:00+00:00,6270.0,6270.22021484375,6269.39990234375,6269.43994140625,2976000
2025-07-14 18:22:00+00:00,6270.33984375,6270.43994140625,6269.7998046875,6269.97998046875,3824000
2025-07-14 18:23:00+00:00,6270.16015625,6270.35009765625,6269.740234375,6270.2998046875,3337000
2025-07-14 18:24:00+00:00,6270.1201171875,6270.41015625,6270.10986328125,6270.2998046875,3106000
2025-07-14 18:25:00+00:00,6270.259765625,6270.39013671875,6269.89013671875,6270.18017578125,3470000
2025-07-14 18:26:00+00:00,6271.18017578125,6271.2001953125,6270.18994140625,6270.22998046875,4295000
2025-07-14 18:27:00+00:00,6271.0498046875,6271.169921875,6270.7001953125,6271.169921875,3637000
2025-07-14 18:28:00+00:00,6270.990234375,6271.43994140625,6270.85986328125,6271.080078125,3018000
2025-07-14 18:29:00+00:00,6271.259765625,6271.27978515625,6270.68994140625,6270.9599609375,4192000
2025-07-14 18:30:00+00:00,6272.0,6272.080078125,6270.990234375,6271.25,4672000
2025-07-14 18:31:00+00:00,6272.259765625,6272.43017578125,6271.93994140625,6272.02001953125,3869000
2025-07-14 18:32:00+00:00,6272.4599609375,6272.72021484375,6272.2900390625,6272.31005859375,4660000
2025-07-14 18:33:00+00:00,6272.93017578125,6272.93017578125,6272.330078125,6272.509765625,3699000
2025-07-14 18:34:00+00:00,6272.97021484375,6273.02001953125,6272.10009765625,6272.9599609375,4336000
2025-07-14 18:35:00+00:00,6273.22021484375,6273.22021484375,6272.7900390625,6273.009765625,3382000
2025-07-14 18:36:00+00:00,6272.8798828125,6273.31005859375,6272.8701171875,6273.2001953125,3491000
2025-07-14 18:37:00+00:00,6272.0498046875,6273.02001953125,6272.0498046875,6272.8701171875,4266000
2025-07-14 18:38:00+00:00,6272.02978515625,6272.3701171875,6271.66015625,6272.14990234375,4624000
2025-07-14 18:39:00+00:00,6271.41015625,6272.080078125,6271.3798828125,6271.990234375,3980000
2025-07-14 18:40:00+00:00,6271.77978515625,6271.77978515625,6271.14990234375,6271.41015625,4031000
2025-07-14 18:41:00+00:00,6271.2900390625,6271.759765625,6271.18994140625,6271.75,3946000
2025-07-14 18:42:00+00:00,6271.16015625,6271.509765625,6271.16015625,6271.2998046875,3921000
2025-07-14 18:43:00+00:00,6271.240234375,6271.35986328125,6270.89990234375,6271.1298828125,3526000
2025-07-14 18:44:00+00:00,6272.02001953125,6272.06005859375,6271.22021484375,6271.22998046875,3798000
2025-07-14 18:45:00+00:00,6272.18017578125,6272.330078125,6271.759765625,6271.93994140625,3510000
2025-07-14 18:46:00+00:00,6272.08984375,6272.41015625,6272.080078125,6272.22021484375,4254000
2025-07-14 18:47:00+00:00,6272.3701171875,6272.4501953125,6271.68017578125,6271.97998046875,4309000
2025-07-14 18:48:00+00:00,6271.89990234375,6272.3701171875,6271.8798828125,6272.3701171875,3535000
2025-07-14 18:49:00+00:00,6271.490234375,6271.89013671875,6271.2099609375,6271.8701171875,3996000
2025-07-14 18:50:00+00:00,6271.330078125,6271.740234375,6271.06982421875,6271.4599609375,4394000
2025-07-14 18:51:00+00:00,6271.669921875,6271.89990234375,6271.33984375,6271.33984375,3451000
2025-07-14 18:52:00+00:00,6272.10986328125,6272.1201171875,6271.669921875,6271.68994140625,3521000
2025-07-14 18:53:00+00:00,6272.31005859375,6272.33984375,6271.85986328125,6272.1201171875,4225000
2025-07-14 18:54:00+00:00,6272.1298828125,6272.4501953125,6272.06005859375,6272.330078125,4273000
2025-07-14 18:55:00+00:00,6272.080078125,6272.43994140625,6271.89990234375,6272.080078125,4281000
2025-07-14 18:56:00+00:00,6270.8701171875,6272.0400390625,6270.8701171875,6272.0400390625,3903000
2025-07-14 18:57:00+00:00,6270.56005859375,6270.81982421875,6270.27001953125,6270.81982421875,4258000
2025-07-14 18:58:00+00:00,6270.9599609375,6271.0,6270.43994140625,6270.5400390625,5444000
2025-07-14 18:59:00+00:00,6270.85986328125,6271.33984375,6270.7900390625,6270.93994140625,4843000
2025-07-14 19:00:00+00:00,6271.990234375,6272.009765625,6270.89990234375,6270.89990234375,5065000
2025-07-14 19:01:00+00:00,6272.169921875,6272.25,6271.9501953125,6272.009765625,5786000
2025-07-14 19:02:00+00:00,6271.3701171875,6272.64013671875,6271.3701171875,6272.18017578125,5028000
2025-07-14 19:03:00+00:00,6271.740234375,6271.77978515625,6271.39990234375,6271.39990234375,4627000
2025-07-14 19:04:00+00:00,6271.89990234375,6272.52978515625,6271.7099609375,6271.7099609375,5397000
2025-07-14 19:05:00+00:00,6271.52978515625,6271.85009765625,6271.43017578125,6271.830078125,4941000
2025-07-14 19:06:00+00:00,6270.83984375,6271.60009765625,6270.83984375,6271.4599609375,4611000
2025-07-14 19:07:00+00:00,6270.52978515625,6271.02001953125,6270.47998046875,6270.85009765625,4587000
2025-07-14 19:08:00+00:00,6269.43994140625,6270.5,6269.27978515625,6270.5,5786000
2025-07-14 19:09:00+00:00,6269.080078125,6269.5498046875,6269.02001953125,6269.39990234375,4108000
2025-07-14 19:10:00+00:00,6268.89990234375,6269.7900390625,6268.89990234375,6269.10986328125,5130000
2025-07-14 19:11:00+00:00,6269.60009765625,6269.72998046875,6268.85986328125,6268.9599609375,4618000
2025-07-14 19:12:00+00:00,6269.6201171875,6269.64990234375,6269.1298828125,6269.60009765625,4172000
2025-07-14 19:13:00+00:00,6269.93017578125,6269.9501953125,6269.259765625,6269.52978515625,4991000
2025-07-14 19:14:00+00:00,6270.56005859375,6270.68017578125,6269.7998046875,6269.919921875,4583000
2025-07-14 19:15:00+00:00,6269.740234375,6270.580078125,6269.7099609375,6270.5498046875,5122000
2025-07-14 19:16:00+00:00,6269.16015625,6269.740234375,6269.0400390625,6269.740234375,4912000
2025-07-14 19:17:00+00:00,6269.419921875,6269.759765625,6269.1298828125,6269.14990234375,4809000
2025-07-14 19:18:00+00:00,6269.35986328125,6269.64013671875,6269.35009765625,6269.43017578125,4826000
2025-07-14 19:19:00+00:00,6269.39990234375,6269.4501953125,6268.97998046875,6269.3701171875,5195000
2025-07-14 19:20:00+00:00,6268.759765625,6269.60009765625,6267.9599609375,6269.3701171875,8424000
2025-07-14 19:21:00+00:00,6267.52001953125,6268.72998046875,6267.169921875,6268.72998046875,5872000
2025-07-14 19:22:00+00:00,6267.93017578125,6267.93017578125,6267.10009765625,6267.509765625,4944000
2025-07-14 19:23:00+00:00,6267.3798828125,6268.080078125,6267.3798828125,6268.02978515625,4840000
2025-07-14 19:24:00+00:00,6267.35009765625,6267.43017578125,6267.06005859375,6267.06005859375,5110000
2025-07-14 19:25:00+00:00,6268.240234375,6268.240234375,6267.2998046875,6267.330078125,5281000
2025-07-14 19:26:00+00:00,6269.14990234375,6269.91015625,6268.27978515625,6268.27978515625,6871000
2025-07-14 19:27:00+00:00,6268.93994140625,6269.39990234375,6268.93994140625,6269.240234375,5368000
2025-07-14 19:28:00+00:00,6269.22998046875,6269.3701171875,6268.81005859375,6269.009765625,4959000
2025-07-14 19:29:00+00:00,6268.58984375,6269.35986328125,6268.25,6269.31982421875,6945000
2025-07-14 19:30:00+00:00,6267.39013671875,6268.64990234375,6267.240234375,6268.64990234375,7896000
2025-07-14 19:31:00+00:00,6266.68017578125,6267.330078125,6266.60009765625,6267.330078125,7212000
2025-07-14 19:32:00+00:00,6267.10009765625,6267.2900390625,6266.6298828125,6266.68017578125,6891000
2025-07-14 19:33:00+00:00,6267.02978515625,6267.06982421875,6266.39990234375,6267.06982421875,5589000
2025-07-14 19:34:00+00:00,6266.68017578125,6267.080078125,6266.580078125,6267.0400390625,5679000
2025-07-14 19:35:00+00:00,6267.10009765625,6267.2001953125,6266.2998046875,6266.6201171875,6535000
2025-07-14 19:36:00+00:00,6267.41015625,6267.47998046875,6266.830078125,6267.1201171875,6958000
2025-07-14 19:37:00+00:00,6267.3701171875,6267.580078125,6267.10986328125,6267.35986328125,6223000
2025-07-14 19:38:00+00:00,6267.0,6268.0498046875,6266.97998046875,6267.3701171875,6333000
2025-07-14 19:39:00+00:00,6267.02001953125,6267.47021484375,6266.89013671875,6267.0400390625,6165000
2025-07-14 19:40:00+00:00,6267.81982421875,6267.81982421875,6266.9599609375,6266.9599609375,6607000
2025-07-14 19:41:00+00:00,6267.009765625,6267.830078125,6266.919921875,6267.68994140625,6928000
2025-07-14 19:42:00+00:00,6266.7099609375,6267.0400390625,6266.52001953125,6266.97998046875,6085000
2025-07-14 19:43:00+00:00,6266.4501953125,6267.1201171875,6266.43017578125,6266.72998046875,6995000
2025-07-14 19:44:00+00:00,6265.919921875,6266.43017578125,6265.81005859375,6266.3798828125,7080000
2025-07-14 19:45:00+00:00,6265.10986328125,6265.9599609375,6265.10986328125,6265.9599609375,8968000
2025-07-14 19:46:00+00:00,6266.56982421875,6266.89013671875,6264.77978515625,6264.89990234375,7963000
2025-07-14 19:47:00+00:00,6267.240234375,6267.39990234375,6266.14990234375,6266.5,8037000
2025-07-14 19:48:00+00:00,6266.77978515625,6267.39013671875,6266.60986328125,6267.22998046875,8081000
2025-07-14 19:49:00+00:00,6269.47021484375,6269.830078125,6266.81982421875,6266.81982421875,12013000
2025-07-14 19:50:00+00:00,6266.2099609375,6269.47998046875,6265.93017578125,6269.4599609375,14975000
2025-07-14 19:51:00+00:00,6266.02978515625,6266.75,6265.580078125,6266.22998046875,13150000
2025-07-14 19:52:00+00:00,6266.8798828125,6267.2900390625,6266.0400390625,6266.0400390625,12906000
2025-07-14 19:53:00+00:00,6266.8798828125,6266.93017578125,6266.2900390625,6266.93017578125,13636000
2025-07-14 19:54:00+00:00,6267.64013671875,6268.3701171875,6266.91015625,6266.91015625,19447000
2025-07-14 19:55:00+00:00,6267.919921875,6267.919921875,6266.66015625,6267.66015625,24038000
2025-07-14 19:56:00+00:00,6266.89990234375,6268.10009765625,6266.68994140625,6267.93994140625,23487000
2025-07-14 19:57:00+00:00,6267.85009765625,6267.89013671875,6266.5498046875,6266.830078125,25690000
2025-07-14 19:58:00+00:00,6270.14013671875,6270.35986328125,6267.919921875,6267.919921875,39414000
2025-07-14 19:59:00+00:00,6268.10986328125,6270.77978515625,6268.10986328125,6270.18994140625,68123000
2025-07-15 13:30:00+00:00,6298.9599609375,6302.0400390625,6295.2900390625,6295.2900390625,97708940
2025-07-15 13:31:00+00:00,6297.56005859375,6299.75,6295.97998046875,6299.47998046875,18115827
2025-07-15 13:32:00+00:00,6296.759765625,6300.06982421875,6295.22998046875,6298.27978515625,16242868
2025-07-15 13:33:00+00:00,6293.830078125,6296.89013671875,6293.60986328125,6296.89013671875,13898996
2025-07-15 13:34:00+00:00,6290.18017578125,6294.93017578125,6290.18017578125,6293.81005859375,12261886
2025-07-15 13:35:00+00:00,6291.6201171875,6292.509765625,6290.0400390625,6290.39990234375,11870014
2025-07-15 13:36:00+00:00,6293.2099609375,6293.2099609375,6291.06005859375,6291.64013671875,12980862
2025-07-15 13:37:00+00:00,6290.52001953125,6291.60986328125,6289.77978515625,6291.0,10495341
2025-07-15 13:38:00+00:00,6289.08984375,6290.5400390625,6288.06982421875,6290.5400390625,10821028
2025-07-15 13:39:00+00:00,6286.6201171875,6290.14990234375,6286.6201171875,6289.169921875,10473689
2025-07-15 13:40:00+00:00,6282.83984375,6286.5498046875,6279.9599609375,6286.5498046875,12869159
2025-07-15 13:41:00+00:00,6283.10009765625,6283.85986328125,6281.2900390625,6282.93994140625,10928104
2025-07-15 13:42:00+00:00,6285.72998046875,6286.08984375,6281.580078125,6283.18994140625,10364056
2025-07-15 13:43:00+00:00,6284.3798828125,6287.0400390625,6283.41015625,6285.93017578125,10215049
2025-07-15 13:44:00+00:00,6285.43994140625,6286.2900390625,6283.06982421875,6284.4599609375,9547419
2025-07-15 13:45:00+00:00,6287.22998046875,6287.5498046875,6284.2001953125,6285.56982421875,12107292
2025-07-15 13:46:00+00:00,6283.66015625,6287.169921875,6283.66015625,6287.169921875,9991140
2025-07-15 13:47:00+00:00,6280.58984375,6284.02001953125,6279.93994140625,6283.7001953125,10758754
2025-07-15 13:48:00+00:00,6283.259765625,6283.2900390625,6280.7998046875,6280.97021484375,11574185
2025-07-15 13:49:00+00:00,6281.0498046875,6283.47998046875,6280.68994140625,6283.330078125,9323666
2025-07-15 13:50:00+00:00,6284.6298828125,6284.64013671875,6280.5400390625,6280.830078125,10010956
2025-07-15 13:51:00+00:00,6283.8798828125,6284.75,6282.35986328125,6284.75,9247068
2025-07-15 13:52:00+00:00,6284.169921875,6284.8798828125,6283.72021484375,6284.0400390625,8228586
2025-07-15 13:53:00+00:00,6282.509765625,6284.75,6282.08984375,6284.0400390625,8067332
2025-07-15 13:54:00+00:00,6282.43017578125,6282.64013671875,6280.85009765625,6282.47021484375,8928708
2025-07-15 13:55:00+00:00,6283.7900390625,6284.08984375,6282.419921875,6282.509765625,9315540
2025-07-15 13:56:00+00:00,6283.06982421875,6284.43994140625,6282.83984375,6283.9501953125,9034797
2025-07-15 13:57:00+00:00,6281.14990234375,6283.35009765625,6280.9599609375,6282.7099609375,10478556
2025-07-15 13:58:00+00:00,6279.08984375,6281.2900390625,6278.7001953125,6280.81982421875,8339898
2025-07-15 13:59:00+00:00,6278.009765625,6279.330078125,6277.169921875,6279.080078125,8339573
2025-07-15 14:00:00+00:00,6276.919921875,6279.7099609375,6276.7001953125,6277.990234375,11566492
2025-07-15 14:01:00+00:00,6277.89990234375,6278.919921875,6276.5,6277.27001953125,10238309
2025-07-15 14:02:00+00:00,6277.41015625,6279.009765625,6277.41015625,6277.9501953125,8884749
2025-07-15 14:03:00+00:00,6276.02001953125,6278.22998046875,6275.72021484375,6277.509765625,9903588
2025-07-15 14:04:00+00:00,6275.759765625,6275.8798828125,6274.7900390625,6274.7900390625,7343059
2025-07-15 14:05:00+00:00,6277.52978515625,6277.990234375,6275.169921875,6275.8701171875,10177350
2025-07-15 14:06:00+00:00,6279.81982421875,6280.14990234375,6277.7099609375,6277.7099609375,8586650
2025-07-15 14:07:00+00:00,6280.08984375,6280.240234375,6278.3701171875,6279.990234375,9236937
2025-07-15 14:08:00+00:00,6278.56982421875,6279.89013671875,6277.2900390625,6279.89013671875,9197294
2025-07-15 14:09:00+00:00,6279.14013671875,6279.89990234375,6278.31982421875,6278.47021484375,8994507
2025-07-15 14:10:00+00:00,6279.43994140625,6279.9501953125,6278.830078125,6279.1201171875,8726390
2025-07-15 14:11:00+00:00,6282.47998046875,6282.47998046875,6279.52978515625,6279.52978515625,9350028
2025-07-15 14:12:00+00:00,6282.47998046875,6283.06005859375,6281.27978515625,6282.580078125,8274879
2025-07-15 14:13:00+00:00,6282.33984375,6282.7998046875,6281.4599609375,6282.509765625,7935881
2025-07-15 14:14:00+00:00,6283.830078125,6283.830078125,6282.35986328125,6282.3798828125,7476960
2025-07-15 14:15:00+00:00,6284.47021484375,6285.240234375,6283.56005859375,6283.6298828125,7629239
2025-07-15 14:16:00+00:00,6283.18994140625,6284.5400390625,6282.60986328125,6284.5400390625,8481135
2025-07-15 14:17:00+00:00,6279.47021484375,6283.6298828125,6278.93994140625,6283.25,8760240
2025-07-15 14:18:00+00:00,6280.16015625,6280.41015625,6278.9599609375,6279.56982421875,7144214
2025-07-15 14:19:00+00:00,6282.22998046875,6282.27001953125,6279.740234375,6280.2998046875,8752037
2025-07-15 14:20:00+00:00,6282.6298828125,6282.6298828125,6280.27001953125,6282.39013671875,8046475
2025-07-15 14:21:00+00:00,6282.2900390625,6283.0,6281.83984375,6282.91015625,8255840
2025-07-15 14:22:00+00:00,6282.64990234375,6283.169921875,6282.22998046875,6282.33984375,8733771
2025-07-15 14:23:00+00:00,6281.990234375,6282.64990234375,6280.1201171875,6282.64990234375,7957962
2025-07-15 14:24:00+00:00,6281.740234375,6282.1201171875,6280.830078125,6282.1201171875,7403591
2025-07-15 14:25:00+00:00,6276.919921875,6281.81005859375,6276.740234375,6281.6201171875,10434229
2025-07-15 14:26:00+00:00,6277.259765625,6277.35986328125,6275.72998046875,6276.52001953125,8406442
2025-07-15 14:27:00+00:00,6277.0400390625,6277.830078125,6276.4599609375,6277.31005859375,7389922
2025-07-15 14:28:00+00:00,6276.47998046875,6277.68994140625,6276.2998046875,6276.919921875,9587012
2025-07-15 14:29:00+00:00,6276.72998046875,6278.18994140625,6276.490234375,6276.60009765625,7098228
2025-07-15 14:30:00+00:00,6276.43017578125,6276.93017578125,6275.43994140625,6276.64990234375,11153351
2025-07-15 14:31:00+00:00,6273.080078125,6276.81982421875,6273.080078125,6276.81982421875,8414929
2025-07-15 14:32:00+00:00,6274.2001953125,6274.2001953125,6270.18017578125,6273.06982421875,7789840
2025-07-15 14:33:00+00:00,6274.93017578125,6275.8798828125,6273.52001953125,6274.16015625,6942194
2025-07-15 14:34:00+00:00,6275.0400390625,6275.240234375,6273.990234375,6274.830078125,6804316
2025-07-15 14:36:00+00:00,6273.06982421875,6276.080078125,6273.02978515625,6275.89990234375,16653408
2025-07-15 14:37:00+00:00,6271.08984375,6273.14013671875,6270.41015625,6273.14013671875,9078474
2025-07-15 14:38:00+00:00,6272.2001953125,6272.2001953125,6270.39013671875,6271.18017578125,6755438
2025-07-15 14:39:00+00:00,6271.97998046875,6273.35009765625,6271.259765625,6272.06982421875,6203980
2025-07-15 14:40:00+00:00,6271.0498046875,6272.52978515625,6270.6201171875,6272.06005859375,7953380
2025-07-15 14:41:00+00:00,6271.830078125,6271.830078125,6270.0498046875,6270.490234375,7572312
2025-07-15 14:42:00+00:00,6271.3701171875,6271.85986328125,6270.52978515625,6271.72021484375,6980966
2025-07-15 14:43:00+00:00,6268.68017578125,6271.7001953125,6268.68017578125,6271.52978515625,7045350
2025-07-15 14:44:00+00:00,6270.2900390625,6270.64990234375,6268.60009765625,6268.60009765625,6652066
2025-07-15 14:45:00+00:00,6272.759765625,6272.77001953125,6270.22021484375,6270.39013671875,5367036
2025-07-15 14:46:00+00:00,6273.52978515625,6273.72998046875,6272.41015625,6272.77978515625,6004162
2025-07-15 14:47:00+00:00,6273.83984375,6274.64990234375,6273.58984375,6273.58984375,5681529
2025-07-15 14:48:00+00:00,6272.740234375,6273.990234375,6272.06005859375,6272.7001953125,6256933
2025-07-15 14:49:00+00:00,6272.83984375,6272.97998046875,6271.759765625,6272.56982421875,5766047
2025-07-15 14:50:00+00:00,6271.43017578125,6273.7900390625,6271.43017578125,6272.9501953125,5796591
2025-07-15 14:51:00+00:00,6266.4501953125,6271.4501953125,6266.2998046875,6271.419921875,7538249
2025-07-15 14:52:00+00:00,6265.2099609375,6266.35009765625,6264.83984375,6266.35009765625,6315734
2025-07-15 14:53:00+00:00,6264.91015625,6265.68017578125,6264.43017578125,6264.91015625,5473590
2025-07-15 14:54:00+00:00,6264.5400390625,6265.08984375,6262.10009765625,6264.72021484375,6850041
2025-07-15 14:55:00+00:00,6262.3798828125,6264.5,6262.27978515625,6264.5,6177713
2025-07-15 14:56:00+00:00,6260.85986328125,6262.47021484375,6260.7900390625,6262.47021484375,7799792
2025-07-15 14:57:00+00:00,6261.990234375,6262.93017578125,6260.75,6260.75,5377149
2025-07-15 14:58:00+00:00,6259.83984375,6261.89990234375,6259.330078125,6261.89990234375,5456179
2025-07-15 14:59:00+00:00,6259.2900390625,6259.97021484375,6259.14013671875,6259.9501953125,5702865
2025-07-15 15:00:00+00:00,6260.8701171875,6262.56005859375,6259.419921875,6259.419921875,7758250
2025-07-15 15:01:00+00:00,6262.1298828125,6262.7900390625,6260.33984375,6260.72998046875,6276170
2025-07-15 15:02:00+00:00,6263.77978515625,6263.77978515625,6261.93994140625,6262.06005859375,5585553
2025-07-15 15:03:00+00:00,6263.75,6264.93017578125,6263.14990234375,6263.7998046875,5756634
2025-07-15 15:04:00+00:00,6264.02001953125,6264.83984375,6263.509765625,6263.830078125,6075705
2025-07-15 15:05:00+00:00,6266.02978515625,6266.27978515625,6264.0400390625,6264.0400390625,5663037
2025-07-15 15:06:00+00:00,6266.91015625,6266.97998046875,6266.7900390625,6266.89013671875,6385476
2025-07-15 15:07:00+00:00,6266.47998046875,6267.10986328125,6266.22021484375,6267.02978515625,5022891
2025-07-15 15:08:00+00:00,6269.490234375,6269.490234375,6266.33984375,6266.5400390625,6003082
2025-07-15 15:09:00+00:00,6268.31005859375,6269.35009765625,6268.31005859375,6269.35009765625,5886664
2025-07-15 15:10:00+00:00,6267.47021484375,6268.39013671875,6267.35009765625,6267.9501953125,6105623
2025-07-15 15:11:00+00:00,6268.759765625,6269.06005859375,6266.89013671875,6267.33984375,5337159
2025-07-15 15:12:00+00:00,6268.39013671875,6269.33984375,6268.35986328125,6268.85009765625,5890446
2025-07-15 15:13:00+00:00,6268.009765625,6268.830078125,6267.8701171875,6268.509765625,5685497
2025-07-15 15:14:00+00:00,6264.0498046875,6267.8798828125,6264.0498046875,6267.8798828125,6126450
2025-07-15 15:15:00+00:00,6264.77978515625,6265.06005859375,6263.6298828125,6263.72021484375,6000206
2025-07-15 15:16:00+00:00,6264.52978515625,6265.14013671875,6262.85009765625,6264.75,6426915
2025-07-15 15:17:00+00:00,6264.14013671875,6264.64013671875,6263.60009765625,6264.6201171875,5416084
2025-07-15 15:18:00+00:00,6264.2099609375,6264.4501953125,6263.240234375,6264.14013671875,4938989
2025-07-15 15:19:00+00:00,6264.64990234375,6264.81005859375,6263.1298828125,6263.93994140625,4805809
2025-07-15 15:20:00+00:00,6265.47021484375,6266.75,6264.35009765625,6264.72021484375,5627047
2025-07-15 15:21:00+00:00,6266.16015625,6266.25,6264.39013671875,6265.43994140625,5121000
2025-07-15 15:22:00+00:00,6269.2001953125,6269.35986328125,6266.259765625,6266.259765625,5388000
2025-07-15 15:23:00+00:00,6270.56982421875,6270.6298828125,6269.0400390625,6269.169921875,4988000
2025-07-15 15:24:00+00:00,6271.10009765625,6271.509765625,6270.56005859375,6270.56005859375,6014000
2025-07-15 15:25:00+00:00,6271.68017578125,6272.2001953125,6270.35009765625,6271.06982421875,7176000
2025-07-15 15:26:00+00:00,6270.68017578125,6271.93994140625,6270.2998046875,6271.72021484375,6065000
2025-07-15 15:27:00+00:00,6272.08984375,6272.14013671875,6270.47021484375,6270.81005859375,5434000
2025-07-15 15:28:00+00:00,6271.58984375,6272.31005859375,6271.1201171875,6272.10009765625,5896000
2025-07-15 15:29:00+00:00,6272.43017578125,6273.080078125,6271.75,6271.77001953125,5492000
2025-07-15 15:30:00+00:00,6272.8701171875,6273.02001953125,6271.77001953125,6272.35986328125,6012000
2025-07-15 15:31:00+00:00,6271.35986328125,6273.1298828125,6271.35986328125,6272.93017578125,6733000
2025-07-15 15:32:00+00:00,6269.14013671875,6271.22998046875,6269.14013671875,6271.22998046875,6319000
2025-07-15 15:33:00+00:00,6267.25,6269.3701171875,6267.1201171875,6269.1298828125,5845000
2025-07-15 15:34:00+00:00,6268.1201171875,6268.169921875,6266.72998046875,6267.18994140625,5703000
2025-07-15 15:35:00+00:00,6267.4501953125,6268.2998046875,6266.9501953125,6268.2998046875,4563000
2025-07-15 15:36:00+00:00,6267.14013671875,6268.47021484375,6267.14013671875,6267.490234375,4865000
2025-07-15 15:37:00+00:00,6269.35009765625,6269.4501953125,6266.7099609375,6267.2001953125,5624000
2025-07-15 15:38:00+00:00,6268.66015625,6269.81005859375,6268.31982421875,6269.3701171875,4771000
2025-07-15 15:39:00+00:00,6269.2099609375,6269.47998046875,6268.009765625,6268.56982421875,4034000
2025-07-15 15:40:00+00:00,6269.27978515625,6269.72021484375,6268.5498046875,6269.2001953125,4687000
2025-07-15 15:41:00+00:00,6269.85009765625,6269.9599609375,6268.93017578125,6269.31005859375,4307000
2025-07-15 15:42:00+00:00,6271.31005859375,6271.39990234375,6269.85986328125,6269.85986328125,4113000
2025-07-15 15:43:00+00:00,6272.68994140625,6272.68994140625,6271.14990234375,6271.41015625,4529000
2025-07-15 15:44:00+00:00,6271.580078125,6272.830078125,6271.580078125,6272.830078125,4455000
2025-07-15 15:45:00+00:00,6271.72998046875,6271.93994140625,6271.14990234375,6271.580078125,4537000
2025-07-15 15:46:00+00:00,6272.16015625,6272.3701171875,6271.64990234375,6271.68994140625,4183000
2025-07-15 15:47:00+00:00,6273.22998046875,6273.22998046875,6272.06005859375,6272.2099609375,4388000
2025-07-15 15:48:00+00:00,6274.2001953125,6274.25,6273.10009765625,6273.330078125,4763000
2025-07-15 15:49:00+00:00,6274.0,6274.56005859375,6273.60009765625,6274.330078125,4158000
2025-07-15 15:50:00+00:00,6273.89990234375,6274.0400390625,6273.10009765625,6273.93994140625,4429000
2025-07-15 15:51:00+00:00,6272.89990234375,6274.06982421875,6272.85986328125,6273.93994140625,3602000
2025-07-15 15:52:00+00:00,6270.93994140625,6272.89990234375,6270.830078125,6272.89990234375,4983000
2025-07-15 15:53:00+00:00,6269.58984375,6271.18017578125,6269.58984375,6270.89013671875,4444000
2025-07-15 15:54:00+00:00,6269.72998046875,6270.41015625,6269.580078125,6269.580078125,4264000
2025-07-15 15:55:00+00:00,6267.66015625,6269.72021484375,6267.66015625,6269.64990234375,5228000
2025-07-15 15:56:00+00:00,6267.97021484375,6267.97998046875,6266.4501953125,6267.64013671875,4910000
2025-07-15 15:57:00+00:00,6268.330078125,6268.68017578125,6267.81982421875,6267.8701171875,4563000
2025-07-15 15:58:00+00:00,6269.14990234375,6269.47998046875,6268.41015625,6268.41015625,6178000
2025-07-15 15:59:00+00:00,6268.93994140625,6269.31982421875,6268.75,6269.1201171875,4162000
2025-07-15 16:00:00+00:00,6270.33984375,6270.35986328125,6268.68994140625,6269.0,5250000
2025-07-15 16:01:00+00:00,6268.830078125,6270.27978515625,6268.5498046875,6270.259765625,4229000
2025-07-15 16:02:00+00:00,6268.02001953125,6269.0498046875,6267.8798828125,6268.68994140625,3923000
2025-07-15 16:03:00+00:00,6268.3798828125,6268.66015625,6267.77978515625,6267.97998046875,4330000
2025-07-15 16:04:00+00:00,6269.830078125,6269.8701171875,6268.56005859375,6268.56005859375,4774000
2025-07-15 16:05:00+00:00,6269.830078125,6270.14990234375,6268.97021484375,6269.77001953125,4361000
2025-07-15 16:06:00+00:00,6270.240234375,6270.31005859375,6269.68017578125,6269.77978515625,4912000
2025-07-15 16:07:00+00:00,6268.080078125,6270.2001953125,6268.080078125,6270.14013671875,4933000
2025-07-15 16:08:00+00:00,6264.93994140625,6268.259765625,6264.56982421875,6268.06005859375,5039000
2025-07-15 16:09:00+00:00,6263.8798828125,6265.06982421875,6263.64013671875,6264.81982421875,5839000
2025-07-15 16:10:00+00:00,6263.08984375,6263.8798828125,6261.509765625,6263.8798828125,5593000
2025-07-15 16:11:00+00:00,6263.4501953125,6263.68017578125,6262.919921875,6263.06982421875,4038000
2025-07-15 16:12:00+00:00,6263.02978515625,6263.60009765625,6262.72021484375,6263.35986328125,4167000
2025-07-15 16:13:00+00:00,6265.18017578125,6265.18017578125,6263.0,6263.0,4277000
2025-07-15 16:14:00+00:00,6264.43994140625,6265.330078125,6264.009765625,6265.10986328125,3875000
2025-07-15 16:15:00+00:00,6264.31005859375,6264.64013671875,6263.97021484375,6264.4501953125,3291000
2025-07-15 16:16:00+00:00,6266.58984375,6266.64990234375,6264.419921875,6264.419921875,4208000
2025-07-15 16:17:00+00:00,6265.9501953125,6266.6298828125,6265.8798828125,6266.52001953125,3690000
2025-07-15 16:18:00+00:00,6266.47998046875,6266.990234375,6266.02001953125,6266.02001953125,4647000
2025-07-15 16:19:00+00:00,6264.83984375,6266.509765625,6264.509765625,6266.47021484375,4605000
2025-07-15 16:20:00+00:00,6265.419921875,6265.58984375,6263.9501953125,6264.830078125,3887000
2025-07-15 16:21:00+00:00,6266.10009765625,6266.169921875,6264.81982421875,6265.43994140625,4129000
2025-07-15 16:22:00+00:00,6267.52978515625,6267.60986328125,6266.0498046875,6266.0498046875,3893000
2025-07-15 16:23:00+00:00,6267.580078125,6267.66015625,6267.14990234375,6267.5498046875,3767000
2025-07-15 16:24:00+00:00,6265.75,6267.47021484375,6265.75,6267.47021484375,4122000
2025-07-15 16:25:00+00:00,6265.08984375,6265.8798828125,6265.080078125,6265.81982421875,4826000
2025-07-15 16:26:00+00:00,6262.77001953125,6265.0400390625,6262.77001953125,6265.0400390625,5807000
2025-07-15 16:27:00+00:00,6263.47998046875,6263.64990234375,6262.740234375,6262.7998046875,4332000
2025-07-15 16:28:00+00:00,6263.4501953125,6264.10986328125,6263.39013671875,6263.39013671875,5408000
2025-07-15 16:29:00+00:00,6263.5400390625,6263.72998046875,6262.77978515625,6263.4501953125,4393000
2025-07-15 16:30:00+00:00,6264.72021484375,6264.77001953125,6263.580078125,6263.58984375,4669000
2025-07-15 16:31:00+00:00,6266.1201171875,6266.2099609375,6264.7998046875,6264.7998046875,4792000
2025-07-15 16:32:00+00:00,6265.39013671875,6266.6298828125,6265.27978515625,6266.06005859375,4538000
2025-07-15 16:33:00+00:00,6264.47021484375,6265.89013671875,6264.47021484375,6265.43994140625,4268000
2025-07-15 16:34:00+00:00,6263.68994140625,6264.66015625,6263.6298828125,6264.330078125,3970000
2025-07-15 16:35:00+00:00,6263.740234375,6263.7900390625,6263.64990234375,6263.759765625,3712000
2025-07-15 16:36:00+00:00,6262.97021484375,6263.509765625,6262.43017578125,6263.509765625,5214000
2025-07-15 16:37:00+00:00,6259.89013671875,6263.0,6259.66015625,6263.0,4908000
2025-07-15 16:38:00+00:00,6260.93994140625,6261.06982421875,6259.68017578125,6259.93017578125,4010000
2025-07-15 16:39:00+00:00,6261.3701171875,6261.43994140625,6260.77978515625,6260.93994140625,3755000
2025-07-15 16:40:00+00:00,6260.5,6261.64013671875,6260.43017578125,6261.35986328125,3648000
2025-07-15 16:41:00+00:00,6260.85009765625,6260.85009765625,6259.47021484375,6260.43994140625,4375000
2025-07-15 16:42:00+00:00,6262.6201171875,6263.2001953125,6260.93017578125,6260.93017578125,4220000
2025-07-15 16:43:00+00:00,6261.009765625,6262.580078125,6261.0,6262.56005859375,3316000
2025-07-15 16:44:00+00:00,6262.43994140625,6262.43994140625,6260.83984375,6260.93994140625,3870000
2025-07-15 16:45:00+00:00,6264.16015625,6264.22021484375,6262.35009765625,6262.419921875,3924000
2025-07-15 16:46:00+00:00,6263.990234375,6264.7001953125,6263.68017578125,6264.06005859375,4633000
2025-07-15 16:47:00+00:00,6264.02001953125,6264.27001953125,6263.169921875,6263.93017578125,3817000
2025-07-15 16:48:00+00:00,6264.06005859375,6264.7998046875,6263.81982421875,6264.14013671875,3318000
2025-07-15 16:49:00+00:00,6263.1298828125,6264.009765625,6263.02978515625,6263.91015625,4451000
2025-07-15 16:50:00+00:00,6263.169921875,6263.330078125,6262.72998046875,6263.18994140625,3238000
2025-07-15 16:51:00+00:00,6263.5,6263.64990234375,6262.52978515625,6263.14013671875,4407000
2025-07-15 16:52:00+00:00,6264.2001953125,6264.27001953125,6263.16015625,6263.5400390625,4432000
2025-07-15 16:53:00+00:00,6263.43994140625,6264.25,6263.06982421875,6264.25,3610000
2025-07-15 16:54:00+00:00,6260.39013671875,6263.56982421875,6260.18994140625,6263.5,5500000
2025-07-15 16:55:00+00:00,6260.7099609375,6261.56982421875,6260.02001953125,6260.33984375,4904000
2025-07-15 16:56:00+00:00,6256.5,6260.68017578125,6255.56982421875,6260.509765625,7193000
2025-07-15 16:57:00+00:00,6252.68994140625,6256.2900390625,6251.7900390625,6256.2900390625,7297000
2025-07-15 16:58:00+00:00,6253.47021484375,6254.0400390625,6252.27978515625,6252.8798828125,4711000
2025-07-15 16:59:00+00:00,6253.240234375,6254.0400390625,6252.52001953125,6253.419921875,4363000
2025-07-15 17:00:00+00:00,6256.259765625,6256.5498046875,6252.93017578125,6253.14013671875,5060000
2025-07-15 17:01:00+00:00,6256.72998046875,6256.759765625,6255.330078125,6256.43994140625,3963000
2025-07-15 17:02:00+00:00,6256.52001953125,6257.47021484375,6256.02001953125,6256.6298828125,4611000
2025-07-15 17:03:00+00:00,6256.02978515625,6256.47021484375,6254.97021484375,6256.4599609375,4876000
2025-07-15 17:04:00+00:00,6255.68994140625,6256.419921875,6255.56982421875,6256.0498046875,3351000
2025-07-15 17:05:00+00:00,6256.31982421875,6256.60009765625,6254.990234375,6255.7001953125,3497000
2025-07-15 17:06:00+00:00,6255.72998046875,6256.5400390625,6255.4599609375,6256.39990234375,4141000
2025-07-15 17:07:00+00:00,6255.0400390625,6255.919921875,6255.0,6255.830078125,3603000
2025-07-15 17:08:00+00:00,6255.25,6256.41015625,6254.81982421875,6255.06005859375,4378000
2025-07-15 17:09:00+00:00,6253.759765625,6255.1298828125,6253.759765625,6255.1298828125,3259000
2025-07-15 17:10:00+00:00,6255.02001953125,6255.1298828125,6253.72998046875,6253.72998046875,4142000
2025-07-15 17:11:00+00:00,6255.009765625,6255.91015625,6254.0,6254.81005859375,4363000
2025-07-15 17:12:00+00:00,6255.41015625,6256.06005859375,6254.9501953125,6255.0,4067000
2025-07-15 17:13:00+00:00,6255.43017578125,6255.7998046875,6255.2001953125,6255.419921875,3956000
2025-07-15 17:14:00+00:00,6254.52978515625,6255.64013671875,6253.85986328125,6255.490234375,3837000
2025-07-15 17:15:00+00:00,6252.39013671875,6254.8798828125,6252.39013671875,6254.5498046875,4526000
2025-07-15 17:16:00+00:00,6251.8701171875,6252.169921875,6250.97998046875,6252.169921875,4343000
2025-07-15 17:17:00+00:00,6253.9599609375,6254.10986328125,6251.7099609375,6251.7099609375,4837000
2025-07-15 17:18:00+00:00,6254.2099609375,6255.18017578125,6253.89013671875,6253.97021484375,4415000
2025-07-15 17:19:00+00:00,6255.2099609375,6255.5,6253.7998046875,6254.169921875,3850000
2025-07-15 17:20:00+00:00,6256.7900390625,6256.89990234375,6255.27001953125,6255.2900390625,4927000
2025-07-15 17:21:00+00:00,6255.330078125,6256.77001953125,6255.2998046875,6256.77001953125,3733000
2025-07-15 17:22:00+00:00,6257.06005859375,6257.18017578125,6255.3798828125,6255.3798828125,3716000
2025-07-15 17:23:00+00:00,6257.89013671875,6257.93994140625,6257.08984375,6257.08984375,3975000
2025-07-15 17:24:00+00:00,6258.18017578125,6258.85009765625,6257.91015625,6257.919921875,4066000
2025-07-15 17:25:00+00:00,6257.240234375,6258.330078125,6257.14990234375,6258.16015625,3064000
2025-07-15 17:26:00+00:00,6257.39013671875,6257.77001953125,6256.93994140625,6257.31982421875,3245000
2025-07-15 17:27:00+00:00,6257.759765625,6257.759765625,6256.4501953125,6257.2900390625,3476000
2025-07-15 17:28:00+00:00,6258.72998046875,6259.18994140625,6257.85009765625,6257.85986328125,4462000
2025-07-15 17:29:00+00:00,6259.47021484375,6259.47998046875,6258.68017578125,6258.77978515625,3574000
2025-07-15 17:30:00+00:00,6259.93017578125,6261.06982421875,6259.39990234375,6259.41015625,5113000
2025-07-15 17:31:00+00:00,6260.02978515625,6260.6201171875,6259.56982421875,6259.93017578125,4210000
2025-07-15 17:32:00+00:00,6259.81005859375,6260.240234375,6259.740234375,6260.0498046875,3745000
2025-07-15 17:33:00+00:00,6260.47998046875,6260.75,6259.77978515625,6259.85986328125,3571000
2025-07-15 17:34:00+00:00,6261.43017578125,6261.43017578125,6260.56005859375,6260.56005859375,3802000
2025-07-15 17:35:00+00:00,6262.06005859375,6262.240234375,6261.22021484375,6261.419921875,3683000
2025-07-15 17:36:00+00:00,6263.52001953125,6263.5400390625,6261.97021484375,6262.06005859375,4082000
2025-07-15 17:37:00+00:00,6263.41015625,6264.2998046875,6263.33984375,6263.56005859375,3633000
2025-07-15 17:38:00+00:00,6263.89013671875,6263.93994140625,6263.1298828125,6263.419921875,3750000
2025-07-15 17:39:00+00:00,6264.06005859375,6264.39990234375,6263.97021484375,6263.97998046875,3859000
2025-07-15 17:40:00+00:00,6262.93994140625,6264.330078125,6262.8701171875,6264.02978515625,5135000
2025-07-15 17:41:00+00:00,6261.35009765625,6262.68994140625,6260.9501953125,6262.68994140625,4538000
2025-07-15 17:42:00+00:00,6261.2099609375,6262.18017578125,6260.85986328125,6261.41015625,3899000
2025-07-15 17:43:00+00:00,6260.66015625,6261.1201171875,6260.22998046875,6261.1201171875,3149000
2025-07-15 17:44:00+00:00,6261.64013671875,6261.64013671875,6260.58984375,6260.68994140625,3904000
2025-07-15 17:45:00+00:00,6262.02978515625,6262.10009765625,6261.490234375,6261.68017578125,3581000
2025-07-15 17:46:00+00:00,6262.0,6262.56982421875,6261.81982421875,6262.02001953125,3526000
2025-07-15 17:47:00+00:00,6262.60986328125,6262.68994140625,6261.7099609375,6261.919921875,3818000
2025-07-15 17:48:00+00:00,6262.93017578125,6263.08984375,6262.2998046875,6262.64013671875,3699000
2025-07-15 17:49:00+00:00,6261.77978515625,6262.97021484375,6261.7001953125,6262.93994140625,4783000
2025-07-15 17:50:00+00:00,6260.93017578125,6261.7998046875,6260.56005859375,6261.7998046875,4354000
2025-07-15 17:51:00+00:00,6262.580078125,6262.6201171875,6261.02001953125,6261.02001953125,3693000
2025-07-15 17:52:00+00:00,6263.919921875,6264.02001953125,6262.39990234375,6262.39990234375,4196000
2025-07-15 17:53:00+00:00,6264.31005859375,6264.33984375,6263.4599609375,6263.68994140625,4225000
2025-07-15 17:54:00+00:00,6265.06982421875,6265.10009765625,6264.0498046875,6264.330078125,4144000
2025-07-15 17:55:00+00:00,6264.72998046875,6265.2001953125,6264.6298828125,6265.18994140625,3832000
2025-07-15 17:56:00+00:00,6264.97021484375,6265.2001953125,6264.47021484375,6264.64990234375,4415000
2025-07-15 17:57:00+00:00,6265.08984375,6265.35009765625,6264.64013671875,6264.9599609375,3435000
2025-07-15 17:58:00+00:00,6266.02978515625,6266.27001953125,6265.0,6265.0,3874000
2025-07-15 17:59:00+00:00,6266.81005859375,6266.89990234375,6265.8701171875,6265.97998046875,4497000
2025-07-15 18:00:00+00:00,6264.97998046875,6267.43994140625,6264.97998046875,6266.81005859375,6091000
2025-07-15 18:01:00+00:00,6265.47021484375,6265.58984375,6264.2998046875,6264.93994140625,5392000
2025-07-15 18:02:00+00:00,6265.919921875,6266.0,6265.2998046875,6265.3701171875,4711000
2025-07-15 18:03:00+00:00,6266.56982421875,6267.10009765625,6265.5498046875,6265.830078125,4621000
2025-07-15 18:04:00+00:00,6266.64013671875,6267.14013671875,6266.64013671875,6266.64990234375,4284000
2025-07-15 18:05:00+00:00,6265.89013671875,6266.580078125,6265.4501953125,6266.580078125,5006000
2025-07-15 18:06:00+00:00,6266.97998046875,6267.47021484375,6265.7998046875,6265.7998046875,4755000
2025-07-15 18:07:00+00:00,6267.5498046875,6267.60986328125,6267.06982421875,6267.06982421875,4225000
2025-07-15 18:08:00+00:00,6267.85986328125,6267.990234375,6267.3798828125,6267.60986328125,4453000
2025-07-15 18:09:00+00:00,6267.9501953125,6268.0,6267.5400390625,6267.759765625,5012000
2025-07-15 18:10:00+00:00,6268.06982421875,6268.240234375,6267.83984375,6267.9599609375,4902000
2025-07-15 18:11:00+00:00,6268.240234375,6268.27978515625,6267.60986328125,6267.97998046875,4522000
2025-07-15 18:12:00+00:00,6269.14990234375,6269.22998046875,6268.22998046875,6268.259765625,4462000
2025-07-15 18:13:00+00:00,6268.4501953125,6269.16015625,6268.43017578125,6269.16015625,3749000
2025-07-15 18:14:00+00:00,6268.68994140625,6268.93017578125,6268.43017578125,6268.490234375,4284000
2025-07-15 18:15:00+00:00,6269.2998046875,6269.6201171875,6268.68994140625,6268.68994140625,5438000
2025-07-15 18:16:00+00:00,6268.68994140625,6269.52978515625,6268.60009765625,6269.2998046875,5043000
2025-07-15 18:17:00+00:00,6269.06005859375,6269.259765625,6268.31005859375,6268.6201171875,6479000
2025-07-15 18:18:00+00:00,6269.16015625,6269.6298828125,6269.0400390625,6269.0400390625,5050000
2025-07-15 18:19:00+00:00,6267.080078125,6269.27001953125,6267.080078125,6269.18017578125,5211000
2025-07-15 18:20:00+00:00,6267.97998046875,6268.39990234375,6267.0400390625,6267.0400390625,3786000
2025-07-15 18:21:00+00:00,6268.72021484375,6268.72021484375,6267.97998046875,6267.97998046875,3901000
2025-07-15 18:22:00+00:00,6268.75,6269.2001953125,6268.419921875,6268.81005859375,3968000
2025-07-15 18:23:00+00:00,6268.66015625,6269.080078125,6268.490234375,6268.7900390625,3850000
2025-07-15 18:24:00+00:00,6268.72998046875,6269.009765625,6268.6298828125,6268.72998046875,4273000
2025-07-15 18:25:00+00:00,6267.2099609375,6269.06005859375,6267.2099609375,6268.72998046875,4819000
2025-07-15 18:26:00+00:00,6267.72998046875,6267.72998046875,6267.0,6267.18017578125,3870000
2025-07-15 18:27:00+00:00,6267.06005859375,6267.97021484375,6267.009765625,6267.66015625,4964000
2025-07-15 18:28:00+00:00,6266.81982421875,6267.52978515625,6266.740234375,6267.06005859375,5175000
2025-07-15 18:29:00+00:00,6267.10009765625,6267.47021484375,6266.830078125,6266.830078125,4640000
2025-07-15 18:30:00+00:00,6268.39990234375,6268.39990234375,6267.080078125,6267.080078125,6359000
2025-07-15 18:31:00+00:00,6268.740234375,6268.91015625,6268.16015625,6268.41015625,5456000
2025-07-15 18:32:00+00:00,6269.169921875,6269.22021484375,6268.7001953125,6268.759765625,5259000
2025-07-15 18:33:00+00:00,6268.97998046875,6269.47998046875,6268.85009765625,6269.22998046875,4722000
2025-07-15 18:34:00+00:00,6268.990234375,6269.43994140625,6268.91015625,6268.9599609375,5073000
2025-07-15 18:35:00+00:00,6266.52001953125,6269.0,6266.39990234375,6269.0,5469000
2025-07-15 18:36:00+00:00,6265.52001953125,6266.22998046875,6265.419921875,6266.22998046875,6063000
2025-07-15 18:37:00+00:00,6267.31005859375,6267.31005859375,6265.240234375,6265.5,7738000
2025-07-15 18:38:00+00:00,6266.7001953125,6267.259765625,6266.22998046875,6267.25,4205000
2025-07-15 18:39:00+00:00,6266.6298828125,6267.0498046875,6266.4599609375,6266.77978515625,4515000
2025-07-15 18:40:00+00:00,6266.60009765625,6267.68017578125,6266.39013671875,6266.52978515625,4680000
2025-07-15 18:41:00+00:00,6264.990234375,6266.7900390625,6264.77001953125,6266.60986328125,5854000
2025-07-15 18:42:00+00:00,6265.2001953125,6265.77978515625,6264.919921875,6264.93017578125,4542000
2025-07-15 18:43:00+00:00,6265.2998046875,6265.33984375,6264.43017578125,6265.22998046875,4989000
2025-07-15 18:44:00+00:00,6265.14990234375,6265.85009765625,6265.14990234375,6265.35009765625,4516000
2025-07-15 18:45:00+00:00,6265.2900390625,6265.31005859375,6264.2099609375,6264.89013671875,4721000
2025-07-15 18:46:00+00:00,6265.9501953125,6266.2001953125,6264.93017578125,6265.22021484375,5106000
2025-07-15 18:47:00+00:00,6265.93994140625,6266.41015625,6265.8701171875,6265.97021484375,4902000
2025-07-15 18:48:00+00:00,6266.14990234375,6266.43994140625,6265.75,6265.9599609375,4447000
2025-07-15 18:49:00+00:00,6265.4599609375,6266.16015625,6265.43017578125,6266.14013671875,3598000
2025-07-15 18:50:00+00:00,6265.7001953125,6266.080078125,6265.4599609375,6265.4599609375,4025000
2025-07-15 18:51:00+00:00,6264.0400390625,6266.0498046875,6264.009765625,6265.759765625,5080000
2025-07-15 18:52:00+00:00,6262.240234375,6264.169921875,6259.7900390625,6264.06982421875,6624000
2025-07-15 18:53:00+00:00,6261.2001953125,6262.18994140625,6260.85986328125,6262.18994140625,4290000
2025-07-15 18:54:00+00:00,6261.10986328125,6261.68017578125,6260.68994140625,6261.2001953125,3517000
2025-07-15 18:55:00+00:00,6259.3701171875,6261.06982421875,6258.97021484375,6261.06982421875,5683000
2025-07-15 18:56:00+00:00,6257.22021484375,6259.259765625,6256.85986328125,6259.259765625,4636000
2025-07-15 18:57:00+00:00,6254.31005859375,6257.0,6254.18994140625,6257.0,5687000
2025-07-15 18:58:00+00:00,6255.06005859375,6255.10009765625,6253.8798828125,6254.2998046875,5947000
2025-07-15 18:59:00+00:00,6253.759765625,6255.580078125,6253.72021484375,6255.009765625,6097000
2025-07-15 19:00:00+00:00,6255.330078125,6255.330078125,6251.60986328125,6253.75,7156000
2025-07-15 19:01:00+00:00,6256.669921875,6256.669921875,6254.8798828125,6255.3798828125,4888000
2025-07-15 19:02:00+00:00,6257.509765625,6258.27978515625,6256.6298828125,6256.6298828125,5515000
2025-07-15 19:03:00+00:00,6255.8701171875,6257.56982421875,6255.830078125,6257.52001953125,6208000
2025-07-15 19:04:00+00:00,6257.2998046875,6257.72021484375,6256.02001953125,6256.02001953125,4675000
2025-07-15 19:05:00+00:00,6255.4599609375,6257.25,6255.4599609375,6257.25,4650000
2025-07-15 19:06:00+00:00,6254.8701171875,6255.5,6254.22998046875,6255.5,5537000
2025-07-15 19:07:00+00:00,6255.02001953125,6255.18994140625,6254.27978515625,6254.97021484375,6246000
2025-07-15 19:08:00+00:00,6256.27978515625,6256.5498046875,6254.97021484375,6254.97021484375,5199000
2025-07-15 19:09:00+00:00,6255.97021484375,6256.31005859375,6255.240234375,6256.31005859375,5003000
2025-07-15 19:10:00+00:00,6255.64990234375,6255.759765625,6255.60009765625,6255.759765625,5389000
2025-07-15 19:11:00+00:00,6256.85009765625,6256.990234375,6255.22021484375,6255.72998046875,6269000
2025-07-15 19:12:00+00:00,6257.02001953125,6257.27001953125,6256.33984375,6256.97021484375,4872000
2025-07-15 19:13:00+00:00,6256.64990234375,6257.0,6256.39990234375,6257.0,4713000
2025-07-15 19:14:00+00:00,6256.58984375,6256.83984375,6256.10009765625,6256.490234375,5007000
2025-07-15 19:15:00+00:00,6254.68994140625,6257.08984375,6254.68994140625,6256.60986328125,5473000
2025-07-15 19:16:00+00:00,6256.0498046875,6256.0498046875,6254.25,6254.75,5910000
2025-07-15 19:17:00+00:00,6255.919921875,6256.5498046875,6255.72021484375,6256.10009765625,5461000
2025-07-15 19:18:00+00:00,6256.85986328125,6256.9501953125,6255.56982421875,6256.0400390625,6275000
2025-07-15 19:19:00+00:00,6257.72021484375,6257.97998046875,6256.85009765625,6257.06982421875,5470000
2025-07-15 19:20:00+00:00,6257.64990234375,6258.47021484375,6257.58984375,6257.72021484375,5979000
2025-07-15 19:21:00+00:00,6256.0,6257.6298828125,6255.89990234375,6257.60986328125,8080000
2025-07-15 19:22:00+00:00,6257.0,6257.0400390625,6255.66015625,6255.93994140625,6332000
2025-07-15 19:23:00+00:00,6255.22998046875,6257.16015625,6254.97998046875,6257.06005859375,5783000
2025-07-15 19:24:00+00:00,6256.27978515625,6256.39990234375,6255.16015625,6255.16015625,6202000
2025-07-15 19:25:00+00:00,6255.7001953125,6256.22998046875,6255.66015625,6256.22998046875,6861000
2025-07-15 19:26:00+00:00,6254.31005859375,6256.41015625,6254.18994140625,6255.7099609375,6842000
2025-07-15 19:27:00+00:00,6254.1298828125,6254.41015625,6253.009765625,6254.2900390625,6324000
2025-07-15 19:28:00+00:00,6253.60009765625,6254.27978515625,6252.89013671875,6254.10009765625,5825000
2025-07-15 19:29:00+00:00,6254.0498046875,6254.3701171875,6253.33984375,6253.52978515625,7048000
2025-07-15 19:30:00+00:00,6254.77978515625,6255.3798828125,6254.080078125,6254.080078125,8456000
2025-07-15 19:31:00+00:00,6255.509765625,6255.56005859375,6254.68994140625,6254.85986328125,6037000
2025-07-15 19:32:00+00:00,6255.56982421875,6255.93994140625,6255.18017578125,6255.490234375,6459000
2025-07-15 19:33:00+00:00,6254.3798828125,6255.56982421875,6254.31005859375,6255.5,7424000
2025-07-15 19:34:00+00:00,6253.35986328125,6254.4501953125,6253.35986328125,6254.39013671875,7718000
2025-07-15 19:35:00+00:00,6253.0400390625,6254.1298828125,6252.93017578125,6253.35009765625,7340000
2025-07-15 19:36:00+00:00,6254.25,6254.31982421875,6253.02001953125,6253.0400390625,7441000
2025-07-15 19:37:00+00:00,6253.2998046875,6254.2998046875,6253.169921875,6254.27978515625,6420000
2025-07-15 19:38:00+00:00,6255.22998046875,6255.25,6252.89990234375,6253.2900390625,7342000
2025-07-15 19:39:00+00:00,6255.080078125,6255.509765625,6254.75,6255.22021484375,6974000
2025-07-15 19:40:00+00:00,6256.85009765625,6256.85009765625,6255.06005859375,6255.08984375,7159000
2025-07-15 19:41:00+00:00,6257.7001953125,6258.009765625,6256.77001953125,6256.77001953125,7467000
2025-07-15 19:42:00+00:00,6258.27001953125,6258.27001953125,6257.080078125,6257.68994140625,7650000
2025-07-15 19:43:00+00:00,6257.669921875,6258.43017578125,6257.6298828125,6258.2998046875,7206000
2025-07-15 19:44:00+00:00,6257.35986328125,6257.7900390625,6256.31982421875,6257.7001953125,8912000
2025-07-15 19:45:00+00:00,6255.64990234375,6257.72998046875,6255.64990234375,6257.33984375,8319000
2025-07-15 19:46:00+00:00,6255.330078125,6255.64013671875,6254.64013671875,6255.64013671875,9027000
2025-07-15 19:47:00+00:00,6255.31982421875,6255.83984375,6255.14013671875,6255.33984375,9342000
2025-07-15 19:48:00+00:00,6256.509765625,6256.6201171875,6255.10986328125,6255.2900390625,9455000
2025-07-15 19:49:00+00:00,6258.2099609375,6258.490234375,6256.4599609375,6256.4599609375,12684000
2025-07-15 19:50:00+00:00,6253.77001953125,6258.3701171875,6252.580078125,6258.0498046875,18318000
2025-07-15 19:51:00+00:00,6252.10986328125,6254.25,6252.10986328125,6253.56005859375,14183000
2025-07-15 19:52:00+00:00,6252.4501953125,6253.56005859375,6251.85009765625,6251.9501953125,14338000
2025-07-15 19:53:00+00:00,6252.25,6252.6298828125,6250.85986328125,6252.35986328125,15517000
2025-07-15 19:54:00+00:00,6251.6201171875,6252.75,6251.4501953125,6252.2099609375,19479000
2025-07-15 19:55:00+00:00,6249.7998046875,6254.33984375,6249.7998046875,6251.7001953125,29731000
2025-07-15 19:56:00+00:00,6250.18017578125,6250.39013671875,6248.89013671875,6249.93017578125,25077000
2025-07-15 19:57:00+00:00,6247.5498046875,6250.27001953125,6246.81005859375,6250.16015625,29614000
2025-07-15 19:58:00+00:00,6247.27978515625,6247.89013671875,6246.240234375,6247.43994140625,41689000
2025-07-15 19:59:00+00:00,6243.10009765625,6247.8798828125,6242.4501953125,6247.169921875,81925000
2025-07-16 13:30:00+00:00,6258.60986328125,6261.60009765625,6254.5,6254.5,0
2025-07-16 13:31:00+00:00,6255.64990234375,6258.2900390625,6254.0498046875,6258.2900390625,16188043
2025-07-16 13:32:00+00:00,6256.080078125,6259.14013671875,6254.7900390625,6256.02978515625,13052336
2025-07-16 13:33:00+00:00,6259.93994140625,6260.330078125,6255.2900390625,6255.93994140625,9950440
2025-07-16 13:34:00+00:00,6255.81982421875,6260.31005859375,6254.93994140625,6259.83984375,10007269
2025-07-16 13:35:00+00:00,6256.009765625,6256.60986328125,6254.5,6256.240234375,10593766
2025-07-16 13:36:00+00:00,6258.8798828125,6260.1201171875,6256.2001953125,6256.2001953125,9704707
2025-07-16 13:37:00+00:00,6255.8798828125,6260.2900390625,6254.85986328125,6259.02001953125,8541283
2025-07-16 13:38:00+00:00,6258.1298828125,6258.31005859375,6254.2900390625,6255.93994140625,8084823
2025-07-16 13:39:00+00:00,6258.9501953125,6259.68994140625,6257.93994140625,6258.02001953125,9553000
2025-07-16 13:40:00+00:00,6254.02001953125,6258.990234375,6254.02001953125,6258.990234375,8914554
2025-07-16 13:41:00+00:00,6253.10986328125,6253.77978515625,6252.08984375,6253.77978515625,8710145
2025-07-16 13:42:00+00:00,6253.7001953125,6255.06982421875,6251.35986328125,6253.2900390625,8319498
2025-07-16 13:43:00+00:00,6253.2001953125,6254.72021484375,6253.18017578125,6253.85986328125,8112246
2025-07-16 13:44:00+00:00,6252.759765625,6253.43994140625,6252.4501953125,6253.02978515625,7092454
2025-07-16 13:45:00+00:00,6252.7900390625,6252.85009765625,6250.2001953125,6252.68017578125,9833484
2025-07-16 13:46:00+00:00,6252.06005859375,6252.93017578125,6251.7001953125,6252.740234375,7794918
2025-07-16 13:47:00+00:00,6251.490234375,6252.1298828125,6250.7099609375,6252.02001953125,8320905
2025-07-16 13:48:00+00:00,6249.9501953125,6252.75,6249.9501953125,6251.58984375,8043475
2025-07-16 13:49:00+00:00,6247.75,6249.669921875,6247.75,6249.66015625,7534522
2025-07-16 13:50:00+00:00,6243.56982421875,6247.7001953125,6243.43017578125,6247.6298828125,9019815
2025-07-16 13:51:00+00:00,6244.7001953125,6245.6298828125,6242.93994140625,6243.43017578125,9064105
2025-07-16 13:52:00+00:00,6246.9501953125,6246.9501953125,6243.990234375,6244.58984375,8328189
2025-07-16 13:53:00+00:00,6246.419921875,6246.89013671875,6245.08984375,6246.85986328125,7735573
2025-07-16 13:54:00+00:00,6243.60986328125,6247.77001953125,6243.509765625,6246.47021484375,7125681
2025-07-16 13:55:00+00:00,6246.7099609375,6246.85986328125,6243.1298828125,6243.56005859375,8604440
2025-07-16 13:56:00+00:00,6245.97021484375,6246.91015625,6245.240234375,6246.91015625,7437671
2025-07-16 13:57:00+00:00,6243.68994140625,6245.93994140625,6243.10986328125,6245.91015625,7002230
2025-07-16 13:58:00+00:00,6243.7099609375,6244.10986328125,6243.7099609375,6244.10986328125,7637138
2025-07-16 13:59:00+00:00,6241.75,6243.990234375,6241.60986328125,6243.68017578125,9318864
2025-07-16 14:00:00+00:00,6243.58984375,6244.8701171875,6241.16015625,6241.85009765625,10552906
2025-07-16 14:01:00+00:00,6244.0,6244.35986328125,6242.7001953125,6243.56005859375,9210372
2025-07-16 14:02:00+00:00,6243.64013671875,6244.81005859375,6243.009765625,6243.990234375,7821980
2025-07-16 14:03:00+00:00,6243.52978515625,6244.0498046875,6242.81982421875,6243.66015625,7161648
2025-07-16 14:04:00+00:00,6244.18994140625,6245.06982421875,6243.56982421875,6243.7001953125,8531439
2025-07-16 14:05:00+00:00,6243.81982421875,6245.47021484375,6243.56982421875,6244.1298828125,9314220
2025-07-16 14:06:00+00:00,6241.22021484375,6244.35009765625,6241.22021484375,6243.77978515625,8464434
2025-07-16 14:07:00+00:00,6239.10009765625,6241.490234375,6238.5400390625,6240.97998046875,9134055
2025-07-16 14:08:00+00:00,6241.490234375,6241.5,6238.66015625,6238.8701171875,7433358
2025-07-16 14:09:00+00:00,6242.89013671875,6242.9599609375,6241.35986328125,6241.490234375,6900989
2025-07-16 14:10:00+00:00,6246.5,6246.740234375,6243.0400390625,6243.0400390625,7764862
2025-07-16 14:11:00+00:00,6245.580078125,6246.5,6244.60009765625,6246.47998046875,7995231
2025-07-16 14:12:00+00:00,6247.47021484375,6247.5498046875,6244.85986328125,6245.7001953125,8828585
2025-07-16 14:13:00+00:00,6246.330078125,6248.39990234375,6245.52978515625,6247.509765625,7231696
2025-07-16 14:14:00+00:00,6243.43017578125,6246.35986328125,6243.10009765625,6246.35986328125,7374656
2025-07-16 14:15:00+00:00,6243.5,6243.85009765625,6242.4599609375,6243.31005859375,8275488
2025-07-16 14:16:00+00:00,6242.25,6244.58984375,6242.06005859375,6243.60009765625,7526500
2025-07-16 14:17:00+00:00,6245.18994140625,6245.35986328125,6241.52001953125,6242.080078125,8807644
2025-07-16 14:18:00+00:00,6246.43994140625,6247.31005859375,6245.0,6245.259765625,7426418
2025-07-16 14:19:00+00:00,6247.27978515625,6247.5498046875,6246.5498046875,6246.5498046875,6129443
2025-07-16 14:20:00+00:00,6247.0,6247.39013671875,6246.0498046875,6247.39013671875,6236447
2025-07-16 14:21:00+00:00,6247.1298828125,6247.14013671875,6244.990234375,6246.89990234375,6339787
2025-07-16 14:22:00+00:00,6249.0498046875,6249.27001953125,6247.2998046875,6247.2998046875,6936699
2025-07-16 14:23:00+00:00,6246.56005859375,6249.31982421875,6246.56005859375,6248.83984375,7719242
2025-07-16 14:24:00+00:00,6246.2099609375,6247.0498046875,6245.52978515625,6246.47998046875,6335035
2025-07-16 14:25:00+00:00,6242.89990234375,6247.490234375,6242.89990234375,6246.22021484375,7525505
2025-07-16 14:26:00+00:00,6244.06982421875,6244.72021484375,6242.97998046875,6242.97998046875,7678638
2025-07-16 14:27:00+00:00,6244.77978515625,6244.77978515625,6243.2900390625,6243.89990234375,6838270
2025-07-16 14:28:00+00:00,6244.490234375,6245.330078125,6243.31005859375,6244.91015625,6648567
2025-07-16 14:29:00+00:00,6245.7900390625,6246.16015625,6243.4599609375,6244.4599609375,6199572
2025-07-16 14:30:00+00:00,6249.52001953125,6249.52001953125,6245.02978515625,6245.58984375,9286081
2025-07-16 14:31:00+00:00,6246.16015625,6249.52978515625,6245.9501953125,6249.47998046875,7371325
2025-07-16 14:32:00+00:00,6247.52001953125,6247.830078125,6246.0498046875,6246.08984375,7087258
2025-07-16 14:33:00+00:00,6249.18994140625,6249.18994140625,6247.39990234375,6247.580078125,7212638
2025-07-16 14:34:00+00:00,6247.43017578125,6249.25,6247.35009765625,6249.22021484375,6223878
2025-07-16 14:35:00+00:00,6242.990234375,6247.35009765625,6242.97998046875,6247.35009765625,7482987
2025-07-16 14:36:00+00:00,6242.93017578125,6243.330078125,6241.75,6243.06005859375,6404961
2025-07-16 14:37:00+00:00,6243.3701171875,6244.7099609375,6242.5,6243.009765625,6244758
2025-07-16 14:38:00+00:00,6243.77001953125,6243.77001953125,6242.669921875,6243.35009765625,5976559
2025-07-16 14:39:00+00:00,6244.2001953125,6244.31982421875,6242.6201171875,6243.68017578125,4849298
2025-07-16 14:40:00+00:00,6244.27001953125,6245.02978515625,6243.1201171875,6244.2900390625,6436662
2025-07-16 14:41:00+00:00,6241.85986328125,6244.240234375,6241.27978515625,6244.240234375,5775480
2025-07-16 14:42:00+00:00,6244.419921875,6244.419921875,6241.77001953125,6241.77001953125,6922067
2025-07-16 14:43:00+00:00,6242.9501953125,6244.39013671875,6242.85986328125,6244.330078125,4863741
2025-07-16 14:44:00+00:00,6244.7998046875,6244.8798828125,6242.93994140625,6242.97998046875,6301109
2025-07-16 14:45:00+00:00,6246.669921875,6246.89990234375,6244.81982421875,6244.81982421875,5882442
2025-07-16 14:46:00+00:00,6247.35986328125,6247.39990234375,6245.990234375,6246.4501953125,5659407
2025-07-16 14:47:00+00:00,6247.580078125,6248.240234375,6246.77001953125,6247.240234375,5233795
2025-07-16 14:48:00+00:00,6248.7001953125,6249.47998046875,6247.60986328125,6247.60986328125,5238651
2025-07-16 14:49:00+00:00,6249.0400390625,6249.4599609375,6248.60009765625,6248.68994140625,5582938
2025-07-16 14:50:00+00:00,6250.259765625,6250.6298828125,6248.60986328125,6248.91015625,6456756
2025-07-16 14:51:00+00:00,6250.9599609375,6251.740234375,6249.9599609375,6250.259765625,6468971
2025-07-16 14:52:00+00:00,6251.39990234375,6251.93994140625,6250.830078125,6250.8798828125,5187515
2025-07-16 14:53:00+00:00,6253.6298828125,6253.6298828125,6251.2099609375,6251.56982421875,5929976
2025-07-16 14:54:00+00:00,6238.66015625,6253.7001953125,6238.43994140625,6253.669921875,18044504
2025-07-16 14:55:00+00:00,6245.1298828125,6246.43994140625,6238.0498046875,6239.39013671875,8728013
2025-07-16 14:56:00+00:00,6246.60986328125,6246.60986328125,6241.85986328125,6244.0,6388247
2025-07-16 14:57:00+00:00,6244.31982421875,6246.7998046875,6243.759765625,6246.759765625,5834186
2025-07-16 14:58:00+00:00,6237.8798828125,6244.31982421875,6237.169921875,6244.31982421875,7792097
2025-07-16 14:59:00+00:00,6242.3701171875,6242.3701171875,6237.68994140625,6237.68994140625,6679651
2025-07-16 15:00:00+00:00,6243.97998046875,6243.97998046875,6241.7998046875,6242.2900390625,6225360
2025-07-16 15:01:00+00:00,6243.509765625,6245.56982421875,6242.06005859375,6244.22021484375,6465352
2025-07-16 15:02:00+00:00,6244.669921875,6244.669921875,6242.669921875,6243.75,6329337
2025-07-16 15:03:00+00:00,6246.33984375,6246.68017578125,6244.68017578125,6244.68017578125,5716224
2025-07-16 15:04:00+00:00,6247.64990234375,6248.85986328125,6246.08984375,6246.27978515625,5809140
2025-07-16 15:05:00+00:00,6247.3701171875,6247.83984375,6246.56982421875,6247.6201171875,5371204
2025-07-16 15:06:00+00:00,6247.02978515625,6247.580078125,6246.06982421875,6247.3701171875,5230655
2025-07-16 15:07:00+00:00,6248.0498046875,6248.22021484375,6246.5400390625,6247.1298828125,5449451
2025-07-16 15:08:00+00:00,6249.240234375,6249.52978515625,6247.75,6247.85009765625,5464846
2025-07-16 15:09:00+00:00,6249.43017578125,6250.759765625,6248.8701171875,6249.2998046875,5555121
2025-07-16 15:10:00+00:00,6251.25,6251.25,6249.0400390625,6249.43017578125,5634566
2025-07-16 15:11:00+00:00,6252.2998046875,6252.8798828125,6251.06982421875,6251.330078125,6121513
2025-07-16 15:12:00+00:00,6252.89013671875,6253.31982421875,6252.39013671875,6252.43994140625,5219279
2025-07-16 15:13:00+00:00,6252.9599609375,6253.14990234375,6252.2900390625,6252.89990234375,5352599
2025-07-16 15:14:00+00:00,6254.10009765625,6254.35009765625,6252.8798828125,6252.8798828125,5489620
2025-07-16 15:15:00+00:00,6253.4599609375,6254.33984375,6252.89990234375,6254.1298828125,5742450
2025-07-16 15:16:00+00:00,6235.0498046875,6253.52978515625,6234.5,6253.33984375,25928369
2025-07-16 15:17:00+00:00,6232.93994140625,6235.0,6228.4501953125,6235.0,11532344
2025-07-16 15:18:00+00:00,6232.77001953125,6235.4599609375,6231.91015625,6233.3701171875,8379382
2025-07-16 15:19:00+00:00,6224.31005859375,6232.259765625,6224.02001953125,6232.259765625,8045932
2025-07-16 15:20:00+00:00,6224.2001953125,6225.0498046875,6220.64013671875,6224.080078125,8705379
2025-07-16 15:21:00+00:00,6218.490234375,6224.08984375,6218.4599609375,6224.08984375,8429356
2025-07-16 15:22:00+00:00,6219.14990234375,6219.85009765625,6216.60986328125,6218.41015625,8379946
2025-07-16 15:23:00+00:00,6226.39990234375,6226.39990234375,6218.8701171875,6218.8701171875,7853254
2025-07-16 15:24:00+00:00,6220.2099609375,6226.64990234375,6220.2099609375,6226.5,7250746
2025-07-16 15:25:00+00:00,6222.43994140625,6223.7099609375,6219.3701171875,6220.02001953125,6368884
2025-07-16 15:26:00+00:00,6226.93017578125,6228.81982421875,6222.43017578125,6222.47021484375,7517398
2025-07-16 15:27:00+00:00,6229.7998046875,6231.83984375,6226.33984375,6227.0498046875,6482759
2025-07-16 15:28:00+00:00,6232.080078125,6232.169921875,6227.66015625,6229.4501953125,6046499
2025-07-16 15:29:00+00:00,6234.35009765625,6235.4501953125,6231.72021484375,6232.02978515625,5799072
2025-07-16 15:30:00+00:00,6225.5400390625,6234.169921875,6224.3798828125,6234.1201171875,8875828
2025-07-16 15:31:00+00:00,6225.14990234375,6225.77001953125,6221.06982421875,6225.5400390625,6939036
2025-07-16 15:32:00+00:00,6221.2998046875,6226.0498046875,6221.2998046875,6226.0498046875,6389000
2025-07-16 15:33:00+00:00,6218.0,6221.5,6216.2900390625,6221.5,8067000
2025-07-16 15:34:00+00:00,6214.68994140625,6219.240234375,6214.330078125,6218.14990234375,7661000
2025-07-16 15:35:00+00:00,6210.06982421875,6214.58984375,6209.9599609375,6214.58984375,7321000
2025-07-16 15:36:00+00:00,6204.169921875,6209.68994140625,6203.64013671875,6209.68994140625,10574000
2025-07-16 15:37:00+00:00,6204.43994140625,6204.64013671875,6201.58984375,6203.97021484375,9719000
2025-07-16 15:38:00+00:00,6204.9501953125,6205.330078125,6202.330078125,6205.330078125,7002000
2025-07-16 15:39:00+00:00,6207.740234375,6208.27001953125,6204.580078125,6205.06982421875,7488000
2025-07-16 15:40:00+00:00,6211.68994140625,6214.10009765625,6205.9501953125,6207.64013671875,8307000
2025-07-16 15:41:00+00:00,6216.18994140625,6216.64013671875,6211.81982421875,6211.81982421875,5841000
2025-07-16 15:42:00+00:00,6221.0400390625,6221.740234375,6216.2001953125,6216.2001953125,6888000
2025-07-16 15:43:00+00:00,6225.02978515625,6225.02978515625,6220.58984375,6221.14990234375,6378000
2025-07-16 15:44:00+00:00,6224.7099609375,6226.2998046875,6223.919921875,6225.06005859375,5128000
2025-07-16 15:45:00+00:00,6226.18017578125,6227.64990234375,6224.85009765625,6224.85009765625,5932000
2025-07-16 15:46:00+00:00,6223.3701171875,6226.830078125,6223.06982421875,6226.259765625,6629000
2025-07-16 15:47:00+00:00,6227.080078125,6227.080078125,6223.14990234375,6223.3701171875,5012000
2025-07-16 15:48:00+00:00,6223.4599609375,6226.97021484375,6222.5400390625,6226.97021484375,5130000
2025-07-16 15:49:00+00:00,6225.9599609375,6226.10009765625,6222.93017578125,6223.4501953125,4794000
2025-07-16 15:50:00+00:00,6228.6298828125,6229.14990234375,6224.990234375,6225.8798828125,5026000
2025-07-16 15:51:00+00:00,6227.10986328125,6228.47998046875,6226.7900390625,6228.47998046875,4057000
2025-07-16 15:52:00+00:00,6221.47998046875,6227.009765625,6221.47998046875,6227.009765625,5287000
2025-07-16 15:53:00+00:00,6223.25,6223.52001953125,6221.1298828125,6221.3798828125,4224000
2025-07-16 15:54:00+00:00,6227.2998046875,6227.5498046875,6222.60986328125,6223.39990234375,5316000
2025-07-16 15:55:00+00:00,6242.2099609375,6242.740234375,6238.10009765625,6238.330078125,18086000
2025-07-16 15:56:00+00:00,6242.43017578125,6244.9599609375,6240.85986328125,6241.60009765625,9115000
2025-07-16 15:57:00+00:00,6241.33984375,6244.93017578125,6239.91015625,6242.39990234375,8131000
2025-07-16 15:58:00+00:00,6240.990234375,6242.10986328125,6238.64990234375,6241.27978515625,6322000
2025-07-16 15:59:00+00:00,6239.89013671875,6241.0400390625,6238.25,6241.009765625,4336000
2025-07-16 16:00:00+00:00,6239.72021484375,6240.2998046875,6238.10009765625,6239.85986328125,4924000
2025-07-16 16:01:00+00:00,6240.02978515625,6241.7001953125,6239.68017578125,6239.68017578125,4915000
2025-07-16 16:02:00+00:00,6237.080078125,6240.10009765625,6236.16015625,6239.85986328125,5426000
2025-07-16 16:03:00+00:00,6239.02978515625,6239.60009765625,6236.93017578125,6237.25,4502000
2025-07-16 16:04:00+00:00,6236.7001953125,6239.2998046875,6236.41015625,6239.0,4351000
2025-07-16 16:05:00+00:00,6239.35986328125,6239.35986328125,6236.759765625,6236.77978515625,3897000
2025-07-16 16:06:00+00:00,6242.35009765625,6242.509765625,6238.22021484375,6239.47021484375,4791000
2025-07-16 16:07:00+00:00,6241.3798828125,6242.490234375,6240.9599609375,6242.25,3734000
2025-07-16 16:08:00+00:00,6238.97021484375,6241.52001953125,6238.93017578125,6241.1298828125,3688000
2025-07-16 16:09:00+00:00,6239.5498046875,6239.81982421875,6236.830078125,6238.419921875,4357000
2025-07-16 16:10:00+00:00,6235.080078125,6240.2001953125,6235.080078125,6239.47998046875,4757000
2025-07-16 16:11:00+00:00,6237.5400390625,6237.5400390625,6233.740234375,6234.97998046875,4640000
2025-07-16 16:12:00+00:00,6236.35009765625,6239.22998046875,6235.7099609375,6237.68994140625,4372000
2025-07-16 16:13:00+00:00,6236.0400390625,6237.0400390625,6235.990234375,6236.259765625,3333000
2025-07-16 16:14:00+00:00,6236.2998046875,6236.2998046875,6235.06005859375,6235.919921875,3616000
2025-07-16 16:15:00+00:00,6236.16015625,6237.52978515625,6236.0400390625,6236.33984375,4024000
2025-07-16 16:16:00+00:00,6238.18017578125,6238.27978515625,6236.02001953125,6236.22021484375,3917000
2025-07-16 16:17:00+00:00,6239.5498046875,6239.5498046875,6237.93994140625,6237.93994140625,3690000
2025-07-16 16:18:00+00:00,6236.72998046875,6239.5400390625,6236.72998046875,6239.490234375,4540000
2025-07-16 16:19:00+00:00,6237.14990234375,6237.64990234375,6235.93994140625,6236.5400390625,3696000
2025-07-16 16:20:00+00:00,6235.580078125,6237.14990234375,6235.580078125,6237.14990234375,4074000
2025-07-16 16:21:00+00:00,6234.2998046875,6235.0498046875,6233.56982421875,6235.0498046875,4096000
2025-07-16 16:22:00+00:00,6234.14990234375,6234.27978515625,6232.52978515625,6234.27978515625,3745000
2025-07-16 16:23:00+00:00,6234.72998046875,6235.330078125,6234.27978515625,6234.27978515625,3913000
2025-07-16 16:24:00+00:00,6236.06982421875,6236.47021484375,6234.3798828125,6234.72021484375,4349000
2025-07-16 16:25:00+00:00,6234.02001953125,6236.18017578125,6233.81005859375,6236.16015625,3894000
2025-07-16 16:26:00+00:00,6234.85009765625,6234.85009765625,6231.83984375,6234.009765625,5303000
2025-07-16 16:27:00+00:00,6236.81005859375,6236.81005859375,6234.89990234375,6234.89990234375,3578000
2025-07-16 16:28:00+00:00,6236.75,6237.64013671875,6236.7099609375,6236.85986328125,3561000
2025-07-16 16:29:00+00:00,6237.3701171875,6237.5400390625,6236.77978515625,6236.77978515625,3383000
2025-07-16 16:30:00+00:00,6237.91015625,6237.919921875,6236.9599609375,6237.35986328125,4360000
2025-07-16 16:31:00+00:00,6238.02001953125,6238.47021484375,6237.72021484375,6237.919921875,3680000
2025-07-16 16:32:00+00:00,6239.10009765625,6239.1298828125,6237.919921875,6238.0400390625,3133000
2025-07-16 16:33:00+00:00,6239.990234375,6240.0498046875,6238.41015625,6239.1298828125,4533000
2025-07-16 16:34:00+00:00,6239.43017578125,6240.16015625,6239.3701171875,6239.89013671875,3080000
2025-07-16 16:35:00+00:00,6240.52978515625,6240.8798828125,6239.41015625,6239.41015625,3497000
2025-07-16 16:36:00+00:00,6241.0,6241.9501953125,6240.41015625,6240.5,3971000
2025-07-16 16:37:00+00:00,6241.0498046875,6241.10009765625,6239.7998046875,6241.06005859375,3842000
2025-07-16 16:38:00+00:00,6242.3798828125,6242.5400390625,6241.18017578125,6241.18017578125,3958000
2025-07-16 16:39:00+00:00,6243.18017578125,6243.330078125,6242.3798828125,6242.3798828125,3480000
2025-07-16 16:40:00+00:00,6242.830078125,6243.5,6242.56005859375,6243.1298828125,3587000
2025-07-16 16:41:00+00:00,6243.89990234375,6243.93994140625,6242.93994140625,6242.93994140625,3699000
2025-07-16 16:42:00+00:00,6243.14013671875,6243.93994140625,6243.06005859375,6243.7998046875,4002000
2025-07-16 16:43:00+00:00,6243.27001953125,6243.72021484375,6243.14990234375,6243.2001953125,2891000
2025-07-16 16:44:00+00:00,6241.8701171875,6243.47021484375,6241.8701171875,6243.22021484375,4376000
2025-07-16 16:45:00+00:00,6239.22998046875,6242.06005859375,6239.22998046875,6241.77001953125,4446000
2025-07-16 16:46:00+00:00,6234.3798828125,6239.2900390625,6234.3798828125,6239.240234375,5034000
2025-07-16 16:47:00+00:00,6235.97021484375,6236.06982421875,6232.93994140625,6234.2001953125,4437000
2025-07-16 16:48:00+00:00,6239.06982421875,6239.06982421875,6236.06005859375,6236.06005859375,3972000
2025-07-16 16:49:00+00:00,6241.85986328125,6242.1201171875,6239.330078125,6239.419921875,4312000
2025-07-16 16:50:00+00:00,6243.9599609375,6244.16015625,6241.8701171875,6241.8701171875,4072000
2025-07-16 16:51:00+00:00,6245.4501953125,6245.4501953125,6244.0,6244.0,4022000
2025-07-16 16:52:00+00:00,6248.35986328125,6248.5400390625,6245.52978515625,6245.52978515625,4377000
2025-07-16 16:53:00+00:00,6248.5498046875,6249.4599609375,6248.2099609375,6248.419921875,4053000
2025-07-16 16:54:00+00:00,6248.56982421875,6249.2099609375,6248.4599609375,6248.4599609375,3260000
2025-07-16 16:55:00+00:00,6248.31005859375,6249.2001953125,6248.31005859375,6248.5,3757000
2025-07-16 16:57:00+00:00,6249.77001953125,6249.97998046875,6249.2998046875,6249.39013671875,7500000
2025-07-16 16:58:00+00:00,6250.580078125,6250.72021484375,6250.0498046875,6250.08984375,3625000
2025-07-16 16:59:00+00:00,6251.6201171875,6251.72021484375,6250.5400390625,6250.5400390625,3930000
2025-07-16 17:00:00+00:00,6251.5,6251.77978515625,6251.0498046875,6251.64990234375,4490000
2025-07-16 17:01:00+00:00,6251.490234375,6252.18994140625,6250.97021484375,6251.5400390625,3861000
2025-07-16 17:02:00+00:00,6251.56982421875,6251.60986328125,6250.3798828125,6251.43994140625,4423000
2025-07-16 17:03:00+00:00,6253.490234375,6253.64990234375,6251.56982421875,6251.56982421875,4025000
2025-07-16 17:04:00+00:00,6253.02001953125,6253.81005859375,6252.93994140625,6253.52978515625,4421000
2025-07-16 17:05:00+00:00,6252.990234375,6253.39990234375,6252.68994140625,6253.0498046875,2802000
2025-07-16 17:06:00+00:00,6253.91015625,6254.06982421875,6252.97021484375,6252.97021484375,3258000
2025-07-16 17:07:00+00:00,6254.009765625,6254.39013671875,6253.8798828125,6253.8798828125,3624000
2025-07-16 17:08:00+00:00,6256.5,6256.6201171875,6253.97021484375,6253.97021484375,4643000
2025-07-16 17:09:00+00:00,6255.39013671875,6256.52978515625,6255.330078125,6256.52978515625,3922000
2025-07-16 17:10:00+00:00,6255.52978515625,6255.919921875,6255.43017578125,6255.4501953125,2778000
2025-07-16 17:11:00+00:00,6255.97998046875,6256.080078125,6255.5498046875,6255.5498046875,3536000
2025-07-16 17:12:00+00:00,6257.47021484375,6257.7099609375,6255.830078125,6255.89013671875,4183000
2025-07-16 17:13:00+00:00,6257.5498046875,6258.1298828125,6257.1201171875,6257.41015625,3715000
2025-07-16 17:14:00+00:00,6256.1298828125,6257.580078125,6255.47998046875,6257.490234375,4443000
2025-07-16 17:15:00+00:00,6255.330078125,6256.830078125,6255.0,6256.10986328125,4038000
2025-07-16 17:16:00+00:00,6254.990234375,6255.72021484375,6254.60986328125,6255.25,3793000
2025-07-16 17:17:00+00:00,6255.8701171875,6255.8701171875,6254.16015625,6255.0,3474000
2025-07-16 17:18:00+00:00,6256.27001953125,6256.4599609375,6255.58984375,6255.64990234375,3195000
2025-07-16 17:19:00+00:00,6256.080078125,6256.35009765625,6255.66015625,6256.22998046875,2677000
2025-07-16 17:20:00+00:00,6256.919921875,6256.97021484375,6256.1201171875,6256.1201171875,3632000
2025-07-16 17:21:00+00:00,6254.990234375,6256.9501953125,6254.72998046875,6256.919921875,4005000
2025-07-16 17:22:00+00:00,6255.22021484375,6255.89990234375,6254.97998046875,6254.97998046875,3287000
2025-07-16 17:23:00+00:00,6253.52001953125,6255.2099609375,6252.97998046875,6255.2099609375,4311000
2025-07-16 17:24:00+00:00,6254.3798828125,6254.41015625,6253.5498046875,6253.56005859375,3244000
2025-07-16 17:25:00+00:00,6254.5498046875,6254.89990234375,6254.39013671875,6254.39013671875,3091000
2025-07-16 17:26:00+00:00,6254.68994140625,6254.919921875,6253.919921875,6254.52001953125,2981000
2025-07-16 17:27:00+00:00,6253.64013671875,6254.89013671875,6251.740234375,6254.64013671875,5072000
2025-07-16 17:28:00+00:00,6253.169921875,6253.93994140625,6253.16015625,6253.56982421875,3306000
2025-07-16 17:29:00+00:00,6251.8798828125,6253.35009765625,6251.81005859375,6253.1298828125,2866000
2025-07-16 17:30:00+00:00,6251.72998046875,6251.97021484375,6250.8701171875,6251.77978515625,3282000
2025-07-16 17:31:00+00:00,6251.22998046875,6251.93994140625,6250.85009765625,6251.7900390625,2714000
2025-07-16 17:32:00+00:00,6251.419921875,6251.77978515625,6250.740234375,6251.1298828125,3049000
2025-07-16 17:33:00+00:00,6251.08984375,6251.60009765625,6250.89013671875,6251.60009765625,3104000
2025-07-16 17:34:00+00:00,6250.52978515625,6251.10009765625,6250.009765625,6251.10009765625,3935000
2025-07-16 17:35:00+00:00,6251.72021484375,6251.75,6250.4599609375,6250.4599609375,3315000
2025-07-16 17:36:00+00:00,6252.2998046875,6252.77001953125,6251.68994140625,6251.77001953125,3711000
2025-07-16 17:37:00+00:00,6251.14990234375,6252.3798828125,6251.14990234375,6252.33984375,3512000
2025-07-16 17:38:00+00:00,6253.419921875,6253.85986328125,6251.080078125,6251.169921875,3702000
2025-07-16 17:39:00+00:00,6253.27978515625,6253.93017578125,6252.81005859375,6253.52001953125,3551000
2025-07-16 17:40:00+00:00,6252.60009765625,6253.419921875,6252.580078125,6253.1201171875,3649000
2025-07-16 17:41:00+00:00,6252.6298828125,6253.06982421875,6252.43017578125,6252.56005859375,3062000
2025-07-16 17:42:00+00:00,6251.509765625,6252.81982421875,6250.89990234375,6252.52001953125,4504000
2025-07-16 17:43:00+00:00,6252.72998046875,6253.009765625,6251.56982421875,6251.56982421875,3261000
2025-07-16 17:44:00+00:00,6252.18017578125,6252.9501953125,6251.89013671875,6252.68994140625,3624000
2025-07-16 17:45:00+00:00,6253.7099609375,6253.7099609375,6251.60986328125,6252.169921875,3558000
2025-07-16 17:46:00+00:00,6253.759765625,6254.22998046875,6253.58984375,6253.669921875,3615000
2025-07-16 17:47:00+00:00,6252.91015625,6254.080078125,6252.85986328125,6253.77978515625,2970000
2025-07-16 17:48:00+00:00,6253.2001953125,6253.2001953125,6251.7001953125,6252.8701171875,3877000
2025-07-16 17:49:00+00:00,6253.5,6253.7001953125,6253.16015625,6253.2001953125,3860000
2025-07-16 17:50:00+00:00,6251.509765625,6253.35986328125,6251.509765625,6253.35986328125,3905000
2025-07-16 17:51:00+00:00,6251.83984375,6252.06005859375,6250.93994140625,6251.47021484375,3352000
2025-07-16 17:52:00+00:00,6250.89013671875,6251.91015625,6250.85009765625,6251.81982421875,3032000
2025-07-16 17:53:00+00:00,6251.83984375,6251.83984375,6250.66015625,6250.919921875,3107000
2025-07-16 17:54:00+00:00,6250.8701171875,6251.93994140625,6250.72998046875,6251.91015625,3205000
2025-07-16 17:55:00+00:00,6251.77001953125,6252.06005859375,6250.89013671875,6250.89013671875,3365000
2025-07-16 17:56:00+00:00,6252.22021484375,6253.14013671875,6251.759765625,6251.7900390625,3811000
2025-07-16 17:57:00+00:00,6252.5498046875,6252.7001953125,6251.919921875,6252.2099609375,3487000
2025-07-16 17:58:00+00:00,6252.10986328125,6252.89013671875,6252.08984375,6252.5498046875,2895000
2025-07-16 17:59:00+00:00,6251.8798828125,6252.22998046875,6251.56005859375,6251.990234375,3270000
2025-07-16 18:00:00+00:00,6250.97021484375,6251.9501953125,6250.56982421875,6251.89013671875,3396000
2025-07-16 18:01:00+00:00,6251.080078125,6251.18994140625,6250.56982421875,6251.02978515625,4455000
2025-07-16 18:02:00+00:00,6251.10986328125,6251.43994140625,6250.89990234375,6251.14990234375,4103000
2025-07-16 18:03:00+00:00,6252.47998046875,6252.47998046875,6251.1201171875,6251.18017578125,4648000
2025-07-16 18:04:00+00:00,6254.35009765625,6254.3701171875,6252.52978515625,6252.52978515625,4168000
2025-07-16 18:05:00+00:00,6253.14013671875,6254.43994140625,6252.22998046875,6254.39013671875,3904000
2025-07-16 18:06:00+00:00,6253.31005859375,6254.35986328125,6253.02001953125,6253.08984375,3746000
2025-07-16 18:07:00+00:00,6254.33984375,6254.47998046875,6253.02001953125,6253.27978515625,3476000
2025-07-16 18:08:00+00:00,6254.7099609375,6255.2900390625,6254.35986328125,6254.35986328125,3171000
2025-07-16 18:09:00+00:00,6253.43994140625,6254.64013671875,6252.83984375,6254.64013671875,3786000
2025-07-16 18:10:00+00:00,6251.5400390625,6253.39013671875,6251.39013671875,6253.39013671875,4682000
2025-07-16 18:11:00+00:00,6251.08984375,6251.52001953125,6250.5400390625,6251.52001953125,4089000
2025-07-16 18:12:00+00:00,6252.08984375,6252.08984375,6250.77001953125,6251.10986328125,2959000
2025-07-16 18:13:00+00:00,6251.9599609375,6252.39990234375,6251.6298828125,6252.0,3570000
2025-07-16 18:14:00+00:00,6252.39990234375,6252.47021484375,6251.5,6252.02001953125,3492000
2025-07-16 18:15:00+00:00,6252.1298828125,6252.7001953125,6252.080078125,6252.35009765625,3165000
2025-07-16 18:16:00+00:00,6254.02978515625,6254.0400390625,6252.14013671875,6252.14013671875,3202000
2025-07-16 18:17:00+00:00,6252.7998046875,6254.0498046875,6252.68994140625,6254.0498046875,3304000
2025-07-16 18:18:00+00:00,6251.0498046875,6253.10986328125,6251.0498046875,6252.83984375,3351000
2025-07-16 18:19:00+00:00,6250.89990234375,6250.9501953125,6250.58984375,6250.72021484375,3155000
2025-07-16 18:20:00+00:00,6249.009765625,6250.7001953125,6248.68017578125,6250.7001953125,4268000
2025-07-16 18:21:00+00:00,6250.10986328125,6250.10986328125,6248.27001953125,6249.02978515625,4381000
2025-07-16 18:22:00+00:00,6252.72998046875,6252.72998046875,6250.259765625,6250.259765625,4761000
2025-07-16 18:23:00+00:00,6253.02978515625,6253.10986328125,6252.47998046875,6252.919921875,4483000
2025-07-16 18:24:00+00:00,6252.77001953125,6253.31005859375,6252.72998046875,6253.02001953125,4200000
2025-07-16 18:25:00+00:00,6252.9599609375,6253.0498046875,6252.2998046875,6252.740234375,3183000
2025-07-16 18:26:00+00:00,6253.33984375,6253.7001953125,6252.97998046875,6252.990234375,3910000
2025-07-16 18:27:00+00:00,6254.33984375,6254.52978515625,6253.35986328125,6253.35986328125,3830000
2025-07-16 18:28:00+00:00,6254.93017578125,6255.0,6254.22998046875,6254.35009765625,4422000
2025-07-16 18:29:00+00:00,6254.43017578125,6255.25,6254.35986328125,6254.919921875,3820000
2025-07-16 18:30:00+00:00,6255.330078125,6255.330078125,6254.39990234375,6254.39990234375,4017000
2025-07-16 18:31:00+00:00,6255.580078125,6255.58984375,6254.97998046875,6255.3798828125,4810000
2025-07-16 18:32:00+00:00,6256.72998046875,6256.81982421875,6255.66015625,6255.66015625,3914000
2025-07-16 18:33:00+00:00,6256.66015625,6256.93994140625,6256.1298828125,6256.7099609375,4349000
2025-07-16 18:34:00+00:00,6256.72021484375,6256.85986328125,6256.10986328125,6256.56982421875,3688000
2025-07-16 18:35:00+00:00,6257.66015625,6257.740234375,6256.7099609375,6256.72021484375,4449000
2025-07-16 18:36:00+00:00,6258.33984375,6258.75,6257.7099609375,6257.7099609375,5233000
2025-07-16 18:37:00+00:00,6258.009765625,6259.009765625,6258.009765625,6258.8798828125,3616000
2025-07-16 18:38:00+00:00,6257.9599609375,6258.0400390625,6257.4501953125,6258.0400390625,3489000
2025-07-16 18:39:00+00:00,6258.47998046875,6258.8798828125,6257.93994140625,6257.97998046875,4721000
2025-07-16 18:40:00+00:00,6258.02978515625,6258.85986328125,6257.7900390625,6258.39990234375,4319000
2025-07-16 18:41:00+00:00,6258.5400390625,6258.5400390625,6257.93994140625,6258.080078125,4705000
2025-07-16 18:42:00+00:00,6259.27978515625,6259.43017578125,6258.3798828125,6258.52978515625,3951000
2025-07-16 18:43:00+00:00,6259.35986328125,6259.83984375,6259.27978515625,6259.2900390625,3624000
2025-07-16 18:44:00+00:00,6259.2998046875,6259.9501953125,6259.259765625,6259.3798828125,3971000
2025-07-16 18:45:00+00:00,6258.4501953125,6259.35009765625,6258.22998046875,6259.25,3969000
2025-07-16 18:46:00+00:00,6259.14013671875,6259.14013671875,6258.509765625,6258.509765625,3898000
2025-07-16 18:47:00+00:00,6258.009765625,6259.2099609375,6257.68017578125,6259.18017578125,4998000
2025-07-16 18:48:00+00:00,6257.8701171875,6258.3701171875,6257.8701171875,6257.990234375,4318000
2025-07-16 18:49:00+00:00,6258.1298828125,6258.27001953125,6257.5,6257.77978515625,4924000
2025-07-16 18:50:00+00:00,6258.31982421875,6258.669921875,6257.81982421875,6258.2099609375,3869000
2025-07-16 18:51:00+00:00,6258.81005859375,6258.81005859375,6257.89013671875,6258.35009765625,4258000
2025-07-16 18:52:00+00:00,6258.85009765625,6259.08984375,6258.60986328125,6258.89990234375,3601000
2025-07-16 18:53:00+00:00,6258.919921875,6259.14013671875,6258.669921875,6258.85986328125,3590000
2025-07-16 18:54:00+00:00,6259.64990234375,6259.64990234375,6258.93994140625,6258.93994140625,4413000
2025-07-16 18:55:00+00:00,6261.68994140625,6261.72998046875,6259.2998046875,6259.64013671875,5015000
2025-07-16 18:56:00+00:00,6262.56005859375,6263.2900390625,6261.7001953125,6261.7001953125,4736000
2025-07-16 18:57:00+00:00,6262.1298828125,6262.6201171875,6261.7900390625,6262.56982421875,4485000
2025-07-16 18:58:00+00:00,6262.85986328125,6262.89013671875,6262.18017578125,6262.18017578125,3366000
2025-07-16 18:59:00+00:00,6263.83984375,6263.93017578125,6262.8701171875,6262.8701171875,4831000
2025-07-16 19:00:00+00:00,6264.47021484375,6264.6298828125,6263.0498046875,6263.8798828125,5335000
2025-07-16 19:01:00+00:00,6265.7001953125,6265.7001953125,6264.47998046875,6264.47998046875,5508000
2025-07-16 19:02:00+00:00,6264.7099609375,6265.7099609375,6264.4501953125,6265.7099609375,4875000
2025-07-16 19:03:00+00:00,6263.3798828125,6265.240234375,6263.22021484375,6264.7099609375,6284000
2025-07-16 19:04:00+00:00,6261.89990234375,6264.1298828125,6261.89990234375,6263.39990234375,5575000
2025-07-16 19:05:00+00:00,6262.56005859375,6262.56005859375,6260.990234375,6261.89013671875,4988000
2025-07-16 19:06:00+00:00,6262.56982421875,6262.7998046875,6262.3798828125,6262.490234375,4880000
2025-07-16 19:07:00+00:00,6261.91015625,6262.7001953125,6261.669921875,6262.68994140625,4197000
2025-07-16 19:08:00+00:00,6262.89013671875,6263.02978515625,6262.0,6262.0,5038000
2025-07-16 19:09:00+00:00,6263.14990234375,6263.14990234375,6262.27978515625,6262.93994140625,4570000
2025-07-16 19:11:00+00:00,6262.740234375,6262.990234375,6262.2900390625,6262.39013671875,9701000
2025-07-16 19:12:00+00:00,6261.91015625,6262.60009765625,6261.66015625,6262.60009765625,4196000
2025-07-16 19:13:00+00:00,6261.41015625,6262.33984375,6261.1201171875,6262.0498046875,4810000
2025-07-16 19:14:00+00:00,6261.740234375,6262.22021484375,6261.39990234375,6261.39990234375,5189000
2025-07-16 19:15:00+00:00,6260.91015625,6261.85986328125,6260.6298828125,6261.81005859375,4955000
2025-07-16 19:16:00+00:00,6260.56982421875,6260.81005859375,6259.64013671875,6260.81005859375,4806000
2025-07-16 19:17:00+00:00,6260.52978515625,6260.669921875,6259.91015625,6260.6298828125,4890000
2025-07-16 19:18:00+00:00,6261.1201171875,6261.14990234375,6260.509765625,6260.52001953125,5897000
2025-07-16 19:19:00+00:00,6260.93994140625,6261.25,6260.6201171875,6261.1201171875,4705000
2025-07-16 19:20:00+00:00,6260.5,6260.89013671875,6259.8798828125,6260.89013671875,5541000
2025-07-16 19:21:00+00:00,6261.14990234375,6261.330078125,6260.3701171875,6260.4501953125,5236000
2025-07-16 19:22:00+00:00,6260.93017578125,6261.5400390625,6260.66015625,6261.2001953125,6162000
2025-07-16 19:23:00+00:00,6260.47998046875,6261.009765625,6260.25,6260.83984375,4682000
2025-07-16 19:24:00+00:00,6260.509765625,6261.02978515625,6260.43994140625,6260.490234375,4729000
2025-07-16 19:25:00+00:00,6261.5400390625,6261.6298828125,6260.39990234375,6260.52978515625,5569000
2025-07-16 19:26:00+00:00,6261.7099609375,6261.97021484375,6261.47998046875,6261.60009765625,5114000
2025-07-16 19:27:00+00:00,6261.77978515625,6261.93994140625,6261.52001953125,6261.7998046875,5569000
2025-07-16 19:28:00+00:00,6262.2900390625,6262.39013671875,6261.66015625,6261.66015625,5559000
2025-07-16 19:29:00+00:00,6262.39990234375,6262.75,6262.35986328125,6262.35986328125,7087000
2025-07-16 19:30:00+00:00,6261.490234375,6262.47998046875,6260.9501953125,6262.47998046875,7548000
2025-07-16 19:31:00+00:00,6260.68994140625,6261.72021484375,6260.66015625,6261.509765625,7296000
2025-07-16 19:32:00+00:00,6260.91015625,6260.93017578125,6260.169921875,6260.740234375,6330000
2025-07-16 19:33:00+00:00,6261.3798828125,6261.43994140625,6260.759765625,6260.83984375,6657000
2025-07-16 19:34:00+00:00,6260.83984375,6261.490234375,6260.66015625,6261.43994140625,7270000
2025-07-16 19:35:00+00:00,6261.0,6262.06982421875,6260.7998046875,6260.7998046875,7047000
2025-07-16 19:36:00+00:00,6260.31982421875,6261.0400390625,6260.10986328125,6261.0400390625,6482000
2025-07-16 19:37:00+00:00,6261.68017578125,6261.72998046875,6260.27978515625,6260.3701171875,6991000
2025-07-16 19:38:00+00:00,6263.240234375,6263.240234375,6261.68017578125,6261.68017578125,8726000
2025-07-16 19:39:00+00:00,6264.919921875,6265.16015625,6262.77978515625,6263.31005859375,8584000
2025-07-16 19:40:00+00:00,6267.1298828125,6267.1298828125,6264.93994140625,6264.93994140625,9240000
2025-07-16 19:41:00+00:00,6267.18017578125,6267.9501953125,6266.7099609375,6267.18994140625,8202000
2025-07-16 19:42:00+00:00,6266.22021484375,6267.41015625,6266.22021484375,6267.14990234375,7406000
2025-07-16 19:43:00+00:00,6266.8798828125,6266.97021484375,6266.25,6266.25,7258000
2025-07-16 19:44:00+00:00,6266.43994140625,6267.1201171875,6266.22998046875,6266.93017578125,8510000
2025-07-16 19:45:00+00:00,6265.60009765625,6266.580078125,6265.419921875,6266.490234375,9204000
2025-07-16 19:46:00+00:00,6265.56005859375,6265.56005859375,6264.490234375,6265.56005859375,8881000
2025-07-16 19:47:00+00:00,6266.6201171875,6266.89013671875,6265.009765625,6265.5498046875,9501000
2025-07-16 19:48:00+00:00,6266.6298828125,6266.89013671875,6266.35986328125,6266.60986328125,8524000
2025-07-16 19:49:00+00:00,6268.02978515625,6268.1201171875,6266.64013671875,6266.66015625,11035000
2025-07-16 19:50:00+00:00,6262.47998046875,6268.0,6262.47998046875,6268.0,18014000
2025-07-16 19:51:00+00:00,6261.9501953125,6262.97021484375,6261.8798828125,6262.419921875,13624000
2025-07-16 19:52:00+00:00,6262.14013671875,6262.830078125,6262.0400390625,6262.0400390625,12695000
2025-07-16 19:53:00+00:00,6262.39013671875,6263.509765625,6262.0400390625,6262.0400390625,16814000
2025-07-16 19:54:00+00:00,6263.080078125,6263.25,6261.89990234375,6262.41015625,17957000
2025-07-16 19:55:00+00:00,6264.9599609375,6264.97998046875,6262.75,6263.18017578125,26661000
2025-07-16 19:56:00+00:00,6264.6298828125,6265.5,6264.25,6264.990234375,23084000
2025-07-16 19:57:00+00:00,6265.10009765625,6265.5498046875,6264.7998046875,6264.7998046875,29690000
2025-07-16 19:58:00+00:00,6263.6298828125,6265.10986328125,6263.56982421875,6265.10986328125,38684000
2025-07-16 19:59:00+00:00,6263.580078125,6263.77001953125,6262.02001953125,6263.64990234375,65457000
2025-07-17 13:30:00+00:00,6265.66015625,6267.31982421875,6262.27001953125,6263.39990234375,86950906
2025-07-17 13:31:00+00:00,6268.56982421875,6269.97998046875,6265.6298828125,6265.7099609375,18111947
2025-07-17 13:32:00+00:00,6266.18994140625,6269.330078125,6265.97021484375,6268.8798828125,14557741
2025-07-17 13:33:00+00:00,6265.89013671875,6265.89013671875,6264.33984375,6264.68994140625,12502799
2025-07-17 13:34:00+00:00,6266.6201171875,6266.6201171875,6264.0,6266.080078125,10774361
2025-07-17 13:35:00+00:00,6267.39990234375,6267.91015625,6265.2900390625,6266.6298828125,11714295
2025-07-17 13:36:00+00:00,6265.60009765625,6267.3798828125,6264.58984375,6267.330078125,10237749
2025-07-17 13:37:00+00:00,6269.2099609375,6269.39990234375,6265.75,6265.75,9106261
2025-07-17 13:38:00+00:00,6268.759765625,6270.1298828125,6268.02978515625,6269.259765625,9187369
2025-07-17 13:39:00+00:00,6268.77001953125,6269.60009765625,6268.52001953125,6268.990234375,8287966
2025-07-17 13:40:00+00:00,6271.60009765625,6271.75,6268.18017578125,6268.8701171875,9002137
2025-07-17 13:41:00+00:00,6274.7900390625,6274.85009765625,6271.830078125,6272.080078125,9088831
2025-07-17 13:42:00+00:00,6275.64013671875,6276.830078125,6274.89013671875,6274.89013671875,11180042
2025-07-17 13:43:00+00:00,6275.3701171875,6276.89013671875,6275.02978515625,6275.68994140625,8670228
2025-07-17 13:44:00+00:00,6277.0,6277.3701171875,6275.580078125,6275.740234375,7567227
2025-07-17 13:45:00+00:00,6276.8798828125,6278.31982421875,6276.52978515625,6276.93994140625,9697714
2025-07-17 13:46:00+00:00,6277.14013671875,6278.06982421875,6276.56982421875,6276.93017578125,8537776
2025-07-17 13:47:00+00:00,6276.31982421875,6277.509765625,6275.990234375,6277.2001953125,8590725
2025-07-17 13:48:00+00:00,6277.75,6277.9599609375,6276.35986328125,6276.35986328125,7974486
2025-07-17 13:49:00+00:00,6280.490234375,6280.490234375,6277.75,6277.919921875,8546785
2025-07-17 13:50:00+00:00,6280.6201171875,6281.60986328125,6279.93017578125,6280.580078125,8071422
2025-07-17 13:51:00+00:00,6280.490234375,6281.22021484375,6279.64990234375,6280.6298828125,8449756
2025-07-17 13:52:00+00:00,6282.47021484375,6282.6298828125,6280.18994140625,6280.3798828125,9730662
2025-07-17 13:53:00+00:00,6282.68994140625,6283.18994140625,6282.02978515625,6282.39990234375,9400499
2025-07-17 13:54:00+00:00,6282.10009765625,6283.41015625,6282.10009765625,6282.6201171875,8719462
2025-07-17 13:55:00+00:00,6279.41015625,6282.9501953125,6278.740234375,6282.06005859375,12639814
2025-07-17 13:56:00+00:00,6280.2998046875,6280.3798828125,6278.509765625,6279.18994140625,8842135
2025-07-17 13:57:00+00:00,6280.31982421875,6280.85009765625,6279.60009765625,6280.14990234375,8967270
2025-07-17 13:58:00+00:00,6280.02978515625,6280.64990234375,6279.91015625,6280.39990234375,7693919
2025-07-17 13:59:00+00:00,6278.89013671875,6279.9599609375,6277.97998046875,6279.9599609375,8644831
2025-07-17 14:00:00+00:00,6280.22021484375,6280.43994140625,6278.64990234375,6278.97021484375,9578782
2025-07-17 14:01:00+00:00,6282.14990234375,6282.7900390625,6280.1201171875,6280.27978515625,10233959
2025-07-17 14:02:00+00:00,6282.60009765625,6282.75,6281.68017578125,6282.1201171875,9962749
2025-07-17 14:03:00+00:00,6282.68994140625,6283.009765625,6282.0498046875,6282.740234375,8663655
2025-07-17 14:04:00+00:00,6282.68994140625,6282.9501953125,6282.06005859375,6282.6298828125,7254629
2025-07-17 14:05:00+00:00,6281.68017578125,6282.919921875,6281.68017578125,6282.7001953125,9244841
2025-07-17 14:06:00+00:00,6280.4599609375,6282.06982421875,6280.259765625,6281.5498046875,8934365
2025-07-17 14:07:00+00:00,6281.5400390625,6281.5400390625,6279.5498046875,6280.490234375,7556995
2025-07-17 14:08:00+00:00,6283.0498046875,6283.0498046875,6281.5498046875,6281.6201171875,7986131
2025-07-17 14:09:00+00:00,6282.72998046875,6283.2099609375,6282.509765625,6283.08984375,7659595
2025-07-17 14:10:00+00:00,6283.1201171875,6283.52978515625,6282.7998046875,6282.7998046875,7521054
2025-07-17 14:11:00+00:00,6279.8701171875,6283.14990234375,6279.35009765625,6283.14990234375,8767751
2025-07-17 14:12:00+00:00,6282.27978515625,6282.47998046875,6279.89013671875,6279.9501953125,9027887
2025-07-17 14:13:00+00:00,6283.22998046875,6283.2998046875,6281.7998046875,6282.509765625,7913963
2025-07-17 14:14:00+00:00,6283.27001953125,6283.490234375,6282.52978515625,6283.2900390625,7284578
2025-07-17 14:15:00+00:00,6282.06005859375,6283.5400390625,6281.64990234375,6283.080078125,8822780
2025-07-17 14:16:00+00:00,6280.669921875,6282.10986328125,6279.83984375,6281.9599609375,8882069
2025-07-17 14:18:00+00:00,6277.77978515625,6279.25,6277.64013671875,6279.2099609375,15076337
2025-07-17 14:19:00+00:00,6276.509765625,6277.97021484375,6276.509765625,6277.81005859375,8811131
2025-07-17 14:20:00+00:00,6275.8798828125,6276.3798828125,6274.81005859375,6276.3798828125,8708053
2025-07-17 14:21:00+00:00,6276.8798828125,6276.9599609375,6274.85009765625,6275.93994140625,7121186
2025-07-17 14:22:00+00:00,6273.8701171875,6277.10009765625,6273.8701171875,6276.6298828125,7932713
2025-07-17 14:23:00+00:00,6272.35986328125,6273.81005859375,6271.81982421875,6273.72998046875,8319919
2025-07-17 14:24:00+00:00,6271.9599609375,6272.27001953125,6270.490234375,6272.27001953125,7079309
2025-07-17 14:25:00+00:00,6272.259765625,6272.4599609375,6271.240234375,6271.89013671875,6772548
2025-07-17 14:26:00+00:00,6274.43017578125,6274.490234375,6271.740234375,6272.35009765625,8412600
2025-07-17 14:27:00+00:00,6274.02978515625,6275.10986328125,6273.77001953125,6274.27978515625,7948343
2025-07-17 14:28:00+00:00,6273.2900390625,6274.93017578125,6273.25,6274.10986328125,6956541
2025-07-17 14:29:00+00:00,6275.66015625,6275.7998046875,6272.93017578125,6273.2099609375,6992598
2025-07-17 14:30:00+00:00,6276.5498046875,6276.5498046875,6275.35986328125,6275.72998046875,7449445
2025-07-17 14:31:00+00:00,6276.68017578125,6277.1201171875,6276.240234375,6276.47998046875,6561757
2025-07-17 14:32:00+00:00,6278.990234375,6279.10986328125,6276.72021484375,6276.72021484375,5998154
2025-07-17 14:33:00+00:00,6278.7900390625,6279.10986328125,6278.31982421875,6279.009765625,7218654
2025-07-17 14:34:00+00:00,6278.5,6279.39990234375,6278.35009765625,6278.72998046875,8720121
2025-07-17 14:35:00+00:00,6277.8798828125,6278.52978515625,6277.3798828125,6278.35986328125,6108977
2025-07-17 14:36:00+00:00,6277.8701171875,6278.72021484375,6277.6201171875,6277.759765625,7247697
2025-07-17 14:37:00+00:00,6274.8798828125,6278.22998046875,6274.7900390625,6277.93994140625,8020666
2025-07-17 14:38:00+00:00,6272.35009765625,6275.080078125,6271.93017578125,6274.830078125,7128458
2025-07-17 14:39:00+00:00,6273.3798828125,6273.4501953125,6272.22998046875,6272.47998046875,5455038
2025-07-17 14:40:00+00:00,6274.419921875,6274.60986328125,6273.2998046875,6273.35986328125,5992606
2025-07-17 14:41:00+00:00,6274.3701171875,6274.47998046875,6273.58984375,6274.43994140625,5490031
2025-07-17 14:42:00+00:00,6275.5498046875,6275.91015625,6273.8701171875,6274.419921875,6930889
2025-07-17 14:43:00+00:00,6275.3798828125,6276.3701171875,6275.3798828125,6275.68017578125,6617687
2025-07-17 14:44:00+00:00,6275.990234375,6276.2099609375,6275.18017578125,6275.41015625,5683776
2025-07-17 14:45:00+00:00,6274.9599609375,6276.66015625,6274.9599609375,6275.9501953125,5951702
2025-07-17 14:46:00+00:00,6276.3798828125,6276.4599609375,6274.669921875,6274.77978515625,5296382
2025-07-17 14:47:00+00:00,6277.14013671875,6277.22021484375,6275.77001953125,6276.14990234375,5665561
2025-07-17 14:48:00+00:00,6278.330078125,6278.330078125,6276.93994140625,6277.22998046875,6291438
2025-07-17 14:49:00+00:00,6280.14013671875,6280.27001953125,6278.2099609375,6278.43994140625,6112249
2025-07-17 14:50:00+00:00,6279.60009765625,6280.4501953125,6279.60009765625,6280.22998046875,6321634
2025-07-17 14:51:00+00:00,6278.7998046875,6280.2001953125,6278.7998046875,6279.60009765625,6665990
2025-07-17 14:52:00+00:00,6279.3798828125,6279.5,6278.7099609375,6278.85009765625,5542962
2025-07-17 14:53:00+00:00,6279.27001953125,6279.77001953125,6278.7900390625,6279.419921875,7026661
2025-07-17 14:54:00+00:00,6280.22021484375,6280.4501953125,6279.25,6279.35009765625,6425836
2025-07-17 14:55:00+00:00,6280.169921875,6280.47998046875,6279.5498046875,6280.240234375,6100712
2025-07-17 14:56:00+00:00,6279.75,6280.77001953125,6279.2001953125,6280.18994140625,9344290
2025-07-17 14:57:00+00:00,6280.18017578125,6280.39013671875,6279.52001953125,6279.830078125,5806817
2025-07-17 14:58:00+00:00,6279.9599609375,6280.2900390625,6279.18017578125,6280.2001953125,5874339
2025-07-17 14:59:00+00:00,6279.6201171875,6280.35986328125,6279.35986328125,6280.0498046875,6141626
2025-07-17 15:00:00+00:00,6281.08984375,6281.10986328125,6279.52978515625,6279.60986328125,8701807
2025-07-17 15:01:00+00:00,6281.080078125,6281.16015625,6280.2900390625,6281.16015625,6975916
2025-07-17 15:02:00+00:00,6280.72021484375,6281.240234375,6280.52001953125,6281.10009765625,6395791
2025-07-17 15:03:00+00:00,6280.97998046875,6281.33984375,6280.72998046875,6280.72998046875,6076123
2025-07-17 15:04:00+00:00,6282.009765625,6282.14013671875,6280.89013671875,6280.89013671875,5489743
2025-07-17 15:05:00+00:00,6284.669921875,6284.669921875,6281.759765625,6282.080078125,7484393
2025-07-17 15:06:00+00:00,6286.16015625,6286.740234375,6284.7001953125,6284.740234375,6587994
2025-07-17 15:07:00+00:00,6284.5400390625,6286.3798828125,6284.5400390625,6286.2001953125,7361399
2025-07-17 15:08:00+00:00,6285.18017578125,6285.6298828125,6284.68017578125,6284.68017578125,5667737
2025-07-17 15:09:00+00:00,6285.35009765625,6285.7998046875,6284.91015625,6285.10009765625,6487854
2025-07-17 15:10:00+00:00,6284.91015625,6286.0498046875,6284.5400390625,6285.3701171875,7736024
2025-07-17 15:11:00+00:00,6284.91015625,6285.18994140625,6284.3701171875,6284.9599609375,6694946
2025-07-17 15:12:00+00:00,6284.759765625,6285.1298828125,6284.33984375,6284.919921875,6694478
2025-07-17 15:13:00+00:00,6285.169921875,6285.64013671875,6284.6201171875,6284.7099609375,6775972
2025-07-17 15:14:00+00:00,6284.6298828125,6285.3798828125,6284.41015625,6285.1298828125,6735125
2025-07-17 15:15:00+00:00,6285.47021484375,6285.47021484375,6284.6298828125,6284.6298828125,6166956
2025-07-17 15:16:00+00:00,6284.60009765625,6285.56982421875,6284.60009765625,6285.490234375,5964450
2025-07-17 15:17:00+00:00,6284.009765625,6284.85009765625,6284.009765625,6284.64990234375,6283414
2025-07-17 15:18:00+00:00,6283.85009765625,6284.5,6283.72021484375,6283.990234375,5558125
2025-07-17 15:19:00+00:00,6284.740234375,6285.77001953125,6283.5498046875,6283.85009765625,7075310
2025-07-17 15:20:00+00:00,6285.009765625,6285.68994140625,6284.77001953125,6284.89990234375,7179653
2025-07-17 15:21:00+00:00,6284.0400390625,6285.080078125,6283.33984375,6285.02978515625,5620244
2025-07-17 15:22:00+00:00,6285.91015625,6285.9599609375,6283.9599609375,6284.18994140625,5337620
2025-07-17 15:23:00+00:00,6286.490234375,6286.580078125,6285.56005859375,6285.990234375,5613005
2025-07-17 15:24:00+00:00,6287.2001953125,6287.2001953125,6286.06005859375,6286.47021484375,4832263
2025-07-17 15:25:00+00:00,6288.009765625,6288.259765625,6287.31005859375,6287.31005859375,5463665
2025-07-17 15:26:00+00:00,6287.64013671875,6288.08984375,6286.759765625,6287.990234375,6143833
2025-07-17 15:27:00+00:00,6288.18017578125,6288.18017578125,6287.6201171875,6287.64990234375,4605245
2025-07-17 15:28:00+00:00,6287.240234375,6288.22021484375,6287.08984375,6288.2099609375,5323573
2025-07-17 15:29:00+00:00,6287.81005859375,6287.81005859375,6287.080078125,6287.22998046875,4720275
2025-07-17 15:30:00+00:00,6287.4599609375,6287.75,6287.06982421875,6287.75,5551736
2025-07-17 15:31:00+00:00,6287.06005859375,6287.93994140625,6286.93994140625,6287.4501953125,5973000
2025-07-17 15:32:00+00:00,6287.77001953125,6288.75,6286.9599609375,6287.0498046875,6462000
2025-07-17 15:33:00+00:00,6287.93994140625,6288.3701171875,6287.56982421875,6287.81982421875,4892000
2025-07-17 15:34:00+00:00,6287.56005859375,6288.2099609375,6287.22998046875,6287.89990234375,5472000
2025-07-17 15:35:00+00:00,6287.72998046875,6287.97998046875,6287.240234375,6287.4599609375,5801000
2025-07-17 15:36:00+00:00,6289.419921875,6289.4599609375,6287.58984375,6287.740234375,5862000
2025-07-17 15:37:00+00:00,6289.43017578125,6290.18994140625,6289.31005859375,6289.47998046875,5613000
2025-07-17 15:38:00+00:00,6290.89013671875,6291.02001953125,6289.43017578125,6289.43017578125,4547000
2025-07-17 15:39:00+00:00,6290.93994140625,6291.02001953125,6290.330078125,6290.7998046875,4927000
2025-07-17 15:40:00+00:00,6291.81982421875,6291.81982421875,6291.0400390625,6291.06005859375,4567000
2025-07-17 15:41:00+00:00,6292.669921875,6292.89990234375,6292.4501953125,6292.72021484375,4851000
2025-07-17 15:42:00+00:00,6292.56982421875,6292.81982421875,6292.10986328125,6292.509765625,5520000
2025-07-17 15:43:00+00:00,6291.2001953125,6292.9501953125,6291.14013671875,6292.58984375,4440000
2025-07-17 15:44:00+00:00,6291.830078125,6291.8798828125,6291.240234375,6291.25,4136000
2025-07-17 15:45:00+00:00,6292.1201171875,6292.3701171875,6291.68017578125,6291.83984375,6169000
2025-07-17 15:46:00+00:00,6292.1201171875,6292.2998046875,6291.72021484375,6292.2998046875,5724000
2025-07-17 15:47:00+00:00,6291.97998046875,6292.2900390625,6291.56982421875,6292.2900390625,5805000
2025-07-17 15:48:00+00:00,6291.1298828125,6292.0,6290.509765625,6292.0,4253000
2025-07-17 15:49:00+00:00,6290.4501953125,6291.27978515625,6290.4501953125,6291.2001953125,4387000
2025-07-17 15:50:00+00:00,6290.60986328125,6290.68017578125,6289.6201171875,6290.4501953125,4993000
2025-07-17 15:51:00+00:00,6291.72021484375,6291.919921875,6290.7099609375,6290.7099609375,5354000
2025-07-17 15:52:00+00:00,6291.3798828125,6291.91015625,6291.3798828125,6291.7001953125,4716000
2025-07-17 15:53:00+00:00,6292.18017578125,6292.2099609375,6291.169921875,6291.419921875,5307000
2025-07-17 15:54:00+00:00,6291.9501953125,6292.22998046875,6291.64990234375,6292.22998046875,4413000
2025-07-17 15:55:00+00:00,6292.2900390625,6292.2900390625,6291.68017578125,6291.9501953125,5590000
2025-07-17 15:56:00+00:00,6292.4599609375,6292.4599609375,6291.8798828125,6292.35009765625,6511000
2025-07-17 15:57:00+00:00,6293.259765625,6293.27978515625,6292.41015625,6292.47998046875,4249000
2025-07-17 15:58:00+00:00,6293.72021484375,6293.72021484375,6292.93994140625,6293.259765625,4566000
2025-07-17 15:59:00+00:00,6293.509765625,6293.68994140625,6293.18017578125,6293.64990234375,5180000
2025-07-17 16:00:00+00:00,6292.31005859375,6293.43994140625,6292.02978515625,6293.43994140625,5857000
2025-07-17 16:01:00+00:00,6292.6201171875,6293.169921875,6292.3798828125,6292.3798828125,5188000
2025-07-17 16:02:00+00:00,6293.85009765625,6293.89013671875,6292.6298828125,6292.64990234375,5065000
2025-07-17 16:03:00+00:00,6293.93994140625,6294.10986328125,6293.68017578125,6293.85009765625,4414000
2025-07-17 16:04:00+00:00,6295.0498046875,6295.14013671875,6294.0,6294.10986328125,6420000
2025-07-17 16:05:00+00:00,6294.5,6295.4599609375,6294.39990234375,6295.06982421875,4477000
2025-07-17 16:06:00+00:00,6294.16015625,6294.60009765625,6293.56005859375,6294.43994140625,6426000
2025-07-17 16:07:00+00:00,6294.60009765625,6294.77978515625,6294.06982421875,6294.27978515625,4731000
2025-07-17 16:08:00+00:00,6295.3701171875,6295.41015625,6294.22021484375,6294.6298828125,4001000
2025-07-17 16:09:00+00:00,6295.6298828125,6296.1201171875,6295.2998046875,6295.2998046875,4435000
2025-07-17 16:10:00+00:00,6294.990234375,6296.06982421875,6294.990234375,6295.60009765625,4594000
2025-07-17 16:11:00+00:00,6293.5498046875,6295.0498046875,6293.5400390625,6295.0498046875,4977000
2025-07-17 16:12:00+00:00,6293.10986328125,6293.990234375,6292.77001953125,6293.5400390625,5576000
2025-07-17 16:13:00+00:00,6292.81982421875,6293.16015625,6292.419921875,6293.16015625,4023000
2025-07-17 16:14:00+00:00,6292.759765625,6293.1201171875,6292.56005859375,6292.85986328125,4016000
2025-07-17 16:15:00+00:00,6292.2998046875,6292.89990234375,6292.06005859375,6292.7900390625,4154000
2025-07-17 16:16:00+00:00,6292.490234375,6292.83984375,6292.27001953125,6292.31982421875,3710000
2025-07-17 16:17:00+00:00,6290.740234375,6292.43017578125,6290.580078125,6292.3701171875,6218000
2025-07-17 16:18:00+00:00,6289.580078125,6291.240234375,6289.580078125,6290.77001953125,5380000
2025-07-17 16:19:00+00:00,6289.06982421875,6289.75,6289.02001953125,6289.60986328125,5485000
2025-07-17 16:20:00+00:00,6289.56005859375,6289.8701171875,6288.97021484375,6289.10009765625,5915000
2025-07-17 16:21:00+00:00,6290.06982421875,6290.25,6289.56005859375,6289.56005859375,5957000
2025-07-17 16:22:00+00:00,6290.81005859375,6290.830078125,6290.02978515625,6290.080078125,4425000
2025-07-17 16:23:00+00:00,6292.56005859375,6292.56005859375,6290.64013671875,6290.8701171875,4961000
2025-07-17 16:24:00+00:00,6292.2001953125,6292.759765625,6292.06005859375,6292.60986328125,5232000
2025-07-17 16:25:00+00:00,6292.43994140625,6292.7099609375,6291.669921875,6292.259765625,7813000
2025-07-17 16:26:00+00:00,6291.8701171875,6292.759765625,6291.8701171875,6292.52001953125,4628000
2025-07-17 16:27:00+00:00,6290.31005859375,6291.81005859375,6290.169921875,6291.81005859375,4446000
2025-07-17 16:28:00+00:00,6289.1298828125,6289.509765625,6289.1298828125,6289.4599609375,3643000
2025-07-17 16:29:00+00:00,6289.6298828125,6290.14013671875,6289.240234375,6289.2900390625,5292000
2025-07-17 16:30:00+00:00,6288.52001953125,6290.02001953125,6288.39990234375,6289.68994140625,4762000
2025-07-17 16:31:00+00:00,6289.240234375,6289.31005859375,6288.240234375,6288.64013671875,5536000
2025-07-17 16:32:00+00:00,6289.81005859375,6289.85009765625,6289.0,6289.25,4248000
2025-07-17 16:33:00+00:00,6289.9501953125,6290.39990234375,6289.77001953125,6289.77001953125,4221000
2025-07-17 16:34:00+00:00,6289.3701171875,6289.91015625,6289.3701171875,6289.830078125,4310000
2025-07-17 16:35:00+00:00,6289.89990234375,6289.93017578125,6289.169921875,6289.3701171875,3820000
2025-07-17 16:36:00+00:00,6288.8798828125,6289.89990234375,6288.81005859375,6289.89990234375,4544000
2025-07-17 16:37:00+00:00,6288.06005859375,6289.14013671875,6287.85009765625,6289.1201171875,4107000
2025-07-17 16:38:00+00:00,6289.02001953125,6289.02001953125,6287.990234375,6287.990234375,3531000
2025-07-17 16:39:00+00:00,6286.89990234375,6289.0,6286.72998046875,6289.0,6018000
2025-07-17 16:40:00+00:00,6287.52978515625,6287.5498046875,6286.330078125,6287.009765625,4165000
2025-07-17 16:41:00+00:00,6288.919921875,6289.18017578125,6287.43017578125,6287.58984375,4920000
2025-07-17 16:42:00+00:00,6288.6201171875,6289.0,6288.25,6288.8701171875,3819000
2025-07-17 16:43:00+00:00,6289.39013671875,6289.4501953125,6288.52978515625,6288.64013671875,3314000
2025-07-17 16:44:00+00:00,6289.06005859375,6289.60986328125,6289.06005859375,6289.33984375,3691000
2025-07-17 16:45:00+00:00,6288.4501953125,6289.18017578125,6288.259765625,6289.0498046875,4714000
2025-07-17 16:46:00+00:00,6288.1201171875,6288.68017578125,6287.68994140625,6288.4599609375,4651000
2025-07-17 16:47:00+00:00,6289.259765625,6289.259765625,6288.02978515625,6288.16015625,3966000
2025-07-17 16:48:00+00:00,6289.0,6289.52001953125,6288.72998046875,6289.25,4916000
2025-07-17 16:49:00+00:00,6288.35986328125,6289.08984375,6287.9501953125,6288.990234375,4893000
2025-07-17 16:50:00+00:00,6289.68994140625,6289.7001953125,6288.31982421875,6288.3701171875,4265000
2025-07-17 16:51:00+00:00,6289.419921875,6289.81982421875,6289.22998046875,6289.68017578125,4180000
2025-07-17 16:52:00+00:00,6289.169921875,6289.58984375,6289.10986328125,6289.43994140625,3917000
2025-07-17 16:53:00+00:00,6288.43994140625,6289.89013671875,6288.43994140625,6289.08984375,4559000
2025-07-17 16:54:00+00:00,6287.830078125,6288.64990234375,6287.5400390625,6288.58984375,3458000
2025-07-17 16:55:00+00:00,6288.39990234375,6288.43017578125,6287.8701171875,6287.8701171875,3079000
2025-07-17 16:56:00+00:00,6287.56005859375,6288.5498046875,6287.41015625,6288.43994140625,4805000
2025-07-17 16:57:00+00:00,6289.0400390625,6289.22998046875,6287.56982421875,6287.60009765625,3655000
2025-07-17 16:58:00+00:00,6289.259765625,6289.9501953125,6288.89990234375,6288.9501953125,3286000
2025-07-17 16:59:00+00:00,6289.64990234375,6289.68994140625,6289.27001953125,6289.27001953125,3406000
2025-07-17 17:00:00+00:00,6289.740234375,6289.759765625,6289.14990234375,6289.759765625,4062000
2025-07-17 17:01:00+00:00,6289.7001953125,6290.39013671875,6289.10986328125,6289.75,5061000
2025-07-17 17:02:00+00:00,6289.77978515625,6290.169921875,6289.4501953125,6289.64013671875,4611000
2025-07-17 17:03:00+00:00,6290.08984375,6290.2001953125,6289.5,6289.81982421875,3785000
2025-07-17 17:04:00+00:00,6290.3701171875,6290.75,6290.080078125,6290.080078125,4938000
2025-07-17 17:05:00+00:00,6289.2001953125,6290.33984375,6288.919921875,6290.33984375,4153000
2025-07-17 17:06:00+00:00,6289.22998046875,6289.7001953125,6288.85986328125,6289.25,4135000
2025-07-17 17:07:00+00:00,6288.81005859375,6289.4599609375,6288.68017578125,6289.27001953125,3712000
2025-07-17 17:08:00+00:00,6289.16015625,6289.31982421875,6288.830078125,6288.85009765625,4214000
2025-07-17 17:09:00+00:00,6289.330078125,6289.330078125,6288.6201171875,6289.16015625,3091000
2025-07-17 17:10:00+00:00,6288.60009765625,6289.3701171875,6288.60009765625,6289.27978515625,3476000
2025-07-17 17:11:00+00:00,6288.93017578125,6289.14013671875,6288.08984375,6288.58984375,3643000
2025-07-17 17:12:00+00:00,6289.41015625,6289.56982421875,6288.77001953125,6288.81982421875,3769000
2025-07-17 17:13:00+00:00,6289.009765625,6289.60009765625,6288.85009765625,6289.3798828125,3790000
2025-07-17 17:14:00+00:00,6289.75,6289.91015625,6288.990234375,6288.990234375,3732000
2025-07-17 17:15:00+00:00,6289.31005859375,6290.1298828125,6289.2001953125,6289.740234375,3429000
2025-07-17 17:16:00+00:00,6290.419921875,6290.419921875,6289.31982421875,6289.31982421875,3533000
2025-07-17 17:17:00+00:00,6291.0,6291.16015625,6290.41015625,6290.4599609375,3782000
2025-07-17 17:18:00+00:00,6291.25,6291.31982421875,6290.64013671875,6290.990234375,3855000
2025-07-17 17:19:00+00:00,6291.47021484375,6291.52978515625,6290.9501953125,6291.14990234375,3958000
2025-07-17 17:20:00+00:00,6290.93994140625,6291.490234375,6290.7099609375,6291.490234375,4231000
2025-07-17 17:21:00+00:00,6291.2001953125,6291.5498046875,6290.89013671875,6290.93994140625,4228000
2025-07-17 17:22:00+00:00,6291.52001953125,6291.5498046875,6290.77001953125,6291.2099609375,4079000
2025-07-17 17:23:00+00:00,6290.7998046875,6291.64990234375,6290.740234375,6291.47021484375,4741000
2025-07-17 17:24:00+00:00,6290.85009765625,6291.22021484375,6290.56005859375,6290.77978515625,3743000
2025-07-17 17:25:00+00:00,6291.580078125,6291.580078125,6290.830078125,6290.830078125,4419000
2025-07-17 17:26:00+00:00,6291.5400390625,6291.72998046875,6291.35009765625,6291.52978515625,3979000
2025-07-17 17:27:00+00:00,6289.77978515625,6291.7099609375,6289.68994140625,6291.490234375,5471000
2025-07-17 17:28:00+00:00,6290.2001953125,6290.240234375,6287.89990234375,6289.740234375,4913000
2025-07-17 17:29:00+00:00,6291.259765625,6291.330078125,6290.22021484375,6290.22021484375,3458000
2025-07-17 17:30:00+00:00,6291.7998046875,6292.39013671875,6291.27978515625,6291.31982421875,4463000
2025-07-17 17:31:00+00:00,6292.5400390625,6292.7900390625,6291.64013671875,6291.81005859375,5118000
2025-07-17 17:32:00+00:00,6291.9599609375,6293.0400390625,6291.490234375,6292.56005859375,5514000
2025-07-17 17:33:00+00:00,6291.43017578125,6291.9599609375,6291.16015625,6291.9599609375,4984000
2025-07-17 17:34:00+00:00,6292.39013671875,6292.43017578125,6291.18017578125,6291.41015625,3681000
2025-07-17 17:35:00+00:00,6292.259765625,6292.830078125,6292.06982421875,6292.39990234375,4128000
2025-07-17 17:36:00+00:00,6292.97998046875,6293.08984375,6291.7900390625,6292.10009765625,4423000
2025-07-17 17:37:00+00:00,6293.06982421875,6293.10986328125,6292.64013671875,6293.02001953125,3595000
2025-07-17 17:38:00+00:00,6293.39990234375,6293.72021484375,6292.85986328125,6293.0400390625,4078000
2025-07-17 17:39:00+00:00,6293.47998046875,6293.5400390625,6293.0,6293.2900390625,3986000
2025-07-17 17:40:00+00:00,6293.919921875,6294.41015625,6293.47021484375,6293.47021484375,3846000
2025-07-17 17:41:00+00:00,6293.93017578125,6294.4501953125,6293.89013671875,6294.0,4205000
2025-07-17 17:42:00+00:00,6294.2998046875,6294.58984375,6293.89013671875,6293.97021484375,3947000
2025-07-17 17:43:00+00:00,6294.93994140625,6294.93994140625,6294.009765625,6294.330078125,4015000
2025-07-17 17:44:00+00:00,6294.759765625,6295.27001953125,6294.72998046875,6294.97998046875,4143000
2025-07-17 17:45:00+00:00,6293.47998046875,6294.85009765625,6293.18017578125,6294.68017578125,4832000
2025-07-17 17:46:00+00:00,6294.31005859375,6294.56982421875,6293.39013671875,6293.52978515625,4443000
2025-07-17 17:47:00+00:00,6293.830078125,6293.85986328125,6293.58984375,6293.7001953125,4445000
2025-07-17 17:48:00+00:00,6293.9599609375,6294.4501953125,6293.919921875,6293.93017578125,5111000
2025-07-17 17:49:00+00:00,6294.14013671875,6294.33984375,6293.7001953125,6294.02978515625,4020000
2025-07-17 17:50:00+00:00,6294.14990234375,6294.2998046875,6293.8798828125,6294.18994140625,2955000
2025-07-17 17:51:00+00:00,6294.22021484375,6294.25,6293.509765625,6294.169921875,3972000
2025-07-17 17:52:00+00:00,6294.4501953125,6294.68994140625,6294.10986328125,6294.22998046875,3754000
2025-07-17 17:53:00+00:00,6294.89013671875,6294.89013671875,6294.2001953125,6294.39990234375,3879000
2025-07-17 17:54:00+00:00,6294.740234375,6294.8701171875,6294.4501953125,6294.75,3783000
2025-07-17 17:55:00+00:00,6294.7001953125,6295.490234375,6294.7001953125,6294.77978515625,4999000
2025-07-17 17:56:00+00:00,6294.97021484375,6295.10009765625,6294.4501953125,6294.72021484375,3791000
2025-07-17 17:57:00+00:00,6295.2001953125,6295.259765625,6294.83984375,6294.97998046875,4123000
2025-07-17 17:58:00+00:00,6295.18994140625,6295.509765625,6295.02978515625,6295.14990234375,3377000
2025-07-17 17:59:00+00:00,6295.490234375,6295.56005859375,6295.14013671875,6295.2001953125,4096000
2025-07-17 18:00:00+00:00,6295.68017578125,6295.85986328125,6294.7998046875,6295.43017578125,4339000
2025-07-17 18:01:00+00:00,6295.64990234375,6295.669921875,6294.7900390625,6295.669921875,6034000
2025-07-17 18:02:00+00:00,6294.85009765625,6295.72998046875,6294.81982421875,6295.7001953125,5264000
2025-07-17 18:03:00+00:00,6295.10986328125,6295.1201171875,6294.60986328125,6294.830078125,5645000
2025-07-17 18:04:00+00:00,6295.06982421875,6295.52978515625,6294.81005859375,6295.080078125,5011000
2025-07-17 18:05:00+00:00,6294.89013671875,6295.2900390625,6294.58984375,6295.02978515625,4632000
2025-07-17 18:06:00+00:00,6294.43994140625,6294.89013671875,6294.169921875,6294.89013671875,5066000
2025-07-17 18:07:00+00:00,6294.2099609375,6294.509765625,6293.72021484375,6294.47998046875,4068000
2025-07-17 18:08:00+00:00,6295.06982421875,6295.14013671875,6294.0400390625,6294.080078125,4236000
2025-07-17 18:09:00+00:00,6294.72021484375,6295.259765625,6294.669921875,6295.1201171875,3822000
2025-07-17 18:10:00+00:00,6294.56005859375,6295.08984375,6294.56005859375,6294.72998046875,3157000
2025-07-17 18:11:00+00:00,6293.64013671875,6294.56005859375,6293.39990234375,6294.56005859375,4855000
2025-07-17 18:12:00+00:00,6293.4599609375,6293.990234375,6293.330078125,6293.64990234375,4922000
2025-07-17 18:13:00+00:00,6293.31982421875,6294.35009765625,6293.18017578125,6293.47021484375,4646000
2025-07-17 18:14:00+00:00,6292.8798828125,6293.35009765625,6292.77001953125,6293.35009765625,4211000
2025-07-17 18:15:00+00:00,6293.06982421875,6293.10986328125,6292.2099609375,6292.85009765625,4389000
2025-07-17 18:16:00+00:00,6294.3701171875,6294.490234375,6293.02001953125,6293.10986328125,3724000
2025-07-17 18:17:00+00:00,6293.919921875,6294.5498046875,6293.81005859375,6294.5498046875,3607000
2025-07-17 18:18:00+00:00,6293.580078125,6293.97021484375,6293.14013671875,6293.91015625,3848000
2025-07-17 18:19:00+00:00,6295.8701171875,6295.93017578125,6293.56982421875,6293.56982421875,4843000
2025-07-17 18:20:00+00:00,6296.10009765625,6296.25,6295.72021484375,6295.7998046875,4570000
2025-07-17 18:21:00+00:00,6295.5498046875,6296.009765625,6295.08984375,6295.9599609375,5073000
2025-07-17 18:22:00+00:00,6296.080078125,6296.169921875,6295.52978515625,6295.52978515625,4808000
2025-07-17 18:23:00+00:00,6296.22998046875,6296.4599609375,6296.0400390625,6296.0498046875,3652000
2025-07-17 18:24:00+00:00,6298.52978515625,6298.52978515625,6296.16015625,6296.18017578125,4712000
2025-07-17 18:25:00+00:00,6298.2099609375,6298.72998046875,6297.8798828125,6298.490234375,4248000
2025-07-17 18:26:00+00:00,6298.7900390625,6298.7998046875,6298.02978515625,6298.18017578125,4867000
2025-07-17 18:27:00+00:00,6299.18017578125,6299.18017578125,6298.7900390625,6298.83984375,5245000
2025-07-17 18:28:00+00:00,6299.5498046875,6299.580078125,6298.89990234375,6299.240234375,4233000
2025-07-17 18:29:00+00:00,6299.89990234375,6299.9599609375,6299.52001953125,6299.52001953125,5059000
2025-07-17 18:30:00+00:00,6300.14990234375,6300.14990234375,6299.52001953125,6299.81005859375,4992000
2025-07-17 18:31:00+00:00,6298.669921875,6300.41015625,6298.43017578125,6300.18017578125,5558000
2025-07-17 18:32:00+00:00,6299.16015625,6299.419921875,6298.7099609375,6298.7099609375,4946000
2025-07-17 18:33:00+00:00,6298.740234375,6299.43994140625,6298.72998046875,6299.14990234375,5345000
2025-07-17 18:34:00+00:00,6298.93994140625,6299.25,6298.7099609375,6298.75,3702000
2025-07-17 18:35:00+00:00,6297.97021484375,6298.990234375,6297.89990234375,6298.9501953125,4369000
2025-07-17 18:36:00+00:00,6297.64990234375,6297.990234375,6297.41015625,6297.97998046875,5426000
2025-07-17 18:37:00+00:00,6298.56982421875,6298.64013671875,6297.52978515625,6297.68994140625,3631000
2025-07-17 18:38:00+00:00,6299.22998046875,6299.39013671875,6298.490234375,6298.56005859375,4872000
2025-07-17 18:39:00+00:00,6299.02001953125,6299.27978515625,6298.89013671875,6299.16015625,4175000
2025-07-17 18:40:00+00:00,6299.02001953125,6299.259765625,6298.990234375,6299.0,4493000
2025-07-17 18:41:00+00:00,6298.97021484375,6299.02978515625,6298.52978515625,6299.02978515625,5599000
2025-07-17 18:42:00+00:00,6299.2900390625,6299.31005859375,6298.68994140625,6299.0400390625,4622000
2025-07-17 18:43:00+00:00,6299.27001953125,6299.58984375,6299.22998046875,6299.2900390625,3892000
2025-07-17 18:44:00+00:00,6299.10986328125,6299.419921875,6299.0498046875,6299.2900390625,3929000
2025-07-17 18:45:00+00:00,6298.7900390625,6299.33984375,6298.669921875,6299.10986328125,4039000
2025-07-17 18:46:00+00:00,6299.669921875,6299.72998046875,6298.740234375,6298.7900390625,5325000
2025-07-17 18:47:00+00:00,6300.169921875,6300.169921875,6299.35986328125,6299.64990234375,4627000
2025-07-17 18:48:00+00:00,6300.2998046875,6300.419921875,6299.91015625,6300.25,4718000
2025-07-17 18:49:00+00:00,6300.7001953125,6300.7001953125,6300.259765625,6300.31982421875,4526000
2025-07-17 18:50:00+00:00,6301.89013671875,6301.919921875,6300.81982421875,6300.81982421875,5126000
2025-07-17 18:51:00+00:00,6300.81982421875,6301.740234375,6300.4501953125,6301.740234375,4350000
2025-07-17 18:52:00+00:00,6300.0400390625,6300.83984375,6300.0,6300.77978515625,4882000
2025-07-17 18:53:00+00:00,6300.2001953125,6300.3798828125,6299.990234375,6300.0498046875,4238000
2025-07-17 18:54:00+00:00,6300.3701171875,6300.52001953125,6300.14990234375,6300.240234375,4743000
2025-07-17 18:55:00+00:00,6300.72998046875,6301.27001953125,6300.35009765625,6300.35986328125,5409000
2025-07-17 18:56:00+00:00,6301.2998046875,6301.33984375,6300.58984375,6300.72021484375,4455000
2025-07-17 18:57:00+00:00,6301.10009765625,6301.240234375,6300.740234375,6301.18017578125,5218000
2025-07-17 18:58:00+00:00,6300.47021484375,6301.02001953125,6300.18017578125,6301.009765625,5034000
2025-07-17 18:59:00+00:00,6300.41015625,6300.64990234375,6300.3798828125,6300.47021484375,4449000
2025-07-17 19:00:00+00:00,6301.22998046875,6301.4599609375,6300.3701171875,6300.43017578125,4912000
2025-07-17 19:01:00+00:00,6302.3798828125,6302.39013671875,6301.06982421875,6301.18017578125,5103000
2025-07-17 19:02:00+00:00,6303.27978515625,6303.33984375,6302.43017578125,6302.43017578125,5020000
2025-07-17 19:03:00+00:00,6304.490234375,6304.68994140625,6303.259765625,6303.2900390625,4975000
2025-07-17 19:04:00+00:00,6304.14990234375,6304.5498046875,6304.0400390625,6304.509765625,4984000
2025-07-17 19:05:00+00:00,6303.7001953125,6304.22021484375,6303.39013671875,6304.1201171875,4698000
2025-07-17 19:06:00+00:00,6303.39013671875,6303.68017578125,6303.27001953125,6303.52001953125,4395000
2025-07-17 19:07:00+00:00,6303.08984375,6303.64990234375,6302.97021484375,6303.35009765625,4723000
2025-07-17 19:08:00+00:00,6302.85986328125,6303.33984375,6302.83984375,6303.10009765625,4825000
2025-07-17 19:09:00+00:00,6303.60009765625,6303.66015625,6302.990234375,6302.990234375,5484000
2025-07-17 19:10:00+00:00,6302.759765625,6303.60986328125,6302.7001953125,6303.56982421875,5339000
2025-07-17 19:11:00+00:00,6303.41015625,6303.41015625,6302.68994140625,6302.75,5527000
2025-07-17 19:12:00+00:00,6303.25,6303.7998046875,6303.25,6303.43017578125,5209000
2025-07-17 19:13:00+00:00,6303.39013671875,6303.580078125,6303.14013671875,6303.31005859375,5475000
2025-07-17 19:14:00+00:00,6303.47998046875,6303.56005859375,6302.97998046875,6303.3798828125,6067000
2025-07-17 19:15:00+00:00,6303.5498046875,6304.06005859375,6303.490234375,6303.7099609375,5476000
2025-07-17 19:16:00+00:00,6303.60009765625,6303.85009765625,6302.8798828125,6303.5,5355000
2025-07-17 19:17:00+00:00,6302.64990234375,6303.68994140625,6302.64990234375,6303.60986328125,6192000
2025-07-17 19:18:00+00:00,6302.56982421875,6302.759765625,6302.2900390625,6302.580078125,6102000
2025-07-17 19:19:00+00:00,6302.009765625,6302.259765625,6301.7900390625,6302.259765625,5786000
2025-07-17 19:20:00+00:00,6301.64013671875,6302.0,6301.419921875,6301.93017578125,6489000
2025-07-17 19:21:00+00:00,6301.91015625,6301.9501953125,6301.31005859375,6301.580078125,5009000
2025-07-17 19:22:00+00:00,6301.990234375,6302.1201171875,6301.22998046875,6301.93994140625,6301000
2025-07-17 19:23:00+00:00,6301.18017578125,6302.0,6301.18017578125,6301.990234375,5120000
2025-07-17 19:24:00+00:00,6301.93994140625,6302.14013671875,6301.10986328125,6301.16015625,5512000
2025-07-17 19:25:00+00:00,6301.22998046875,6301.89990234375,6301.18994140625,6301.89990234375,5872000
2025-07-17 19:26:00+00:00,6300.68017578125,6301.39013671875,6300.68017578125,6301.2001953125,6336000
2025-07-17 19:27:00+00:00,6300.89990234375,6301.02978515625,6300.5498046875,6300.669921875,7150000
2025-07-17 19:28:00+00:00,6301.10986328125,6301.18994140625,6300.77978515625,6300.8701171875,5591000
2025-07-17 19:29:00+00:00,6300.39013671875,6301.06982421875,6300.10009765625,6301.06982421875,5977000
2025-07-17 19:30:00+00:00,6301.39013671875,6301.740234375,6300.27978515625,6300.5,7889000
2025-07-17 19:31:00+00:00,6303.06005859375,6303.06005859375,6301.419921875,6301.419921875,6701000
2025-07-17 19:32:00+00:00,6302.83984375,6303.22998046875,6302.27001953125,6303.06982421875,6834000
2025-07-17 19:33:00+00:00,6302.60009765625,6303.1298828125,6302.5498046875,6303.02001953125,6052000
2025-07-17 19:34:00+00:00,6301.85986328125,6302.60986328125,6301.25,6302.60986328125,7561000
2025-07-17 19:35:00+00:00,6302.39013671875,6302.4599609375,6301.68017578125,6301.830078125,7495000
2025-07-17 19:36:00+00:00,6302.18994140625,6302.4501953125,6301.9501953125,6302.35009765625,7197000
2025-07-17 19:37:00+00:00,6302.06005859375,6302.16015625,6301.5498046875,6302.16015625,6765000
2025-07-17 19:38:00+00:00,6302.35009765625,6302.419921875,6301.56982421875,6302.0498046875,6627000
2025-07-17 19:39:00+00:00,6302.169921875,6302.4599609375,6302.10986328125,6302.4501953125,6934000
2025-07-17 19:40:00+00:00,6301.6201171875,6302.3701171875,6301.580078125,6302.259765625,7639000
2025-07-17 19:41:00+00:00,6301.1201171875,6301.60986328125,6300.72998046875,6301.60986328125,7061000
2025-07-17 19:42:00+00:00,6300.47021484375,6301.18017578125,6299.990234375,6301.10009765625,7384000
2025-07-17 19:43:00+00:00,6299.64013671875,6300.43017578125,6299.64013671875,6300.39990234375,7505000
2025-07-17 19:44:00+00:00,6299.43994140625,6299.830078125,6299.31982421875,6299.7001953125,8243000
2025-07-17 19:45:00+00:00,6299.169921875,6299.60986328125,6298.66015625,6299.5,8934000
2025-07-17 19:46:00+00:00,6300.39013671875,6300.7001953125,6298.91015625,6299.14013671875,8702000
2025-07-17 19:48:00+00:00,6302.43994140625,6303.0498046875,6302.18994140625,6302.77001953125,20017000
2025-07-17 19:49:00+00:00,6302.97021484375,6302.97021484375,6302.080078125,6302.419921875,12722000
2025-07-17 19:50:00+00:00,6298.330078125,6302.93017578125,6297.47998046875,6302.93017578125,19672000
2025-07-17 19:51:00+00:00,6299.60009765625,6299.7099609375,6297.31005859375,6298.169921875,16408000
2025-07-17 19:52:00+00:00,6301.3701171875,6301.8701171875,6299.52001953125,6299.52001953125,13921000
2025-07-17 19:53:00+00:00,6301.6298828125,6302.669921875,6300.64990234375,6301.35009765625,15172000
2025-07-17 19:54:00+00:00,6300.68017578125,6303.5400390625,6299.91015625,6301.83984375,23708000
2025-07-17 19:55:00+00:00,6300.68994140625,6301.02001953125,6297.89013671875,6300.5400390625,27139000
2025-07-17 19:56:00+00:00,6300.22021484375,6300.66015625,6298.419921875,6300.66015625,25797000
2025-07-17 19:57:00+00:00,6300.83984375,6301.0498046875,6299.39990234375,6300.259765625,31074000
2025-07-17 19:58:00+00:00,6302.5400390625,6303.18994140625,6299.240234375,6300.77978515625,45351000
2025-07-17 19:59:00+00:00,6299.02001953125,6302.43017578125,6296.85986328125,6302.43017578125,82866000
2025-07-18 13:30:00+00:00,6311.7001953125,6315.60986328125,6310.68017578125,6312.9501953125,162171916
2025-07-18 13:31:00+00:00,6314.10986328125,6314.9501953125,6309.830078125,6311.43017578125,21021839
2025-07-18 13:32:00+00:00,6312.52978515625,6314.9599609375,6312.52978515625,6314.72998046875,16005492
2025-07-18 13:33:00+00:00,6311.64990234375,6312.75,6309.18994140625,6312.75,11516163
2025-07-18 13:34:00+00:00,6309.89990234375,6312.85009765625,6309.41015625,6311.83984375,11790944
2025-07-18 13:35:00+00:00,6311.169921875,6312.10009765625,6310.02001953125,6310.02978515625,11897198
2025-07-18 13:36:00+00:00,6308.77001953125,6311.169921875,6307.89990234375,6311.169921875,10731070
2025-07-18 13:37:00+00:00,6309.4501953125,6310.47998046875,6308.81982421875,6308.81982421875,9287951
2025-07-18 13:38:00+00:00,6308.41015625,6309.47021484375,6307.72998046875,6309.330078125,9046004
2025-07-18 13:39:00+00:00,6309.919921875,6309.97998046875,6307.02978515625,6308.25,7499834
2025-07-18 13:40:00+00:00,6309.7001953125,6310.18017578125,6308.9501953125,6309.7900390625,9665165
2025-07-18 13:41:00+00:00,6310.0498046875,6310.85009765625,6308.89990234375,6309.7900390625,8959593
2025-07-18 13:42:00+00:00,6308.83984375,6309.9599609375,6308.68017578125,6309.9599609375,8121028
2025-07-18 13:43:00+00:00,6308.64990234375,6309.4501953125,6308.22021484375,6308.89013671875,8581247
2025-07-18 13:44:00+00:00,6307.919921875,6309.0498046875,6307.740234375,6308.68017578125,7305446
2025-07-18 13:45:00+00:00,6308.169921875,6308.85986328125,6307.39990234375,6307.759765625,9838575
2025-07-18 13:46:00+00:00,6309.58984375,6310.2998046875,6308.02001953125,6308.330078125,9028863
2025-07-18 13:47:00+00:00,6311.52978515625,6311.52978515625,6309.4501953125,6309.5,7787846
2025-07-18 13:48:00+00:00,6312.68994140625,6312.7900390625,6310.3701171875,6311.43017578125,9193514
2025-07-18 13:49:00+00:00,6311.91015625,6312.669921875,6311.4501953125,6312.669921875,8152358
2025-07-18 13:50:00+00:00,6312.14013671875,6312.509765625,6311.47021484375,6311.60009765625,11429107
2025-07-18 13:51:00+00:00,6311.580078125,6312.9599609375,6310.419921875,6311.97021484375,8631881
2025-07-18 13:52:00+00:00,6306.77978515625,6311.9501953125,6306.64990234375,6311.81005859375,11512850
2025-07-18 13:53:00+00:00,6308.33984375,6308.75,6306.2001953125,6306.68994140625,8299317
2025-07-18 13:54:00+00:00,6307.490234375,6308.64990234375,6307.25,6308.2900390625,7358748
2025-07-18 13:55:00+00:00,6307.41015625,6307.85986328125,6307.10009765625,6307.4501953125,6975032
2025-07-18 13:56:00+00:00,6307.7998046875,6308.02001953125,6306.919921875,6307.5498046875,8401485
2025-07-18 13:57:00+00:00,6307.330078125,6307.97998046875,6306.68017578125,6307.97998046875,7171603
2025-07-18 13:58:00+00:00,6307.919921875,6308.58984375,6307.1298828125,6307.16015625,6694885
2025-07-18 13:59:00+00:00,6307.169921875,6308.14990234375,6307.169921875,6307.9599609375,7650990
2025-07-18 14:00:00+00:00,6311.2900390625,6312.2099609375,6306.66015625,6306.66015625,11538336
2025-07-18 14:01:00+00:00,6311.1201171875,6311.75,6310.759765625,6311.3701171875,8625542
2025-07-18 14:02:00+00:00,6309.7998046875,6311.33984375,6309.7998046875,6311.18017578125,8189017
2025-07-18 14:03:00+00:00,6307.8798828125,6309.27001953125,6307.5400390625,6309.10009765625,9821940
2025-07-18 14:04:00+00:00,6306.14990234375,6307.83984375,6305.0498046875,6307.83984375,10179225
2025-07-18 14:05:00+00:00,6304.35009765625,6306.7001953125,6304.1298828125,6306.0498046875,9341017
2025-07-18 14:06:00+00:00,6303.93994140625,6304.75,6303.759765625,6304.22998046875,9053236
2025-07-18 14:07:00+00:00,6304.81982421875,6304.990234375,6303.93017578125,6303.93017578125,8518130
2025-07-18 14:08:00+00:00,6306.0400390625,6306.93017578125,6304.85009765625,6304.85009765625,8476387
2025-07-18 14:09:00+00:00,6304.9599609375,6305.97021484375,6304.43994140625,6305.97021484375,6982424
2025-07-18 14:10:00+00:00,6304.58984375,6305.68017578125,6304.14990234375,6305.02978515625,7922913
2025-07-18 14:11:00+00:00,6303.06005859375,6304.85986328125,6302.93994140625,6304.68017578125,7870737
2025-07-18 14:12:00+00:00,6303.89990234375,6304.0498046875,6302.75,6303.080078125,7567177
2025-07-18 14:13:00+00:00,6302.75,6303.830078125,6302.10986328125,6303.830078125,7960243
2025-07-18 14:14:00+00:00,6300.77978515625,6302.60009765625,6300.52001953125,6302.60009765625,8611385
2025-07-18 14:15:00+00:00,6300.0498046875,6302.16015625,6300.02978515625,6300.77978515625,9096501
2025-07-18 14:16:00+00:00,6298.4501953125,6300.0400390625,6297.64990234375,6300.0400390625,8735168
2025-07-18 14:17:00+00:00,6297.68994140625,6298.3798828125,6297.0,6298.3798828125,8250619
2025-07-18 14:18:00+00:00,6298.68017578125,6298.81982421875,6295.9501953125,6297.81982421875,9304409
2025-07-18 14:19:00+00:00,6300.06982421875,6300.31982421875,6298.43017578125,6298.6298828125,8209712
2025-07-18 14:20:00+00:00,6300.330078125,6300.330078125,6299.080078125,6299.97998046875,8406273
2025-07-18 14:21:00+00:00,6301.06982421875,6301.14013671875,6299.06982421875,6300.27978515625,7212196
2025-07-18 14:22:00+00:00,6298.72998046875,6301.509765625,6297.4501953125,6301.0400390625,11271319
2025-07-18 14:23:00+00:00,6299.39990234375,6299.43017578125,6297.2998046875,6298.77001953125,6499676
2025-07-18 14:24:00+00:00,6296.64013671875,6299.43017578125,6296.2900390625,6299.35009765625,6423050
2025-07-18 14:25:00+00:00,6295.47021484375,6296.669921875,6294.85009765625,6296.669921875,7206144
2025-07-18 14:26:00+00:00,6293.83984375,6295.35986328125,6292.7900390625,6295.35986328125,10102743
2025-07-18 14:27:00+00:00,6296.0400390625,6296.2900390625,6293.47998046875,6293.89990234375,7333097
2025-07-18 14:28:00+00:00,6295.10009765625,6296.64013671875,6295.10009765625,6296.25,6473079
2025-07-18 14:29:00+00:00,6293.89013671875,6295.08984375,6293.66015625,6295.08984375,7582666
2025-07-18 14:30:00+00:00,6293.72021484375,6295.2001953125,6293.509765625,6293.81982421875,8379102
2025-07-18 14:31:00+00:00,6294.419921875,6294.52978515625,6293.60986328125,6293.91015625,7782482
2025-07-18 14:32:00+00:00,6296.7001953125,6296.77001953125,6294.41015625,6294.43994140625,7591635
2025-07-18 14:33:00+00:00,6297.08984375,6297.7900390625,6296.60009765625,6296.68994140625,6629424
2025-07-18 14:34:00+00:00,6297.3701171875,6297.6298828125,6296.77978515625,6297.02978515625,6492890
2025-07-18 14:35:00+00:00,6297.72998046875,6298.06982421875,6297.31982421875,6297.7998046875,7045332
2025-07-18 14:36:00+00:00,6297.27978515625,6299.18994140625,6297.1298828125,6297.93017578125,8954370
2025-07-18 14:37:00+00:00,6294.35009765625,6297.58984375,6294.35009765625,6297.330078125,8055259
2025-07-18 14:38:00+00:00,6295.330078125,6295.6298828125,6294.16015625,6294.31005859375,7585983
2025-07-18 14:39:00+00:00,6294.31005859375,6295.35009765625,6293.9599609375,6295.27978515625,7146997
2025-07-18 14:40:00+00:00,6294.5,6294.64013671875,6293.1201171875,6294.18994140625,6134137
2025-07-18 14:41:00+00:00,6293.740234375,6295.47021484375,6293.740234375,6294.35009765625,6136141
2025-07-18 14:42:00+00:00,6293.7001953125,6294.41015625,6292.72021484375,6293.93017578125,6352449
2025-07-18 14:43:00+00:00,6293.89990234375,6294.2099609375,6293.4501953125,6293.7099609375,6378567
2025-07-18 14:44:00+00:00,6295.22021484375,6295.259765625,6293.8798828125,6293.8798828125,6794633
2025-07-18 14:45:00+00:00,6295.7099609375,6296.14990234375,6295.25,6295.25,6617072
2025-07-18 14:46:00+00:00,6294.259765625,6295.7900390625,6294.240234375,6295.75,5918378
2025-07-18 14:47:00+00:00,6294.41015625,6294.419921875,6293.31005859375,6294.27978515625,6613889
2025-07-18 14:48:00+00:00,6294.10986328125,6294.83984375,6294.0400390625,6294.31005859375,5543399
2025-07-18 14:49:00+00:00,6294.7900390625,6295.39013671875,6293.85986328125,6294.14990234375,6804166
2025-07-18 14:50:00+00:00,6296.39990234375,6296.5,6294.33984375,6294.8701171875,6850364
2025-07-18 14:51:00+00:00,6295.8701171875,6297.22998046875,6295.7900390625,6296.33984375,6313533
2025-07-18 14:52:00+00:00,6297.35009765625,6297.35009765625,6295.6298828125,6296.0,5029561
2025-07-18 14:53:00+00:00,6296.47021484375,6297.43017578125,6296.41015625,6297.43017578125,4924034
2025-07-18 14:54:00+00:00,6295.0400390625,6296.52978515625,6295.0400390625,6296.490234375,7005110
2025-07-18 14:55:00+00:00,6296.56982421875,6296.77001953125,6295.0,6295.06005859375,6151238
2025-07-18 14:56:00+00:00,6297.1298828125,6297.27978515625,6296.47021484375,6296.64990234375,6657749
2025-07-18 14:57:00+00:00,6295.7900390625,6296.97998046875,6295.6201171875,6296.97021484375,5294713
2025-07-18 14:58:00+00:00,6294.35986328125,6296.27001953125,6294.22021484375,6295.81982421875,5863561
2025-07-18 14:59:00+00:00,6292.4501953125,6294.330078125,6292.240234375,6294.330078125,5571895
2025-07-18 15:00:00+00:00,6291.31005859375,6292.75,6291.18994140625,6292.31982421875,6267889
2025-07-18 15:01:00+00:00,6292.0400390625,6292.1201171875,6289.56982421875,6291.2001953125,7244222
2025-07-18 15:02:00+00:00,6292.0,6292.6298828125,6291.2900390625,6291.93994140625,6455865
2025-07-18 15:03:00+00:00,6293.35986328125,6293.60986328125,6291.580078125,6292.06982421875,7234108
2025-07-18 15:04:00+00:00,6292.81982421875,6293.47998046875,6292.10009765625,6293.47998046875,6873463
2025-07-18 15:05:00+00:00,6292.97998046875,6293.56982421875,6292.41015625,6292.72998046875,6682510
2025-07-18 15:06:00+00:00,6294.25,6294.759765625,6293.02978515625,6293.02978515625,5884587
2025-07-18 15:07:00+00:00,6295.93017578125,6295.990234375,6293.9599609375,6294.22021484375,5850639
2025-07-18 15:08:00+00:00,6295.2900390625,6295.91015625,6295.27978515625,6295.830078125,5533127
2025-07-18 15:09:00+00:00,6295.330078125,6296.080078125,6295.31005859375,6296.080078125,6571147
2025-07-18 15:10:00+00:00,6296.1298828125,6296.6201171875,6295.14013671875,6295.2998046875,6054214
2025-07-18 15:11:00+00:00,6293.9501953125,6296.3798828125,6293.9501953125,6296.259765625,8251512
2025-07-18 15:12:00+00:00,6293.2099609375,6294.02001953125,6293.1298828125,6293.8798828125,5717948
2025-07-18 15:13:00+00:00,6293.39013671875,6293.6298828125,6292.56005859375,6293.22021484375,5744506
2025-07-18 15:14:00+00:00,6293.81982421875,6294.08984375,6293.4501953125,6293.4501953125,4475178
2025-07-18 15:15:00+00:00,6293.9599609375,6294.16015625,6293.6298828125,6293.7001953125,5272947
2025-07-18 15:16:00+00:00,6295.330078125,6295.3798828125,6293.8798828125,6294.02978515625,5517339
2025-07-18 15:17:00+00:00,6296.4501953125,6296.81005859375,6295.509765625,6295.52978515625,5342431
2025-07-18 15:18:00+00:00,6296.2900390625,6297.47998046875,6296.02001953125,6296.47998046875,7494000
2025-07-18 15:19:00+00:00,6293.77978515625,6296.2001953125,6293.77978515625,6296.2001953125,6545000
2025-07-18 15:20:00+00:00,6295.7099609375,6295.740234375,6293.81982421875,6293.81982421875,6115000
2025-07-18 15:21:00+00:00,6293.41015625,6295.68017578125,6293.3701171875,6295.68017578125,5903000
2025-07-18 15:22:00+00:00,6293.9599609375,6293.9599609375,6292.27978515625,6293.39013671875,6212000
2025-07-18 15:23:00+00:00,6293.419921875,6294.0498046875,6293.169921875,6293.919921875,5542000
2025-07-18 15:24:00+00:00,6293.89013671875,6293.9599609375,6292.830078125,6293.35986328125,5214000
2025-07-18 15:25:00+00:00,6294.68994140625,6295.06982421875,6293.77978515625,6293.830078125,6418000
2025-07-18 15:26:00+00:00,6295.47998046875,6295.47998046875,6294.0400390625,6294.10009765625,5528000
2025-07-18 15:27:00+00:00,6296.27978515625,6296.5498046875,6295.27978515625,6295.5,4297000
2025-07-18 15:28:00+00:00,6296.56005859375,6296.91015625,6296.1298828125,6296.31005859375,5204000
2025-07-18 15:29:00+00:00,6296.4501953125,6296.77978515625,6296.27978515625,6296.66015625,4751000
2025-07-18 15:30:00+00:00,6297.1201171875,6297.330078125,6296.4599609375,6296.4599609375,5350000
2025-07-18 15:31:00+00:00,6299.2001953125,6299.2001953125,6297.52001953125,6297.64990234375,6722000
2025-07-18 15:32:00+00:00,6299.1201171875,6299.60986328125,6298.93017578125,6299.259765625,5204000
2025-07-18 15:33:00+00:00,6299.93017578125,6300.31982421875,6299.06982421875,6299.1298828125,4819000
2025-07-18 15:34:00+00:00,6298.919921875,6299.8798828125,6298.89990234375,6299.85986328125,5445000
2025-07-18 15:35:00+00:00,6299.52001953125,6299.52001953125,6298.5400390625,6298.89990234375,5004000
2025-07-18 15:36:00+00:00,6298.89990234375,6299.60009765625,6298.77001953125,6299.47998046875,4671000
2025-07-18 15:37:00+00:00,6298.669921875,6299.0400390625,6297.81982421875,6298.81005859375,4528000
2025-07-18 15:38:00+00:00,6298.830078125,6299.08984375,6298.509765625,6298.669921875,4226000
2025-07-18 15:39:00+00:00,6298.06982421875,6298.830078125,6297.75,6298.830078125,4299000
2025-07-18 15:40:00+00:00,6296.77001953125,6298.10009765625,6296.3798828125,6298.0,4475000
2025-07-18 15:41:00+00:00,6297.43017578125,6297.669921875,6296.72998046875,6296.830078125,5316000
2025-07-18 15:42:00+00:00,6297.56982421875,6297.72998046875,6296.85986328125,6297.43017578125,4791000
2025-07-18 15:43:00+00:00,6297.89990234375,6297.919921875,6297.080078125,6297.580078125,4319000
2025-07-18 15:44:00+00:00,6298.35986328125,6298.97021484375,6297.81982421875,6297.89990234375,4866000
2025-07-18 15:45:00+00:00,6297.81982421875,6298.60009765625,6297.16015625,6298.2998046875,4765000
2025-07-18 15:46:00+00:00,6298.27001953125,6298.5,6297.7998046875,6297.7998046875,5327000
2025-07-18 15:47:00+00:00,6299.68017578125,6299.72021484375,6298.2099609375,6298.31005859375,4599000
2025-07-18 15:48:00+00:00,6300.43994140625,6300.8701171875,6299.58984375,6299.669921875,4987000
2025-07-18 15:49:00+00:00,6300.43994140625,6300.52978515625,6300.06005859375,6300.47021484375,4251000
2025-07-18 15:50:00+00:00,6301.240234375,6301.39990234375,6300.22998046875,6300.41015625,5010000
2025-07-18 15:51:00+00:00,6301.27001953125,6301.43994140625,6300.77001953125,6301.18017578125,4861000
2025-07-18 15:52:00+00:00,6301.60986328125,6301.6201171875,6300.8798828125,6301.22021484375,7210000
2025-07-18 15:53:00+00:00,6301.72021484375,6301.72021484375,6301.27978515625,6301.4599609375,5036000
2025-07-18 15:54:00+00:00,6301.740234375,6302.02978515625,6301.64990234375,6301.64990234375,3840000
2025-07-18 15:55:00+00:00,6300.33984375,6301.75,6300.18017578125,6301.75,4063000
2025-07-18 15:56:00+00:00,6299.97021484375,6300.3798828125,6299.14990234375,6300.3798828125,4941000
2025-07-18 15:57:00+00:00,6300.31982421875,6300.5498046875,6300.0,6300.0,4312000
2025-07-18 15:58:00+00:00,6301.1201171875,6301.25,6300.1298828125,6300.35986328125,4346000
2025-07-18 15:59:00+00:00,6301.35009765625,6301.35009765625,6300.77978515625,6301.1298828125,4211000
2025-07-18 16:00:00+00:00,6301.2001953125,6301.7099609375,6300.77978515625,6301.41015625,5405000
2025-07-18 16:01:00+00:00,6300.31982421875,6301.52001953125,6300.31982421875,6301.2001953125,4338000
2025-07-18 16:02:00+00:00,6300.56982421875,6300.7900390625,6300.2099609375,6300.2099609375,4101000
2025-07-18 16:03:00+00:00,6299.6298828125,6300.669921875,6299.6298828125,6300.5498046875,7145000
2025-07-18 16:04:00+00:00,6298.669921875,6299.60986328125,6298.669921875,6299.60986328125,5550000
2025-07-18 16:05:00+00:00,6298.60986328125,6298.990234375,6298.39013671875,6298.6298828125,3706000
2025-07-18 16:06:00+00:00,6297.080078125,6298.7900390625,6296.990234375,6298.56982421875,4313000
2025-07-18 16:07:00+00:00,6296.66015625,6297.06005859375,6295.2998046875,6297.06005859375,4519000
2025-07-18 16:08:00+00:00,6297.39013671875,6297.43994140625,6296.6201171875,6296.64013671875,4168000
2025-07-18 16:09:00+00:00,6297.18994140625,6297.990234375,6297.18994140625,6297.490234375,3606000
2025-07-18 16:10:00+00:00,6297.2998046875,6297.3798828125,6296.85986328125,6297.240234375,4271000
2025-07-18 16:11:00+00:00,6296.509765625,6297.259765625,6296.3798828125,6297.22998046875,3871000
2025-07-18 16:12:00+00:00,6296.77001953125,6296.91015625,6296.18994140625,6296.52978515625,3965000
2025-07-18 16:13:00+00:00,6297.64013671875,6297.97021484375,6296.85009765625,6296.85009765625,4376000
2025-07-18 16:14:00+00:00,6297.7099609375,6298.06005859375,6297.56005859375,6297.66015625,3802000
2025-07-18 16:15:00+00:00,6296.5,6297.6298828125,6296.5,6297.47998046875,4041000
2025-07-18 16:16:00+00:00,6296.47998046875,6297.1201171875,6296.27978515625,6296.39013671875,3633000
2025-07-18 16:17:00+00:00,6297.6201171875,6297.64013671875,6296.14990234375,6296.490234375,3668000
2025-07-18 16:18:00+00:00,6297.0498046875,6297.85986328125,6296.72998046875,6297.7998046875,4164000
2025-07-18 16:19:00+00:00,6296.740234375,6297.0498046875,6296.43017578125,6296.93994140625,4571000
2025-07-18 16:20:00+00:00,6295.68017578125,6296.83984375,6295.60009765625,6296.75,4980000
2025-07-18 16:21:00+00:00,6293.759765625,6295.85986328125,6293.41015625,6295.7099609375,6670000
2025-07-18 16:22:00+00:00,6294.43017578125,6294.6201171875,6292.25,6293.7099609375,5628000
2025-07-18 16:23:00+00:00,6293.97998046875,6294.490234375,6293.81982421875,6294.4501953125,3257000
2025-07-18 16:24:00+00:00,6293.33984375,6294.0498046875,6293.10009765625,6293.97998046875,3231000
2025-07-18 16:25:00+00:00,6291.14013671875,6293.97998046875,6291.10986328125,6293.52001953125,5073000
2025-07-18 16:26:00+00:00,6287.7900390625,6292.240234375,6286.7001953125,6291.06005859375,6250000
2025-07-18 16:27:00+00:00,6288.8798828125,6289.009765625,6287.169921875,6287.7900390625,4080000
2025-07-18 16:28:00+00:00,6288.68994140625,6289.22021484375,6288.259765625,6288.7998046875,3801000
2025-07-18 16:29:00+00:00,6289.77001953125,6290.81982421875,6288.669921875,6288.669921875,3552000
2025-07-18 16:30:00+00:00,6289.5400390625,6290.330078125,6289.39013671875,6289.83984375,5011000
2025-07-18 16:31:00+00:00,6288.8701171875,6289.91015625,6288.7900390625,6289.4501953125,3605000
2025-07-18 16:32:00+00:00,6289.39990234375,6289.39990234375,6287.97998046875,6288.81982421875,4410000
2025-07-18 16:33:00+00:00,6287.5498046875,6289.490234375,6287.4599609375,6289.35009765625,5024000
2025-07-18 16:34:00+00:00,6287.56982421875,6287.66015625,6286.7900390625,6287.490234375,3575000
2025-07-18 16:35:00+00:00,6287.3701171875,6287.759765625,6286.97998046875,6287.580078125,3754000
2025-07-18 16:36:00+00:00,6286.0400390625,6287.89990234375,6285.85986328125,6287.669921875,4962000
2025-07-18 16:37:00+00:00,6286.68017578125,6286.830078125,6285.830078125,6286.009765625,3752000
2025-07-18 16:38:00+00:00,6288.72998046875,6288.7900390625,6286.60009765625,6286.6298828125,3879000
2025-07-18 16:39:00+00:00,6289.08984375,6289.1201171875,6288.52001953125,6288.77978515625,3070000
2025-07-18 16:40:00+00:00,6291.68017578125,6291.7001953125,6288.919921875,6289.06982421875,4536000
2025-07-18 16:41:00+00:00,6292.31005859375,6292.4501953125,6291.18994140625,6291.7001953125,4512000
2025-07-18 16:42:00+00:00,6292.0498046875,6292.7998046875,6292.0400390625,6292.31005859375,4257000
2025-07-18 16:43:00+00:00,6292.2099609375,6292.31005859375,6291.75,6292.0,3931000
2025-07-18 16:44:00+00:00,6292.2001953125,6292.669921875,6292.16015625,6292.22998046875,4689000
2025-07-18 16:45:00+00:00,6293.27001953125,6293.669921875,6292.259765625,6292.259765625,3586000
2025-07-18 16:46:00+00:00,6291.7998046875,6293.47021484375,6291.5498046875,6293.25,5088000
2025-07-18 16:47:00+00:00,6291.2001953125,6292.22998046875,6291.2001953125,6292.0498046875,3141000
2025-07-18 16:48:00+00:00,6289.7099609375,6291.0,6289.56982421875,6291.0,3437000
2025-07-18 16:49:00+00:00,6291.169921875,6291.5498046875,6289.72021484375,6289.72021484375,4320000
2025-07-18 16:50:00+00:00,6292.2998046875,6292.2998046875,6290.990234375,6291.14990234375,3760000
2025-07-18 16:51:00+00:00,6293.60986328125,6293.66015625,6292.330078125,6292.330078125,4702000
2025-07-18 16:52:00+00:00,6293.58984375,6293.9599609375,6293.330078125,6293.7900390625,4652000
2025-07-18 16:53:00+00:00,6291.18017578125,6293.58984375,6291.169921875,6293.58984375,5060000
2025-07-18 16:54:00+00:00,6291.490234375,6291.83984375,6291.08984375,6291.08984375,4208000
2025-07-18 16:55:00+00:00,6289.64013671875,6291.60986328125,6289.64013671875,6291.56005859375,4842000
2025-07-18 16:56:00+00:00,6289.3798828125,6290.18994140625,6289.33984375,6289.6201171875,4223000
2025-07-18 16:57:00+00:00,6287.68994140625,6289.240234375,6287.5,6289.240234375,4480000
2025-07-18 16:58:00+00:00,6286.2900390625,6287.66015625,6285.7001953125,6287.6298828125,4336000
2025-07-18 16:59:00+00:00,6287.25,6287.25,6286.18017578125,6286.2099609375,4564000
2025-07-18 17:00:00+00:00,6287.56982421875,6288.47998046875,6287.1298828125,6287.2099609375,4731000
2025-07-18 17:01:00+00:00,6285.68017578125,6287.85009765625,6285.68017578125,6287.580078125,3714000
2025-07-18 17:02:00+00:00,6285.93017578125,6286.0498046875,6285.27001953125,6285.6201171875,5873000
2025-07-18 17:03:00+00:00,6286.85986328125,6286.85986328125,6285.60009765625,6285.72998046875,5603000
2025-07-18 17:04:00+00:00,6287.2099609375,6287.830078125,6286.6298828125,6286.8798828125,4616000
2025-07-18 17:05:00+00:00,6288.58984375,6288.66015625,6286.7998046875,6287.240234375,4376000
2025-07-18 17:06:00+00:00,6289.08984375,6289.75,6288.47998046875,6288.60009765625,4005000
2025-07-18 17:07:00+00:00,6289.31982421875,6289.77001953125,6289.009765625,6289.080078125,4044000
2025-07-18 17:08:00+00:00,6288.330078125,6289.33984375,6288.0498046875,6289.33984375,3190000
2025-07-18 17:09:00+00:00,6288.58984375,6288.60009765625,6287.509765625,6288.2900390625,4661000
2025-07-18 17:10:00+00:00,6286.43017578125,6288.580078125,6286.2001953125,6288.580078125,4237000
2025-07-18 17:11:00+00:00,6287.89013671875,6287.9599609375,6285.9501953125,6286.330078125,4430000
2025-07-18 17:12:00+00:00,6289.68994140625,6289.68994140625,6287.8701171875,6287.8701171875,2903000
2025-07-18 17:13:00+00:00,6291.68017578125,6291.68994140625,6289.77001953125,6289.77001953125,3806000
2025-07-18 17:14:00+00:00,6292.419921875,6292.419921875,6291.56005859375,6291.669921875,3431000
2025-07-18 17:15:00+00:00,6290.9599609375,6292.75,6290.47021484375,6292.3798828125,5176000
2025-07-18 17:16:00+00:00,6291.35009765625,6291.3701171875,6290.31982421875,6290.68994140625,4789000
2025-07-18 17:17:00+00:00,6291.35009765625,6291.64013671875,6291.22021484375,6291.31982421875,3208000
2025-07-18 17:18:00+00:00,6289.60986328125,6291.419921875,6289.60986328125,6291.31982421875,4562000
2025-07-18 17:19:00+00:00,6289.18017578125,6289.77978515625,6289.009765625,6289.64013671875,3225000
2025-07-18 17:20:00+00:00,6289.080078125,6289.25,6288.31982421875,6289.25,4089000
2025-07-18 17:21:00+00:00,6288.66015625,6289.240234375,6288.66015625,6289.080078125,4440000
2025-07-18 17:22:00+00:00,6288.52001953125,6288.85986328125,6288.009765625,6288.6298828125,3388000
2025-07-18 17:23:00+00:00,6290.18017578125,6290.27001953125,6288.47998046875,6288.56982421875,4055000
2025-07-18 17:24:00+00:00,6290.009765625,6291.06005859375,6289.64990234375,6290.2001953125,4077000
2025-07-18 17:25:00+00:00,6290.43017578125,6291.009765625,6289.740234375,6289.9501953125,3047000
2025-07-18 17:26:00+00:00,6289.18994140625,6290.75,6288.47998046875,6290.3701171875,3799000
2025-07-18 17:27:00+00:00,6289.9599609375,6290.02978515625,6289.18994140625,6289.18994140625,3091000
2025-07-18 17:28:00+00:00,6290.240234375,6290.3701171875,6289.93017578125,6290.02978515625,3162000
2025-07-18 17:29:00+00:00,6289.83984375,6291.0498046875,6289.83984375,6290.2900390625,3695000
2025-07-18 17:30:00+00:00,6291.02001953125,6291.2099609375,6289.93017578125,6289.93017578125,4157000
2025-07-18 17:31:00+00:00,6292.89013671875,6292.89013671875,6290.58984375,6290.9501953125,3603000
2025-07-18 17:32:00+00:00,6292.7001953125,6292.97021484375,6292.5,6292.89990234375,3372000
2025-07-18 17:33:00+00:00,6293.39013671875,6293.4599609375,6292.740234375,6292.740234375,3786000
2025-07-18 17:34:00+00:00,6293.7099609375,6293.7099609375,6293.330078125,6293.43017578125,3481000
2025-07-18 17:35:00+00:00,6293.3798828125,6293.830078125,6292.6201171875,6293.68017578125,4244000
2025-07-18 17:36:00+00:00,6293.35009765625,6293.39013671875,6292.419921875,6293.2998046875,3934000
2025-07-18 17:37:00+00:00,6293.60986328125,6293.89990234375,6293.35009765625,6293.35009765625,4305000
2025-07-18 17:38:00+00:00,6293.9599609375,6294.14013671875,6293.47998046875,6293.6298828125,3747000
2025-07-18 17:39:00+00:00,6294.7900390625,6294.85009765625,6293.8701171875,6293.93994140625,3886000
2025-07-18 17:40:00+00:00,6294.77978515625,6295.58984375,6294.7001953125,6294.81005859375,3794000
2025-07-18 17:41:00+00:00,6295.0400390625,6295.18994140625,6294.47998046875,6294.830078125,3810000
2025-07-18 17:42:00+00:00,6294.7900390625,6295.14013671875,6294.56982421875,6295.02001953125,3953000
2025-07-18 17:43:00+00:00,6294.31982421875,6295.52001953125,6294.31982421875,6294.7900390625,5068000
2025-07-18 17:44:00+00:00,6292.81005859375,6294.330078125,6292.740234375,6294.330078125,4957000
2025-07-18 17:45:00+00:00,6292.22021484375,6292.7900390625,6291.35986328125,6292.7900390625,3854000
2025-07-18 17:46:00+00:00,6290.41015625,6292.64990234375,6290.3798828125,6292.2099609375,4574000
2025-07-18 17:47:00+00:00,6289.85986328125,6290.39990234375,6289.4501953125,6290.39990234375,4070000
2025-07-18 17:48:00+00:00,6291.35009765625,6291.43017578125,6289.830078125,6289.830078125,3336000
2025-07-18 17:49:00+00:00,6290.9501953125,6291.509765625,6290.7099609375,6291.39990234375,3208000
2025-07-18 17:50:00+00:00,6289.06982421875,6291.1201171875,6289.0498046875,6290.93017578125,5070000
2025-07-18 17:51:00+00:00,6288.93994140625,6289.2001953125,6288.5,6289.06982421875,3622000
2025-07-18 17:52:00+00:00,6290.10986328125,6290.3798828125,6288.7001953125,6288.830078125,3978000
2025-07-18 17:53:00+00:00,6289.97021484375,6290.39990234375,6289.97021484375,6290.14990234375,3131000
2025-07-18 17:54:00+00:00,6290.10986328125,6290.10986328125,6289.66015625,6289.9501953125,3800000
2025-07-18 17:55:00+00:00,6289.39990234375,6290.18017578125,6289.39013671875,6290.1201171875,3396000
2025-07-18 17:56:00+00:00,6290.31005859375,6290.31005859375,6288.97998046875,6289.5,3817000
2025-07-18 17:57:00+00:00,6290.52978515625,6290.7900390625,6290.2001953125,6290.2900390625,3673000
2025-07-18 17:58:00+00:00,6290.93994140625,6291.259765625,6290.64990234375,6290.66015625,4009000
2025-07-18 17:59:00+00:00,6291.16015625,6291.60009765625,6291.009765625,6291.009765625,3368000
2025-07-18 18:00:00+00:00,6291.81982421875,6291.93994140625,6290.919921875,6291.1298828125,4650000
2025-07-18 18:01:00+00:00,6293.08984375,6293.08984375,6291.75,6291.81982421875,5750000
2025-07-18 18:02:00+00:00,6292.97998046875,6293.27978515625,6292.330078125,6293.14013671875,4496000
2025-07-18 18:03:00+00:00,6293.1298828125,6293.25,6293.0,6293.2001953125,4067000
2025-07-18 18:04:00+00:00,6293.8701171875,6293.8701171875,6293.14013671875,6293.14013671875,3529000
2025-07-18 18:05:00+00:00,6294.3701171875,6294.3701171875,6293.7998046875,6293.8701171875,4007000
2025-07-18 18:06:00+00:00,6294.41015625,6294.56005859375,6294.18017578125,6294.27001953125,3768000
2025-07-18 18:07:00+00:00,6293.33984375,6294.47021484375,6293.33984375,6294.47021484375,4015000
2025-07-18 18:08:00+00:00,6292.06005859375,6293.18994140625,6291.97998046875,6293.18994140625,5074000
2025-07-18 18:09:00+00:00,6292.41015625,6292.60986328125,6291.58984375,6291.85009765625,4184000
2025-07-18 18:10:00+00:00,6291.2099609375,6292.3798828125,6291.14990234375,6292.3798828125,4234000
2025-07-18 18:11:00+00:00,6290.77978515625,6291.35986328125,6290.7099609375,6291.18017578125,3799000
2025-07-18 18:12:00+00:00,6289.6201171875,6290.72021484375,6289.10009765625,6290.6298828125,4787000
2025-07-18 18:13:00+00:00,6290.7099609375,6290.8798828125,6289.39990234375,6289.68994140625,3990000
2025-07-18 18:14:00+00:00,6289.990234375,6290.81005859375,6289.990234375,6290.81005859375,3808000
2025-07-18 18:15:00+00:00,6288.60009765625,6290.08984375,6288.60009765625,6289.97021484375,4323000
2025-07-18 18:16:00+00:00,6289.77978515625,6289.77978515625,6287.52978515625,6288.56982421875,4972000
2025-07-18 18:17:00+00:00,6290.06005859375,6290.22998046875,6289.85009765625,6289.93994140625,4380000
2025-07-18 18:18:00+00:00,6290.490234375,6290.75,6289.919921875,6290.08984375,3566000
2025-07-18 18:19:00+00:00,6290.7099609375,6290.72998046875,6290.27001953125,6290.4599609375,3351000
2025-07-18 18:20:00+00:00,6291.669921875,6291.72998046875,6290.72021484375,6290.740234375,3760000
2025-07-18 18:21:00+00:00,6292.5,6292.5,6291.58984375,6291.66015625,5134000
2025-07-18 18:22:00+00:00,6292.669921875,6292.8701171875,6292.5400390625,6292.68017578125,3546000
2025-07-18 18:23:00+00:00,6293.759765625,6293.7900390625,6292.60009765625,6292.6201171875,4240000
2025-07-18 18:24:00+00:00,6293.740234375,6294.2001953125,6293.669921875,6293.81982421875,3803000
2025-07-18 18:25:00+00:00,6293.2099609375,6294.009765625,6293.0498046875,6293.81005859375,4636000
2025-07-18 18:26:00+00:00,6292.2900390625,6293.33984375,6292.2099609375,6293.27978515625,3863000
2025-07-18 18:27:00+00:00,6292.43994140625,6292.7998046875,6292.240234375,6292.31982421875,3886000
2025-07-18 18:28:00+00:00,6291.60986328125,6292.419921875,6291.25,6292.419921875,6537000
2025-07-18 18:29:00+00:00,6291.52978515625,6291.58984375,6291.02001953125,6291.509765625,4163000
2025-07-18 18:30:00+00:00,6293.4599609375,6293.4599609375,6291.509765625,6291.580078125,4272000
2025-07-18 18:31:00+00:00,6292.77001953125,6293.93017578125,6292.759765625,6293.490234375,5097000
2025-07-18 18:32:00+00:00,6290.919921875,6292.72021484375,6290.919921875,6292.72021484375,4827000
2025-07-18 18:33:00+00:00,6291.580078125,6291.580078125,6290.81982421875,6290.93017578125,4382000
2025-07-18 18:34:00+00:00,6291.6201171875,6291.7099609375,6291.27001953125,6291.58984375,3549000
2025-07-18 18:35:00+00:00,6291.83984375,6291.9599609375,6291.2998046875,6291.6298828125,4875000
2025-07-18 18:36:00+00:00,6291.93994140625,6292.330078125,6291.759765625,6291.81005859375,3485000
2025-07-18 18:37:00+00:00,6291.240234375,6291.91015625,6291.10009765625,6291.91015625,3924000
2025-07-18 18:38:00+00:00,6292.06005859375,6292.06005859375,6291.16015625,6291.240234375,4122000
2025-07-18 18:39:00+00:00,6292.27001953125,6292.740234375,6292.02978515625,6292.02978515625,3977000
2025-07-18 18:40:00+00:00,6292.2001953125,6292.35986328125,6292.080078125,6292.2900390625,4220000
2025-07-18 18:41:00+00:00,6293.58984375,6293.58984375,6291.990234375,6292.18994140625,4369000
2025-07-18 18:42:00+00:00,6293.759765625,6293.81982421875,6293.35986328125,6293.58984375,3402000
2025-07-18 18:43:00+00:00,6294.259765625,6294.31982421875,6293.72998046875,6293.72998046875,3706000
2025-07-18 18:44:00+00:00,6293.7099609375,6294.2998046875,6293.22998046875,6294.2998046875,3896000
2025-07-18 18:45:00+00:00,6293.5498046875,6294.169921875,6293.5498046875,6293.75,2956000
2025-07-18 18:46:00+00:00,6292.97021484375,6293.85986328125,6292.9599609375,6293.56005859375,3981000
2025-07-18 18:47:00+00:00,6292.8798828125,6293.080078125,6292.4599609375,6292.93017578125,3433000
2025-07-18 18:48:00+00:00,6294.06005859375,6294.10009765625,6292.8798828125,6292.89990234375,3308000
2025-07-18 18:49:00+00:00,6294.02978515625,6294.10986328125,6293.7900390625,6294.08984375,3197000
2025-07-18 18:50:00+00:00,6293.35986328125,6294.16015625,6293.35986328125,6294.0400390625,3216000
2025-07-18 18:51:00+00:00,6293.240234375,6293.41015625,6292.91015625,6293.41015625,4148000
2025-07-18 18:52:00+00:00,6293.25,6293.52978515625,6293.1201171875,6293.2099609375,3645000
2025-07-18 18:53:00+00:00,6292.740234375,6293.3798828125,6292.740234375,6293.22998046875,3814000
2025-07-18 18:54:00+00:00,6293.1201171875,6293.33984375,6292.72998046875,6292.77978515625,4172000
2025-07-18 18:55:00+00:00,6292.27978515625,6293.10986328125,6292.10009765625,6293.0400390625,5132000
2025-07-18 18:56:00+00:00,6291.4501953125,6292.5498046875,6291.43017578125,6292.27001953125,4039000
2025-07-18 18:57:00+00:00,6291.64990234375,6292.08984375,6291.16015625,6291.43017578125,3910000
2025-07-18 18:58:00+00:00,6292.169921875,6292.18994140625,6291.56005859375,6291.7001953125,3098000
2025-07-18 18:59:00+00:00,6292.259765625,6292.43994140625,6291.81982421875,6292.169921875,4284000
2025-07-18 19:00:00+00:00,6292.91015625,6293.0,6292.25,6292.25,4686000
2025-07-18 19:01:00+00:00,6293.830078125,6293.990234375,6293.009765625,6293.009765625,4669000
2025-07-18 19:02:00+00:00,6292.259765625,6293.830078125,6292.2099609375,6293.830078125,4601000
2025-07-18 19:03:00+00:00,6291.81005859375,6292.25,6291.669921875,6292.22021484375,4770000
2025-07-18 19:04:00+00:00,6291.60009765625,6292.06982421875,6291.41015625,6291.83984375,3476000
2025-07-18 19:05:00+00:00,6292.18017578125,6292.18994140625,6291.47998046875,6291.47998046875,3669000
2025-07-18 19:06:00+00:00,6291.72021484375,6292.27001953125,6291.47998046875,6292.2001953125,5271000
2025-07-18 19:07:00+00:00,6291.56982421875,6291.759765625,6291.14990234375,6291.7099609375,4433000
2025-07-18 19:08:00+00:00,6291.7900390625,6292.14013671875,6291.35009765625,6291.56005859375,5942000
2025-07-18 19:09:00+00:00,6292.2099609375,6292.419921875,6291.60986328125,6291.740234375,4269000
2025-07-18 19:10:00+00:00,6291.31005859375,6292.18994140625,6291.14013671875,6292.18017578125,4856000
2025-07-18 19:11:00+00:00,6290.91015625,6291.77978515625,6290.85009765625,6291.31982421875,5150000
2025-07-18 19:12:00+00:00,6291.740234375,6291.740234375,6290.97998046875,6291.169921875,5292000
2025-07-18 19:13:00+00:00,6291.830078125,6291.9599609375,6291.39990234375,6291.72021484375,5590000
2025-07-18 19:14:00+00:00,6292.2099609375,6292.2099609375,6291.52978515625,6291.8701171875,4085000
2025-07-18 19:15:00+00:00,6293.2900390625,6293.3798828125,6292.080078125,6292.169921875,4372000
2025-07-18 19:16:00+00:00,6294.2001953125,6294.2099609375,6293.93994140625,6294.14013671875,4830000
2025-07-18 19:17:00+00:00,6293.7998046875,6294.25,6293.56005859375,6294.169921875,4466000
2025-07-18 19:18:00+00:00,6294.31982421875,6294.4501953125,6293.68994140625,6293.81982421875,5075000
2025-07-18 19:19:00+00:00,6295.5,6295.52978515625,6294.2998046875,6294.35009765625,4715000
2025-07-18 19:20:00+00:00,6295.990234375,6295.990234375,6295.3798828125,6295.47021484375,4589000
2025-07-18 19:21:00+00:00,6295.35009765625,6296.22021484375,6295.0498046875,6296.06005859375,5945000
2025-07-18 19:22:00+00:00,6295.7998046875,6295.7998046875,6295.27978515625,6295.330078125,5462000
2025-07-18 19:23:00+00:00,6295.9599609375,6296.39990234375,6295.759765625,6295.77001953125,6149000
2025-07-18 19:24:00+00:00,6295.3798828125,6296.41015625,6295.3798828125,6295.97998046875,5776000
2025-07-18 19:25:00+00:00,6294.02978515625,6295.2998046875,6293.56982421875,6295.2998046875,6678000
2025-07-18 19:26:00+00:00,6293.93994140625,6294.490234375,6293.93994140625,6294.10009765625,5824000
2025-07-18 19:27:00+00:00,6293.490234375,6294.080078125,6293.490234375,6293.9501953125,5450000
2025-07-18 19:28:00+00:00,6294.4501953125,6294.4501953125,6293.5400390625,6293.5400390625,5489000
2025-07-18 19:29:00+00:00,6294.169921875,6294.77978515625,6294.080078125,6294.3798828125,6484000
2025-07-18 19:30:00+00:00,6294.14013671875,6294.7099609375,6294.08984375,6294.18017578125,6511000
2025-07-18 19:31:00+00:00,6292.919921875,6294.1298828125,6292.81982421875,6294.1298828125,9710000
2025-07-18 19:32:00+00:00,6292.14990234375,6292.91015625,6292.06005859375,6292.91015625,6420000
2025-07-18 19:33:00+00:00,6291.9501953125,6292.31982421875,6291.8798828125,6292.18017578125,5191000
2025-07-18 19:34:00+00:00,6291.39013671875,6292.0,6291.330078125,6292.0,6286000
2025-07-18 19:35:00+00:00,6291.25,6292.2099609375,6291.25,6291.39013671875,6469000
2025-07-18 19:36:00+00:00,6291.83984375,6291.89013671875,6291.080078125,6291.2900390625,6229000
2025-07-18 19:37:00+00:00,6291.919921875,6292.1298828125,6291.33984375,6291.89013671875,6642000
2025-07-18 19:38:00+00:00,6292.2900390625,6292.5498046875,6291.91015625,6291.91015625,5712000
2025-07-18 19:39:00+00:00,6291.85009765625,6292.85986328125,6291.81982421875,6292.60009765625,6175000
2025-07-18 19:40:00+00:00,6291.77978515625,6292.18994140625,6291.25,6291.77978515625,7638000
2025-07-18 19:41:00+00:00,6291.68017578125,6292.0,6291.580078125,6291.85009765625,7258000
2025-07-18 19:42:00+00:00,6292.35009765625,6292.35009765625,6291.56982421875,6291.66015625,7000000
2025-07-18 19:43:00+00:00,6291.35986328125,6292.47021484375,6291.35986328125,6292.31982421875,6983000
2025-07-18 19:44:00+00:00,6291.72998046875,6291.72998046875,6290.93017578125,6291.27978515625,7409000
2025-07-18 19:45:00+00:00,6291.18017578125,6291.759765625,6291.10009765625,6291.72998046875,7653000
2025-07-18 19:46:00+00:00,6291.35009765625,6291.4501953125,6290.56982421875,6290.64990234375,8124000
2025-07-18 19:47:00+00:00,6291.77978515625,6291.77978515625,6290.93017578125,6291.33984375,8857000
2025-07-18 19:48:00+00:00,6292.10986328125,6292.52978515625,6291.740234375,6291.77978515625,7834000
2025-07-18 19:49:00+00:00,6293.60986328125,6293.740234375,6292.16015625,6292.16015625,10957000
2025-07-18 19:50:00+00:00,6294.25,6294.919921875,6293.22998046875,6293.509765625,17648000
2025-07-18 19:51:00+00:00,6294.580078125,6295.2998046875,6293.89990234375,6294.27001953125,13531000
2025-07-18 19:52:00+00:00,6295.0400390625,6295.2099609375,6294.08984375,6294.52978515625,11746000
2025-07-18 19:53:00+00:00,6295.47998046875,6295.8701171875,6294.85986328125,6295.0,13457000
2025-07-18 19:54:00+00:00,6296.43994140625,6296.43994140625,6295.14013671875,6295.43994140625,18984000
2025-07-18 19:55:00+00:00,6296.85009765625,6297.06005859375,6295.27001953125,6296.43017578125,25368000
2025-07-18 19:56:00+00:00,6297.56005859375,6298.16015625,6296.7998046875,6296.7998046875,23548000
2025-07-18 19:57:00+00:00,6296.02001953125,6297.47998046875,6295.169921875,6297.4599609375,27348000
2025-07-18 19:58:00+00:00,6295.08984375,6296.27001953125,6294.7900390625,6296.0400390625,40744000
2025-07-18 19:59:00+00:00,6296.68017578125,6296.93994140625,6295.08984375,6295.14990234375,70819000
2025-07-21 13:30:00+00:00,6311.580078125,6312.06005859375,6304.740234375,6304.740234375,0
2025-07-21 13:31:00+00:00,6311.4501953125,6312.43017578125,6310.89013671875,6311.39990234375,14372008
2025-07-21 13:32:00+00:00,6311.1201171875,6313.2099609375,6309.22998046875,6310.75,15028195
2025-07-21 13:33:00+00:00,6312.02001953125,6312.669921875,6310.52978515625,6311.10986328125,10924239
2025-07-21 13:34:00+00:00,6312.06005859375,6312.759765625,6311.5400390625,6312.22021484375,10048629
2025-07-21 13:35:00+00:00,6313.52001953125,6313.740234375,6311.81982421875,6312.3701171875,10274504
2025-07-21 13:36:00+00:00,6314.31005859375,6315.0,6313.47998046875,6313.72021484375,9655313
2025-07-21 13:37:00+00:00,6313.0400390625,6314.22021484375,6312.77001953125,6314.16015625,8153173
2025-07-21 13:38:00+00:00,6313.60986328125,6313.68994140625,6311.7900390625,6313.08984375,12837702
2025-07-21 13:39:00+00:00,6314.16015625,6314.68017578125,6313.6201171875,6313.6201171875,9478524
2025-07-21 13:40:00+00:00,6313.830078125,6314.5,6313.22998046875,6314.27001953125,8879336
2025-07-21 13:41:00+00:00,6314.490234375,6314.75,6313.77001953125,6314.02001953125,9104576
2025-07-21 13:42:00+00:00,6315.85009765625,6316.080078125,6313.7998046875,6314.509765625,8056621
2025-07-21 13:43:00+00:00,6314.83984375,6316.60009765625,6314.56982421875,6316.14013671875,8063407
2025-07-21 13:44:00+00:00,6315.43017578125,6315.43017578125,6314.7998046875,6314.7998046875,7347907
2025-07-21 13:45:00+00:00,6319.77978515625,6319.77978515625,6315.39990234375,6315.490234375,9393658
2025-07-21 13:46:00+00:00,6320.5400390625,6322.18994140625,6319.52978515625,6319.52978515625,8779194
2025-07-21 13:47:00+00:00,6320.52001953125,6321.080078125,6320.02978515625,6320.7900390625,8242651
2025-07-21 13:48:00+00:00,6321.9599609375,6322.25,6319.81982421875,6320.31982421875,8053925
2025-07-21 13:49:00+00:00,6321.81005859375,6322.43994140625,6321.2998046875,6321.9599609375,7171572
2025-07-21 13:50:00+00:00,6320.7001953125,6321.9501953125,6320.2900390625,6321.7001953125,7737737
2025-07-21 13:51:00+00:00,6322.18017578125,6322.18017578125,6320.3701171875,6320.4501953125,6766871
2025-07-21 13:52:00+00:00,6322.419921875,6323.6298828125,6322.02978515625,6322.14990234375,6978721
2025-07-21 13:53:00+00:00,6322.31005859375,6323.18994140625,6322.2900390625,6322.4599609375,8429558
2025-07-21 13:54:00+00:00,6324.2900390625,6324.2900390625,6322.259765625,6322.5498046875,7519818
2025-07-21 13:55:00+00:00,6325.91015625,6325.91015625,6324.330078125,6324.330078125,6799863
2025-07-21 13:56:00+00:00,6327.68994140625,6328.16015625,6325.97021484375,6325.97021484375,7307813
2025-07-21 13:57:00+00:00,6326.02001953125,6328.009765625,6326.02001953125,6327.52001953125,7266014
2025-07-21 13:58:00+00:00,6326.02001953125,6326.35986328125,6325.2900390625,6325.8701171875,7152782
2025-07-21 13:59:00+00:00,6326.4501953125,6326.4501953125,6325.47021484375,6326.10986328125,7239479
2025-07-21 14:00:00+00:00,6330.259765625,6330.27978515625,6326.10009765625,6326.10009765625,9538823
2025-07-21 14:01:00+00:00,6328.35986328125,6330.4599609375,6328.35009765625,6330.1201171875,8634286
2025-07-21 14:02:00+00:00,6330.8798828125,6330.89990234375,6328.39990234375,6328.39990234375,8255817
2025-07-21 14:03:00+00:00,6330.6201171875,6330.9501953125,6330.10986328125,6330.83984375,6932689
2025-07-21 14:04:00+00:00,6329.8701171875,6330.64990234375,6329.41015625,6330.6298828125,6273196
2025-07-21 14:05:00+00:00,6328.4501953125,6330.0498046875,6328.35986328125,6329.81005859375,7242100
2025-07-21 14:06:00+00:00,6328.89990234375,6329.31005859375,6328.22998046875,6328.43017578125,7688158
2025-07-21 14:07:00+00:00,6329.14013671875,6329.509765625,6328.5498046875,6328.97021484375,9510311
2025-07-21 14:08:00+00:00,6328.60009765625,6330.02001953125,6328.580078125,6329.1298828125,7506145
2025-07-21 14:09:00+00:00,6327.4599609375,6329.669921875,6327.4599609375,6328.490234375,8646668
2025-07-21 14:10:00+00:00,6325.22998046875,6326.77001953125,6325.22998046875,6326.72998046875,7793118
2025-07-21 14:11:00+00:00,6324.9501953125,6326.06982421875,6324.9501953125,6325.16015625,7848525
2025-07-21 14:12:00+00:00,6327.490234375,6327.81982421875,6324.97021484375,6325.0400390625,6820782
2025-07-21 14:13:00+00:00,6328.22021484375,6328.3701171875,6327.27001953125,6327.669921875,6682697
2025-07-21 14:14:00+00:00,6327.3798828125,6328.18017578125,6327.1201171875,6328.18017578125,6866874
2025-07-21 14:15:00+00:00,6327.68017578125,6327.740234375,6326.77001953125,6327.43994140625,6502873
2025-07-21 14:16:00+00:00,6326.419921875,6327.81005859375,6326.22998046875,6327.72021484375,7075798
2025-07-21 14:17:00+00:00,6325.93017578125,6326.9501953125,6325.75,6326.35986328125,7607840
2025-07-21 14:18:00+00:00,6326.10009765625,6326.33984375,6325.759765625,6325.91015625,5562767
2025-07-21 14:19:00+00:00,6326.759765625,6326.89990234375,6325.7998046875,6326.2001953125,6778663
2025-07-21 14:20:00+00:00,6330.2099609375,6330.259765625,6326.75,6326.919921875,9798350
2025-07-21 14:21:00+00:00,6331.830078125,6332.35009765625,6330.10009765625,6330.259765625,8174599
2025-07-21 14:22:00+00:00,6331.3701171875,6332.2998046875,6331.330078125,6331.8798828125,7590583
2025-07-21 14:23:00+00:00,6331.830078125,6332.0,6331.18994140625,6331.22998046875,6571036
2025-07-21 14:24:00+00:00,6332.43017578125,6332.5498046875,6331.31005859375,6331.97998046875,6205544
2025-07-21 14:25:00+00:00,6331.52978515625,6332.56982421875,6331.4599609375,6332.47998046875,6812153
2025-07-21 14:26:00+00:00,6333.240234375,6333.240234375,6331.490234375,6331.490234375,6092020
2025-07-21 14:27:00+00:00,6332.77001953125,6333.7099609375,6332.72998046875,6333.18994140625,5073504
2025-07-21 14:28:00+00:00,6333.9599609375,6334.2099609375,6332.81982421875,6332.83984375,6605723
2025-07-21 14:29:00+00:00,6333.740234375,6334.22021484375,6333.18994140625,6334.10986328125,6564172
2025-07-21 14:30:00+00:00,6333.4599609375,6333.97021484375,6332.52978515625,6333.7998046875,7088838
2025-07-21 14:31:00+00:00,6334.7001953125,6334.93994140625,6333.240234375,6333.4599609375,7013462
2025-07-21 14:32:00+00:00,6334.52978515625,6335.14013671875,6334.10986328125,6334.66015625,5880282
2025-07-21 14:33:00+00:00,6332.10986328125,6334.7998046875,6332.10986328125,6334.47998046875,8136708
2025-07-21 14:34:00+00:00,6331.08984375,6332.3701171875,6331.08984375,6332.08984375,6617381
2025-07-21 14:35:00+00:00,6332.0498046875,6332.1298828125,6330.52978515625,6331.16015625,7076426
2025-07-21 14:36:00+00:00,6331.89990234375,6332.2900390625,6331.5400390625,6332.14013671875,5700792
2025-07-21 14:37:00+00:00,6330.830078125,6332.02978515625,6330.77978515625,6332.02978515625,6129507
2025-07-21 14:38:00+00:00,6331.009765625,6331.27978515625,6330.68994140625,6330.740234375,6834366
2025-07-21 14:39:00+00:00,6330.93994140625,6331.06982421875,6330.60986328125,6331.02978515625,5809841
2025-07-21 14:40:00+00:00,6329.91015625,6331.009765625,6329.7001953125,6331.0,6266278
2025-07-21 14:41:00+00:00,6330.64990234375,6330.97998046875,6328.8701171875,6329.7900390625,6381945
2025-07-21 14:42:00+00:00,6330.72021484375,6331.08984375,6330.3798828125,6330.75,5712110
2025-07-21 14:43:00+00:00,6331.2099609375,6331.43017578125,6330.60986328125,6330.77978515625,5790277
2025-07-21 14:44:00+00:00,6331.18994140625,6331.56982421875,6330.81982421875,6331.240234375,7590854
2025-07-21 14:45:00+00:00,6329.10009765625,6331.33984375,6329.10009765625,6331.18994140625,6355202
2025-07-21 14:46:00+00:00,6330.580078125,6330.580078125,6329.14013671875,6329.14013671875,6099202
2025-07-21 14:47:00+00:00,6329.3701171875,6330.759765625,6329.27978515625,6330.490234375,6175271
2025-07-21 14:48:00+00:00,6329.6298828125,6329.85986328125,6329.06982421875,6329.2900390625,5129657
2025-07-21 14:49:00+00:00,6329.64013671875,6329.64013671875,6329.18017578125,6329.56005859375,4942081
2025-07-21 14:50:00+00:00,6330.22998046875,6330.3701171875,6329.06982421875,6329.68017578125,6874257
2025-07-21 14:51:00+00:00,6329.81005859375,6330.35009765625,6329.7998046875,6330.31005859375,5492211
2025-07-21 14:52:00+00:00,6328.3701171875,6329.81982421875,6328.3701171875,6329.81982421875,8438307
2025-07-21 14:53:00+00:00,6328.580078125,6328.580078125,6327.3798828125,6328.35009765625,5759846
2025-07-21 14:54:00+00:00,6329.2900390625,6329.4501953125,6328.52978515625,6328.580078125,4881642
2025-07-21 14:55:00+00:00,6329.16015625,6329.47021484375,6328.60009765625,6329.27978515625,4961329
2025-07-21 14:56:00+00:00,6330.0498046875,6330.27001953125,6329.06005859375,6329.16015625,5563009
2025-07-21 14:57:00+00:00,6330.43017578125,6330.97021484375,6330.06982421875,6330.06982421875,5772307
2025-07-21 14:58:00+00:00,6331.2001953125,6331.2099609375,6330.5498046875,6330.5498046875,5124120
2025-07-21 14:59:00+00:00,6331.0400390625,6331.3701171875,6330.72021484375,6331.2001953125,5309972
2025-07-21 15:00:00+00:00,6330.25,6331.27001953125,6330.080078125,6331.14990234375,6028968
2025-07-21 15:01:00+00:00,6330.830078125,6331.14990234375,6330.18994140625,6330.18994140625,5507624
2025-07-21 15:02:00+00:00,6331.58984375,6331.77001953125,6330.68994140625,6330.75,4988785
2025-07-21 15:03:00+00:00,6331.43994140625,6331.83984375,6331.35009765625,6331.41015625,5052893
2025-07-21 15:04:00+00:00,6331.41015625,6331.77001953125,6331.16015625,6331.580078125,5067107
2025-07-21 15:05:00+00:00,6331.080078125,6331.39013671875,6330.56982421875,6331.39013671875,4659197
2025-07-21 15:06:00+00:00,6331.330078125,6331.43017578125,6330.22021484375,6331.06982421875,5302194
2025-07-21 15:07:00+00:00,6330.5400390625,6331.89013671875,6329.990234375,6331.3798828125,5669645
2025-07-21 15:08:00+00:00,6330.9599609375,6331.240234375,6330.06005859375,6330.47998046875,5765338
2025-07-21 15:09:00+00:00,6331.39013671875,6331.66015625,6330.8701171875,6330.9599609375,5161735
2025-07-21 15:10:00+00:00,6331.7900390625,6331.97998046875,6330.580078125,6331.35986328125,4375427
2025-07-21 15:11:00+00:00,6332.47998046875,6332.509765625,6331.60009765625,6331.77978515625,4959792
2025-07-21 15:12:00+00:00,6333.02001953125,6333.31005859375,6332.43994140625,6332.43994140625,5161049
2025-07-21 15:13:00+00:00,6332.759765625,6333.16015625,6332.47021484375,6333.02001953125,5492642
2025-07-21 15:14:00+00:00,6332.47998046875,6332.83984375,6332.31005859375,6332.83984375,5305311
2025-07-21 15:15:00+00:00,6331.93994140625,6332.60986328125,6331.85986328125,6332.4501953125,5011325
2025-07-21 15:16:00+00:00,6332.2099609375,6332.419921875,6331.7001953125,6331.91015625,4498785
2025-07-21 15:17:00+00:00,6331.4599609375,6332.3701171875,6331.35986328125,6332.2998046875,4776475
2025-07-21 15:18:00+00:00,6331.39013671875,6332.10009765625,6331.33984375,6331.3701171875,5061632
2025-07-21 15:19:00+00:00,6330.919921875,6331.35009765625,6330.64990234375,6331.35009765625,4506815
2025-07-21 15:20:00+00:00,6332.06982421875,6332.06982421875,6330.89990234375,6330.97998046875,5224442
2025-07-21 15:21:00+00:00,6332.60986328125,6332.64990234375,6331.7099609375,6332.08984375,5939596
2025-07-21 15:22:00+00:00,6332.75,6332.77001953125,6332.0498046875,6332.56005859375,4449706
2025-07-21 15:23:00+00:00,6333.06005859375,6333.5,6332.5400390625,6332.72021484375,3803885
2025-07-21 15:24:00+00:00,6333.259765625,6333.35009765625,6333.240234375,6333.35009765625,3598231
2025-07-21 15:25:00+00:00,6333.33984375,6333.3701171875,6332.9501953125,6333.2099609375,1773259
2025-07-21 15:26:00+00:00,6333.81005859375,6333.830078125,6333.75,6333.7998046875,9689579
2025-07-21 15:27:00+00:00,6333.5400390625,6333.8798828125,6333.31005859375,6333.7001953125,5548957
2025-07-21 15:28:00+00:00,6333.06982421875,6333.89990234375,6333.0498046875,6333.52001953125,4786178
2025-07-21 15:29:00+00:00,6333.52001953125,6333.52001953125,6332.77978515625,6333.0400390625,4526364
2025-07-21 15:30:00+00:00,6334.56005859375,6335.52978515625,6333.7001953125,6333.7001953125,4981227
2025-07-21 15:31:00+00:00,6334.22998046875,6334.58984375,6333.75,6334.58984375,4041445
2025-07-21 15:32:00+00:00,6334.7998046875,6334.7998046875,6334.1201171875,6334.31005859375,4343913
2025-07-21 15:33:00+00:00,6334.81005859375,6334.990234375,6334.47021484375,6334.77001953125,3982722
2025-07-21 15:34:00+00:00,6335.5498046875,6335.91015625,6334.81982421875,6334.81982421875,4459477
2025-07-21 15:35:00+00:00,6335.830078125,6336.080078125,6335.0400390625,6335.5400390625,4974571
2025-07-21 15:36:00+00:00,6335.47998046875,6335.77978515625,6335.27001953125,6335.77978515625,4386296
2025-07-21 15:37:00+00:00,6334.66015625,6335.52978515625,6334.35009765625,6335.47998046875,3963970
2025-07-21 15:38:00+00:00,6334.77978515625,6334.91015625,6334.5400390625,6334.72021484375,3977560
2025-07-21 15:39:00+00:00,6334.14013671875,6334.9599609375,6334.02001953125,6334.7998046875,4698728
2025-07-21 15:40:00+00:00,6334.60009765625,6334.91015625,6334.1298828125,6334.1298828125,5045456
2025-07-21 15:41:00+00:00,6334.2001953125,6334.7099609375,6334.16015625,6334.6298828125,4644844
2025-07-21 15:42:00+00:00,6333.7001953125,6334.740234375,6333.60009765625,6334.27978515625,4662695
2025-07-21 15:43:00+00:00,6333.81982421875,6334.18017578125,6333.52001953125,6333.6298828125,5323803
2025-07-21 15:44:00+00:00,6333.81982421875,6333.91015625,6333.4599609375,6333.72998046875,4720724
2025-07-21 15:45:00+00:00,6333.64990234375,6333.89013671875,6333.240234375,6333.85009765625,3589880
2025-07-21 15:46:00+00:00,6335.080078125,6335.10009765625,6333.7001953125,6333.7001953125,4642049
2025-07-21 15:47:00+00:00,6335.25,6335.56005859375,6335.0498046875,6335.10009765625,4806413
2025-07-21 15:48:00+00:00,6334.68994140625,6335.31982421875,6334.52001953125,6335.25,4576114
2025-07-21 15:49:00+00:00,6334.10986328125,6335.169921875,6334.0400390625,6334.72998046875,4146516
2025-07-21 15:50:00+00:00,6333.7099609375,6334.27978515625,6333.33984375,6334.06982421875,3999979
2025-07-21 15:51:00+00:00,6334.16015625,6334.259765625,6333.43017578125,6333.68017578125,4598431
2025-07-21 15:52:00+00:00,6334.83984375,6334.93017578125,6334.009765625,6334.240234375,4570352
2025-07-21 15:53:00+00:00,6334.81982421875,6334.91015625,6334.14013671875,6334.81982421875,3893565
2025-07-21 15:54:00+00:00,6333.08984375,6334.7998046875,6332.91015625,6334.77978515625,4217006
2025-07-21 15:55:00+00:00,6334.06982421875,6334.14990234375,6332.990234375,6333.06005859375,4966295
2025-07-21 15:56:00+00:00,6332.89990234375,6334.240234375,6332.89990234375,6334.0,4166794
2025-07-21 15:57:00+00:00,6332.06982421875,6332.91015625,6332.06005859375,6332.91015625,4307000
2025-07-21 15:58:00+00:00,6331.85009765625,6332.2900390625,6331.7001953125,6332.080078125,4173000
2025-07-21 15:59:00+00:00,6332.490234375,6332.66015625,6331.830078125,6331.89990234375,4638000
2025-07-21 16:00:00+00:00,6330.6298828125,6332.52001953125,6330.56005859375,6332.52001953125,4944000
2025-07-21 16:01:00+00:00,6330.81982421875,6331.009765625,6330.4501953125,6330.60009765625,5904000
2025-07-21 16:02:00+00:00,6331.41015625,6331.91015625,6330.759765625,6330.83984375,5068000
2025-07-21 16:03:00+00:00,6331.56982421875,6331.7099609375,6331.25,6331.509765625,4232000
2025-07-21 16:04:00+00:00,6331.759765625,6331.81005859375,6331.2998046875,6331.52001953125,4490000
2025-07-21 16:05:00+00:00,6331.25,6331.77978515625,6330.66015625,6331.75,3188000
2025-07-21 16:06:00+00:00,6331.16015625,6331.97021484375,6331.10009765625,6331.2099609375,4052000
2025-07-21 16:07:00+00:00,6330.8701171875,6331.2099609375,6330.740234375,6331.2099609375,3277000
2025-07-21 16:08:00+00:00,6330.56005859375,6330.77001953125,6330.56005859375,6330.66015625,3340000
2025-07-21 16:09:00+00:00,6330.10986328125,6330.830078125,6328.419921875,6330.60986328125,4719000
2025-07-21 16:10:00+00:00,6330.27978515625,6330.47021484375,6329.93994140625,6330.1201171875,3385000
2025-07-21 16:11:00+00:00,6329.35986328125,6330.1298828125,6329.18994140625,6330.1298828125,4387000
2025-07-21 16:12:00+00:00,6328.6298828125,6329.669921875,6328.6298828125,6329.39013671875,4942000
2025-07-21 16:13:00+00:00,6329.259765625,6329.259765625,6328.0400390625,6328.35009765625,3696000
2025-07-21 16:14:00+00:00,6329.580078125,6329.66015625,6328.8798828125,6329.169921875,3674000
2025-07-21 16:15:00+00:00,6330.3798828125,6330.47998046875,6329.43994140625,6329.56982421875,4252000
2025-07-21 16:16:00+00:00,6329.2998046875,6330.93017578125,6329.2998046875,6330.41015625,4661000
2025-07-21 16:17:00+00:00,6327.68994140625,6329.2001953125,6327.68994140625,6329.2001953125,4727000
2025-07-21 16:18:00+00:00,6328.77001953125,6328.77001953125,6327.47998046875,6327.68017578125,4578000
2025-07-21 16:19:00+00:00,6329.56982421875,6329.740234375,6328.52978515625,6328.72021484375,4433000
2025-07-21 16:20:00+00:00,6328.919921875,6329.56005859375,6328.830078125,6329.52001953125,3961000
2025-07-21 16:21:00+00:00,6328.31005859375,6328.97998046875,6327.8701171875,6328.9501953125,6595000
2025-07-21 16:22:00+00:00,6328.10986328125,6328.4599609375,6327.77001953125,6328.31982421875,5944000
2025-07-21 16:23:00+00:00,6327.9501953125,6328.35986328125,6327.8798828125,6328.169921875,5543000
2025-07-21 16:24:00+00:00,6327.06982421875,6328.14990234375,6326.7001953125,6327.89013671875,4955000
2025-07-21 16:25:00+00:00,6326.97998046875,6328.1201171875,6326.81005859375,6327.0400390625,4411000
2025-07-21 16:26:00+00:00,6328.14013671875,6328.14013671875,6326.56982421875,6326.97998046875,4096000
2025-07-21 16:27:00+00:00,6328.8798828125,6328.9501953125,6328.1298828125,6328.14013671875,3766000
2025-07-21 16:28:00+00:00,6328.41015625,6328.97998046875,6328.35986328125,6328.93017578125,4496000
2025-07-21 16:29:00+00:00,6328.4501953125,6328.47021484375,6327.85986328125,6328.47021484375,4224000
2025-07-21 16:30:00+00:00,6328.81982421875,6328.9501953125,6328.18017578125,6328.5,3840000
2025-07-21 16:31:00+00:00,6329.8701171875,6329.8701171875,6328.85009765625,6328.85009765625,4039000
2025-07-21 16:32:00+00:00,6330.8701171875,6330.8798828125,6329.9599609375,6329.9599609375,3494000
2025-07-21 16:33:00+00:00,6330.47021484375,6331.0498046875,6330.31005859375,6330.7998046875,3712000
2025-07-21 16:34:00+00:00,6331.0,6331.0,6330.22021484375,6330.41015625,4197000
2025-07-21 16:35:00+00:00,6331.66015625,6331.66015625,6330.7001953125,6330.97998046875,4835000
2025-07-21 16:36:00+00:00,6332.08984375,6332.08984375,6331.6201171875,6331.669921875,2966000
2025-07-21 16:37:00+00:00,6331.31982421875,6332.06005859375,6331.22021484375,6332.0498046875,3145000
2025-07-21 16:38:00+00:00,6330.89990234375,6331.56982421875,6330.759765625,6331.33984375,3175000
2025-07-21 16:39:00+00:00,6329.490234375,6330.81982421875,6329.18017578125,6330.81982421875,3970000
2025-07-21 16:40:00+00:00,6329.2099609375,6329.39990234375,6328.41015625,6329.39990234375,3796000
2025-07-21 16:41:00+00:00,6330.259765625,6330.259765625,6329.240234375,6329.240234375,3235000
2025-07-21 16:42:00+00:00,6330.5498046875,6330.60009765625,6329.68994140625,6330.2001953125,3890000
2025-07-21 16:43:00+00:00,6330.4599609375,6330.64990234375,6330.1201171875,6330.64013671875,4164000
2025-07-21 16:44:00+00:00,6330.47021484375,6330.85009765625,6330.10986328125,6330.43017578125,4343000
2025-07-21 16:45:00+00:00,6330.35986328125,6330.580078125,6330.02978515625,6330.490234375,3484000
2025-07-21 16:46:00+00:00,6330.16015625,6331.02978515625,6330.16015625,6330.419921875,4023000
2025-07-21 16:47:00+00:00,6330.22021484375,6330.240234375,6329.830078125,6330.1201171875,3738000
2025-07-21 16:48:00+00:00,6330.77978515625,6330.9501953125,6330.18017578125,6330.2099609375,3280000
2025-07-21 16:49:00+00:00,6331.43017578125,6331.68017578125,6330.81982421875,6330.81982421875,3361000
2025-07-21 16:50:00+00:00,6332.14013671875,6332.2998046875,6331.4501953125,6331.4501953125,3304000
2025-07-21 16:51:00+00:00,6333.33984375,6333.35986328125,6332.14013671875,6332.33984375,3110000
2025-07-21 16:52:00+00:00,6333.31005859375,6333.64013671875,6332.85009765625,6333.3701171875,3659000
2025-07-21 16:53:00+00:00,6333.14013671875,6333.68017578125,6333.10009765625,6333.22021484375,4019000
2025-07-21 16:54:00+00:00,6333.43994140625,6333.6201171875,6333.169921875,6333.169921875,3367000
2025-07-21 16:55:00+00:00,6333.7998046875,6333.8798828125,6333.1298828125,6333.5498046875,3395000
2025-07-21 16:56:00+00:00,6334.0498046875,6334.22021484375,6333.759765625,6333.759765625,3368000
2025-07-21 16:57:00+00:00,6334.1201171875,6334.27001953125,6333.93994140625,6334.1298828125,2949000
2025-07-21 16:58:00+00:00,6333.009765625,6334.06005859375,6333.009765625,6334.0,2759000
2025-07-21 16:59:00+00:00,6333.3798828125,6333.81982421875,6332.97998046875,6332.97998046875,3999000
2025-07-21 17:00:00+00:00,6334.330078125,6334.47998046875,6333.330078125,6333.35986328125,3514000
2025-07-21 17:01:00+00:00,6334.9599609375,6335.0400390625,6334.1298828125,6334.33984375,3538000
2025-07-21 17:02:00+00:00,6335.60009765625,6335.7900390625,6335.0,6335.0,3395000
2025-07-21 17:03:00+00:00,6335.02978515625,6335.56982421875,6334.9599609375,6335.5,3281000
2025-07-21 17:04:00+00:00,6334.7998046875,6335.490234375,6334.7998046875,6335.02001953125,3332000
2025-07-21 17:05:00+00:00,6334.8798828125,6335.06982421875,6334.7099609375,6334.81005859375,2535000
2025-07-21 17:06:00+00:00,6334.39013671875,6334.9599609375,6334.33984375,6334.8701171875,3482000
2025-07-21 17:07:00+00:00,6334.77001953125,6335.1201171875,6334.31982421875,6334.31982421875,3306000
2025-07-21 17:08:00+00:00,6334.6298828125,6334.8798828125,6334.25,6334.740234375,2712000
2025-07-21 17:09:00+00:00,6333.9501953125,6334.81982421875,6333.93994140625,6334.64990234375,3136000
2025-07-21 17:10:00+00:00,6334.39990234375,6334.39990234375,6333.39990234375,6333.81005859375,3221000
2025-07-21 17:11:00+00:00,6334.81005859375,6334.89990234375,6334.080078125,6334.39990234375,3033000
2025-07-21 17:12:00+00:00,6335.10009765625,6335.18017578125,6334.7099609375,6334.89013671875,3587000
2025-07-21 17:13:00+00:00,6334.830078125,6335.22021484375,6334.60009765625,6335.08984375,2716000
2025-07-21 17:14:00+00:00,6334.509765625,6335.2001953125,6334.509765625,6334.91015625,3726000
2025-07-21 17:15:00+00:00,6333.7900390625,6334.509765625,6333.43994140625,6334.5,3205000
2025-07-21 17:16:00+00:00,6334.41015625,6334.43017578125,6333.60986328125,6333.759765625,3380000
2025-07-21 17:17:00+00:00,6335.08984375,6335.08984375,6334.3701171875,6334.4501953125,2861000
2025-07-21 17:18:00+00:00,6334.89013671875,6335.31982421875,6334.8798828125,6335.06982421875,2740000
2025-07-21 17:19:00+00:00,6335.5,6335.56005859375,6334.91015625,6334.93017578125,3876000
2025-07-21 17:20:00+00:00,6335.22998046875,6335.64013671875,6335.18017578125,6335.490234375,3791000
2025-07-21 17:21:00+00:00,6335.58984375,6335.83984375,6334.83984375,6335.2099609375,3287000
2025-07-21 17:22:00+00:00,6335.5400390625,6335.64013671875,6335.2998046875,6335.5498046875,3154000
2025-07-21 17:23:00+00:00,6335.27978515625,6335.56982421875,6334.85009765625,6335.509765625,2802000
2025-07-21 17:24:00+00:00,6334.68994140625,6335.3701171875,6334.64013671875,6335.31005859375,3372000
2025-07-21 17:25:00+00:00,6334.77978515625,6335.16015625,6334.66015625,6334.66015625,3266000
2025-07-21 17:26:00+00:00,6334.56005859375,6335.0,6334.4599609375,6334.7998046875,2928000
2025-07-21 17:27:00+00:00,6335.06982421875,6335.18994140625,6334.490234375,6334.5498046875,3380000
2025-07-21 17:28:00+00:00,6335.14990234375,6335.240234375,6334.81005859375,6335.02001953125,2844000
2025-07-21 17:29:00+00:00,6334.93994140625,6335.259765625,6334.85009765625,6335.08984375,3250000
2025-07-21 17:30:00+00:00,6335.18994140625,6335.6201171875,6334.91015625,6334.91015625,3621000
2025-07-21 17:31:00+00:00,6335.1298828125,6335.2001953125,6334.77978515625,6335.18017578125,2832000
2025-07-21 17:32:00+00:00,6335.169921875,6335.43994140625,6335.0,6335.06982421875,2998000
2025-07-21 17:33:00+00:00,6335.7998046875,6335.89013671875,6335.06005859375,6335.10009765625,3483000
2025-07-21 17:34:00+00:00,6335.27001953125,6336.0400390625,6335.259765625,6335.72021484375,2463000
2025-07-21 17:35:00+00:00,6334.89013671875,6335.259765625,6334.5400390625,6335.259765625,3076000
2025-07-21 17:36:00+00:00,6334.85009765625,6335.02001953125,6334.68994140625,6334.7998046875,2924000
2025-07-21 17:37:00+00:00,6334.7998046875,6335.2099609375,6334.7099609375,6334.8701171875,3418000
2025-07-21 17:38:00+00:00,6333.93017578125,6333.97021484375,6333.93017578125,6333.97021484375,3731000
2025-07-21 17:39:00+00:00,6333.7001953125,6334.1298828125,6333.6298828125,6333.81005859375,4417000
2025-07-21 17:40:00+00:00,6333.89990234375,6333.93994140625,6333.56005859375,6333.759765625,3523000
2025-07-21 17:41:00+00:00,6332.85009765625,6334.18017578125,6332.85009765625,6333.830078125,3698000
2025-07-21 17:42:00+00:00,6332.4599609375,6332.81005859375,6332.27978515625,6332.7900390625,4453000
2025-07-21 17:43:00+00:00,6332.580078125,6332.91015625,6332.47998046875,6332.47998046875,3252000
2025-07-21 17:44:00+00:00,6332.8798828125,6333.16015625,6332.5498046875,6332.5498046875,3081000
2025-07-21 17:45:00+00:00,6333.259765625,6333.27978515625,6332.81982421875,6332.8701171875,3848000
2025-07-21 17:46:00+00:00,6333.330078125,6333.47021484375,6333.10009765625,6333.240234375,3215000
2025-07-21 17:47:00+00:00,6333.419921875,6333.81005859375,6332.75,6333.31982421875,4426000
2025-07-21 17:48:00+00:00,6333.56982421875,6333.580078125,6333.1201171875,6333.43017578125,3315000
2025-07-21 17:49:00+00:00,6333.8701171875,6334.0400390625,6333.56005859375,6333.6201171875,3043000
2025-07-21 17:50:00+00:00,6332.7001953125,6333.83984375,6332.56005859375,6333.83984375,3184000
2025-07-21 17:51:00+00:00,6332.93994140625,6333.14990234375,6332.580078125,6332.7001953125,3230000
2025-07-21 17:52:00+00:00,6332.22998046875,6333.1298828125,6332.22998046875,6332.8701171875,3381000
2025-07-21 17:53:00+00:00,6332.490234375,6332.509765625,6332.1298828125,6332.2001953125,3320000
2025-07-21 17:54:00+00:00,6332.8798828125,6332.9599609375,6332.490234375,6332.490234375,2457000
2025-07-21 17:55:00+00:00,6333.259765625,6333.2900390625,6332.740234375,6332.8798828125,3204000
2025-07-21 17:56:00+00:00,6333.89990234375,6334.06982421875,6333.259765625,6333.259765625,3036000
2025-07-21 17:57:00+00:00,6333.3701171875,6333.919921875,6333.3701171875,6333.919921875,3008000
2025-07-21 17:58:00+00:00,6332.83984375,6333.66015625,6332.81982421875,6333.330078125,4012000
2025-07-21 17:59:00+00:00,6332.39013671875,6332.7900390625,6332.330078125,6332.75,3377000
2025-07-21 18:00:00+00:00,6332.27978515625,6332.39013671875,6331.72021484375,6332.33984375,3856000
2025-07-21 18:01:00+00:00,6332.06005859375,6332.52001953125,6332.06005859375,6332.2001953125,4011000
2025-07-21 18:02:00+00:00,6332.06982421875,6332.14990234375,6331.52978515625,6332.0,4285000
2025-07-21 18:03:00+00:00,6332.7001953125,6332.77001953125,6332.08984375,6332.08984375,3502000
2025-07-21 18:04:00+00:00,6332.56005859375,6332.81982421875,6332.169921875,6332.740234375,3545000
2025-07-21 18:05:00+00:00,6332.330078125,6332.83984375,6332.27978515625,6332.509765625,4383000
2025-07-21 18:06:00+00:00,6331.97998046875,6332.60986328125,6331.97998046875,6332.39013671875,3347000
2025-07-21 18:07:00+00:00,6332.33984375,6332.33984375,6331.8701171875,6331.93994140625,3233000
2025-07-21 18:08:00+00:00,6332.31005859375,6332.41015625,6332.06982421875,6332.35009765625,3396000
2025-07-21 18:09:00+00:00,6332.39990234375,6332.669921875,6332.27978515625,6332.27978515625,3479000
2025-07-21 18:10:00+00:00,6332.0400390625,6332.43017578125,6331.5,6332.43017578125,4196000
2025-07-21 18:11:00+00:00,6332.18017578125,6332.580078125,6332.02978515625,6332.0400390625,2742000
2025-07-21 18:12:00+00:00,6331.56982421875,6332.1201171875,6331.25,6332.009765625,3478000
2025-07-21 18:13:00+00:00,6331.56005859375,6331.66015625,6331.14990234375,6331.52001953125,5483000
2025-07-21 18:14:00+00:00,6332.22021484375,6332.41015625,6331.35986328125,6331.52978515625,4614000
2025-07-21 18:15:00+00:00,6332.490234375,6332.72021484375,6332.06982421875,6332.1298828125,3895000
2025-07-21 18:16:00+00:00,6332.27978515625,6332.4599609375,6331.89013671875,6332.4599609375,3069000
2025-07-21 18:17:00+00:00,6332.259765625,6332.52978515625,6331.919921875,6332.41015625,3042000
2025-07-21 18:18:00+00:00,6332.3701171875,6332.77001953125,6332.08984375,6332.2099609375,2858000
2025-07-21 18:19:00+00:00,6332.47998046875,6332.52978515625,6331.89990234375,6332.39013671875,3435000
2025-07-21 18:20:00+00:00,6331.830078125,6332.58984375,6331.7900390625,6332.4599609375,3781000
2025-07-21 18:21:00+00:00,6332.5498046875,6332.56982421875,6331.7900390625,6331.85009765625,3333000
2025-07-21 18:22:00+00:00,6333.02978515625,6333.02978515625,6332.419921875,6332.5400390625,3094000
2025-07-21 18:23:00+00:00,6332.9599609375,6333.0498046875,6332.740234375,6333.0400390625,3167000
2025-07-21 18:24:00+00:00,6333.14013671875,6333.2099609375,6332.91015625,6332.9501953125,3151000
2025-07-21 18:25:00+00:00,6332.47021484375,6333.25,6332.47021484375,6333.1201171875,3483000
2025-07-21 18:26:00+00:00,6332.27978515625,6332.830078125,6332.18017578125,6332.47998046875,3364000
2025-07-21 18:27:00+00:00,6332.93017578125,6332.93017578125,6332.259765625,6332.330078125,3208000
2025-07-21 18:28:00+00:00,6332.7099609375,6332.93994140625,6332.56005859375,6332.89013671875,3204000
2025-07-21 18:29:00+00:00,6332.490234375,6332.759765625,6332.08984375,6332.759765625,3373000
2025-07-21 18:30:00+00:00,6332.169921875,6332.7001953125,6332.14013671875,6332.43994140625,3821000
2025-07-21 18:31:00+00:00,6331.27978515625,6332.1201171875,6331.240234375,6332.1201171875,4079000
2025-07-21 18:32:00+00:00,6330.83984375,6331.3798828125,6330.83984375,6331.259765625,3072000
2025-07-21 18:33:00+00:00,6331.14990234375,6331.2900390625,6330.91015625,6330.91015625,3220000
2025-07-21 18:34:00+00:00,6331.10986328125,6331.31982421875,6330.9501953125,6330.9599609375,2944000
2025-07-21 18:35:00+00:00,6330.77978515625,6331.10009765625,6330.740234375,6331.02978515625,3363000
2025-07-21 18:36:00+00:00,6330.83984375,6330.919921875,6330.47998046875,6330.759765625,3393000
2025-07-21 18:37:00+00:00,6331.02978515625,6331.10986328125,6330.68017578125,6330.85009765625,3371000
2025-07-21 18:38:00+00:00,6330.60009765625,6331.02001953125,6330.580078125,6331.02001953125,3482000
2025-07-21 18:39:00+00:00,6330.89013671875,6331.0,6330.580078125,6330.580078125,4337000
2025-07-21 18:40:00+00:00,6331.14013671875,6331.27001953125,6330.7900390625,6330.85009765625,3786000
2025-07-21 18:41:00+00:00,6330.43994140625,6331.43994140625,6330.31005859375,6331.1298828125,4750000
2025-07-21 18:42:00+00:00,6330.39990234375,6330.97998046875,6330.39013671875,6330.419921875,3282000
2025-07-21 18:43:00+00:00,6329.77978515625,6330.43017578125,6329.68017578125,6330.43017578125,3731000
2025-07-21 18:44:00+00:00,6329.58984375,6329.77001953125,6329.0,6329.7001953125,3226000
2025-07-21 18:45:00+00:00,6329.27001953125,6329.64990234375,6329.169921875,6329.580078125,3308000
2025-07-21 18:46:00+00:00,6328.8798828125,6329.419921875,6328.66015625,6329.27001953125,4095000
2025-07-21 18:47:00+00:00,6326.56982421875,6328.919921875,6325.16015625,6328.919921875,6711000
2025-07-21 18:48:00+00:00,6326.18994140625,6326.91015625,6326.18994140625,6326.58984375,3380000
2025-07-21 18:49:00+00:00,6325.89990234375,6326.33984375,6325.240234375,6326.18017578125,3952000
2025-07-21 18:50:00+00:00,6325.33984375,6325.93017578125,6324.52001953125,6325.93017578125,5758000
2025-07-21 18:51:00+00:00,6325.93994140625,6326.240234375,6325.14013671875,6325.31005859375,4191000
2025-07-21 18:52:00+00:00,6325.58984375,6326.2900390625,6325.52001953125,6325.89990234375,3728000
2025-07-21 18:53:00+00:00,6326.14013671875,6326.18994140625,6325.2998046875,6325.60986328125,4329000
2025-07-21 18:54:00+00:00,6326.41015625,6326.509765625,6325.7900390625,6326.14013671875,4641000
2025-07-21 18:55:00+00:00,6326.10009765625,6326.3798828125,6325.9599609375,6326.3798828125,3622000
2025-07-21 18:56:00+00:00,6325.68994140625,6326.27001953125,6325.68994140625,6326.169921875,4545000
2025-07-21 18:57:00+00:00,6324.7099609375,6325.85986328125,6324.2001953125,6325.7900390625,5406000
2025-07-21 18:58:00+00:00,6324.6298828125,6324.89013671875,6324.4599609375,6324.68017578125,3955000
2025-07-21 18:59:00+00:00,6324.27001953125,6324.8701171875,6324.2001953125,6324.64990234375,5067000
2025-07-21 19:00:00+00:00,6324.009765625,6324.52978515625,6323.85986328125,6324.259765625,5072000
2025-07-21 19:01:00+00:00,6322.3798828125,6324.14013671875,6321.85009765625,6324.06005859375,6831000
2025-07-21 19:02:00+00:00,6322.740234375,6322.75,6320.9501953125,6322.3798828125,5605000
2025-07-21 19:03:00+00:00,6322.52001953125,6322.89013671875,6322.4501953125,6322.68994140625,3646000
2025-07-21 19:04:00+00:00,6321.9501953125,6322.64990234375,6321.93017578125,6322.5,3587000
2025-07-21 19:05:00+00:00,6321.85009765625,6322.0,6321.18017578125,6321.9501953125,4685000
2025-07-21 19:06:00+00:00,6320.85009765625,6322.64990234375,6320.830078125,6321.8798828125,5283000
2025-07-21 19:07:00+00:00,6321.3701171875,6321.60986328125,6320.81982421875,6320.8798828125,4427000
2025-07-21 19:08:00+00:00,6320.830078125,6321.43017578125,6320.47998046875,6321.41015625,4350000
2025-07-21 19:09:00+00:00,6317.009765625,6321.33984375,6317.009765625,6320.8701171875,7465000
2025-07-21 19:10:00+00:00,6314.02978515625,6317.72998046875,6312.68017578125,6317.009765625,12304000
2025-07-21 19:11:00+00:00,6315.93994140625,6316.68994140625,6313.56005859375,6313.97021484375,5196000
2025-07-21 19:12:00+00:00,6316.5,6316.830078125,6314.7001953125,6315.81982421875,6401000
2025-07-21 19:13:00+00:00,6316.39013671875,6316.4599609375,6315.64990234375,6316.4599609375,4978000
2025-07-21 19:14:00+00:00,6316.66015625,6317.06982421875,6316.31005859375,6316.39990234375,4857000
2025-07-21 19:15:00+00:00,6317.4599609375,6317.75,6316.330078125,6316.35009765625,5372000
2025-07-21 19:16:00+00:00,6316.4501953125,6317.4599609375,6316.419921875,6317.4599609375,4752000
2025-07-21 19:17:00+00:00,6317.580078125,6317.740234375,6316.2900390625,6316.419921875,4699000
2025-07-21 19:18:00+00:00,6318.06005859375,6318.52001953125,6317.22998046875,6317.39990234375,5268000
2025-07-21 19:19:00+00:00,6317.7900390625,6318.0400390625,6317.6298828125,6318.02978515625,4581000
2025-07-21 19:20:00+00:00,6318.18017578125,6318.330078125,6317.5400390625,6317.7001953125,4919000
2025-07-21 19:21:00+00:00,6318.25,6318.66015625,6318.0400390625,6318.2099609375,5021000
2025-07-21 19:22:00+00:00,6317.509765625,6318.27001953125,6317.02978515625,6318.27001953125,6615000
2025-07-21 19:23:00+00:00,6318.0400390625,6318.18017578125,6317.27978515625,6317.47998046875,5120000
2025-07-21 19:24:00+00:00,6317.89990234375,6318.14013671875,6317.56982421875,6318.009765625,4504000
2025-07-21 19:25:00+00:00,6316.81982421875,6318.02978515625,6316.52978515625,6317.93994140625,6486000
2025-07-21 19:26:00+00:00,6315.25,6316.6201171875,6315.0498046875,6316.6201171875,6407000
2025-07-21 19:27:00+00:00,6314.85009765625,6315.43017578125,6314.4599609375,6315.259765625,4776000
2025-07-21 19:28:00+00:00,6314.56005859375,6314.85009765625,6314.27978515625,6314.81982421875,5574000
2025-07-21 19:29:00+00:00,6314.83984375,6315.18994140625,6314.31982421875,6314.509765625,6781000
2025-07-21 19:30:00+00:00,6315.77978515625,6316.6298828125,6314.91015625,6314.91015625,6805000
2025-07-21 19:31:00+00:00,6317.06005859375,6317.31982421875,6315.6201171875,6315.7099609375,6620000
2025-07-21 19:32:00+00:00,6316.14990234375,6317.240234375,6316.14990234375,6317.0400390625,6062000
2025-07-21 19:33:00+00:00,6315.740234375,6316.16015625,6315.35009765625,6316.16015625,6158000
2025-07-21 19:34:00+00:00,6314.6298828125,6315.85009765625,6314.5400390625,6315.7099609375,6341000
2025-07-21 19:35:00+00:00,6314.83984375,6315.47021484375,6314.43017578125,6314.60009765625,6288000
2025-07-21 19:36:00+00:00,6314.0400390625,6315.35009765625,6313.97998046875,6314.68017578125,6798000
2025-07-21 19:37:00+00:00,6313.66015625,6313.97021484375,6313.31982421875,6313.9599609375,6052000
2025-07-21 19:38:00+00:00,6315.39990234375,6315.5,6313.66015625,6313.66015625,5734000
2025-07-21 19:39:00+00:00,6314.7900390625,6315.4501953125,6314.740234375,6315.2900390625,6557000
2025-07-21 19:40:00+00:00,6314.6201171875,6315.18994140625,6314.419921875,6314.75,6457000
2025-07-21 19:41:00+00:00,6314.0498046875,6314.93017578125,6313.9501953125,6314.64990234375,7355000
2025-07-21 19:42:00+00:00,6312.10009765625,6314.02978515625,6312.06005859375,6313.9599609375,7245000
2025-07-21 19:43:00+00:00,6310.14013671875,6311.81982421875,6309.7998046875,6311.68017578125,8531000
2025-07-21 19:44:00+00:00,6309.3701171875,6310.10009765625,6308.8701171875,6310.10009765625,6584000
2025-07-21 19:45:00+00:00,6308.35009765625,6309.77001953125,6307.93017578125,6309.2900390625,8204000
2025-07-21 19:46:00+00:00,6306.83984375,6308.3798828125,6306.68994140625,6308.3798828125,8320000
2025-07-21 19:47:00+00:00,6306.77001953125,6307.0498046875,6305.919921875,6306.85986328125,8193000
2025-07-21 19:48:00+00:00,6307.39013671875,6308.330078125,6305.81982421875,6306.5498046875,9315000
2025-07-21 19:49:00+00:00,6308.259765625,6308.9599609375,6307.3798828125,6307.3798828125,15107000
2025-07-21 19:50:00+00:00,6309.43017578125,6309.43017578125,6307.22021484375,6308.169921875,14855000
2025-07-21 19:51:00+00:00,6310.580078125,6311.52978515625,6309.52978515625,6309.52978515625,12245000
2025-07-21 19:52:00+00:00,6309.6298828125,6310.9599609375,6309.56982421875,6310.7998046875,10747000
2025-07-21 19:53:00+00:00,6310.009765625,6310.259765625,6309.06005859375,6309.6201171875,12496000
2025-07-21 19:54:00+00:00,6308.35986328125,6310.33984375,6307.52978515625,6309.83984375,16462000
2025-07-21 19:55:00+00:00,6307.009765625,6309.1298828125,6306.9599609375,6308.41015625,21963000
2025-07-21 19:56:00+00:00,6305.3798828125,6306.91015625,6305.31005859375,6306.91015625,22818000
2025-07-21 19:57:00+00:00,6304.14990234375,6305.35986328125,6303.9501953125,6305.35986328125,24206000
2025-07-21 19:58:00+00:00,6304.81005859375,6304.81005859375,6303.7900390625,6304.14013671875,35615000
2025-07-21 19:59:00+00:00,6307.4599609375,6307.4599609375,6304.3798828125,6305.169921875,71411000
2025-07-22 13:30:00+00:00,6303.080078125,6309.4501953125,6303.080078125,6306.60009765625,71129897
2025-07-22 13:31:00+00:00,6303.58984375,6304.35009765625,6302.39990234375,6303.2998046875,15484284
2025-07-22 13:32:00+00:00,6302.47021484375,6303.35009765625,6301.39990234375,6303.35009765625,15663387
2025-07-22 13:33:00+00:00,6303.52001953125,6304.06982421875,6301.91015625,6302.81005859375,14095708
2025-07-22 13:34:00+00:00,6304.02978515625,6305.14013671875,6302.830078125,6303.47021484375,10190325
2025-07-22 13:35:00+00:00,6304.5498046875,6305.58984375,6303.75,6304.0400390625,10709077
2025-07-22 13:36:00+00:00,6307.64013671875,6307.64013671875,6304.2900390625,6304.43017578125,10740161
2025-07-22 13:37:00+00:00,6308.72998046875,6309.02001953125,6308.72998046875,6308.919921875,10581624
2025-07-22 13:38:00+00:00,6310.97998046875,6311.14990234375,6308.39990234375,6308.77001953125,8832507
2025-07-22 13:39:00+00:00,6311.4599609375,6312.740234375,6310.3798828125,6310.75,9086760
2025-07-22 13:40:00+00:00,6309.31982421875,6311.2900390625,6309.27001953125,6311.2900390625,10086945
2025-07-22 13:41:00+00:00,6308.81982421875,6309.7998046875,6307.41015625,6309.169921875,12550244
2025-07-22 13:42:00+00:00,6309.9599609375,6310.2099609375,6308.33984375,6308.85009765625,9763067
2025-07-22 13:43:00+00:00,6307.10986328125,6311.14990234375,6307.02001953125,6309.89013671875,9979122
2025-07-22 13:44:00+00:00,6309.669921875,6309.77978515625,6306.7099609375,6307.14013671875,9202947
2025-07-22 13:45:00+00:00,6306.330078125,6309.64013671875,6306.330078125,6309.64013671875,9530707
2025-07-22 13:46:00+00:00,6304.08984375,6307.39990234375,6303.8798828125,6306.419921875,11346941
2025-07-22 13:47:00+00:00,6303.39990234375,6305.22998046875,6302.58984375,6303.81982421875,13243507
2025-07-22 13:48:00+00:00,6303.0,6304.18017578125,6302.740234375,6303.2900390625,12122456
2025-07-22 13:49:00+00:00,6299.72021484375,6303.240234375,6299.18994140625,6303.080078125,11362173
2025-07-22 13:50:00+00:00,6299.18017578125,6301.6298828125,6298.81005859375,6299.5400390625,11743270
2025-07-22 13:51:00+00:00,6295.7099609375,6299.080078125,6295.43994140625,6299.080078125,12802239
2025-07-22 13:52:00+00:00,6291.64990234375,6295.580078125,6291.64990234375,6295.580078125,14326797
2025-07-22 13:53:00+00:00,6286.7900390625,6291.4501953125,6285.4501953125,6291.4501953125,15537734
2025-07-22 13:54:00+00:00,6284.3701171875,6286.89013671875,6281.7099609375,6286.89013671875,15365497
2025-07-22 13:55:00+00:00,6291.259765625,6291.47021484375,6284.02978515625,6284.58984375,13618450
2025-07-22 13:56:00+00:00,6292.4599609375,6292.4599609375,6287.85986328125,6291.22998046875,12546116
2025-07-22 13:57:00+00:00,6288.0,6293.22998046875,6288.0,6292.43994140625,12013494
2025-07-22 13:58:00+00:00,6286.1201171875,6290.52978515625,6286.1201171875,6288.2099609375,10525894
2025-07-22 13:59:00+00:00,6288.27978515625,6288.27978515625,6284.85986328125,6286.2998046875,9909725
2025-07-22 14:00:00+00:00,6286.10009765625,6288.43994140625,6283.2001953125,6288.43994140625,13452235
2025-07-22 14:01:00+00:00,6284.56005859375,6286.6201171875,6284.2099609375,6285.9599609375,12194283
2025-07-22 14:02:00+00:00,6285.31005859375,6287.39013671875,6283.89990234375,6285.18017578125,10914970
2025-07-22 14:03:00+00:00,6283.08984375,6285.5400390625,6281.89013671875,6285.3701171875,9237263
2025-07-22 14:04:00+00:00,6285.58984375,6285.77978515625,6282.47998046875,6282.47998046875,9566116
2025-07-22 14:05:00+00:00,6286.47021484375,6288.93017578125,6285.89013671875,6285.89013671875,10003243
2025-07-22 14:06:00+00:00,6287.35009765625,6287.58984375,6285.580078125,6286.75,9954240
2025-07-22 14:07:00+00:00,6289.52978515625,6290.72998046875,6287.22021484375,6287.4599609375,10066485
2025-07-22 14:08:00+00:00,6289.47021484375,6291.47021484375,6289.18017578125,6289.7001953125,8968320
2025-07-22 14:09:00+00:00,6291.68994140625,6292.2001953125,6289.27978515625,6289.64990234375,8108070
2025-07-22 14:10:00+00:00,6291.5,6292.6298828125,6291.41015625,6291.56005859375,9260388
2025-07-22 14:11:00+00:00,6289.31982421875,6291.41015625,6289.2001953125,6291.41015625,9808603
2025-07-22 14:12:00+00:00,6287.52978515625,6289.10986328125,6287.1298828125,6288.77001953125,11077147
2025-07-22 14:13:00+00:00,6290.10009765625,6290.10009765625,6287.22021484375,6287.27978515625,7702344
2025-07-22 14:14:00+00:00,6291.0400390625,6291.18017578125,6289.830078125,6290.0498046875,7332133
2025-07-22 14:15:00+00:00,6293.52978515625,6293.52978515625,6291.0400390625,6291.10009765625,6760230
2025-07-22 14:16:00+00:00,6291.5400390625,6294.259765625,6291.5400390625,6293.68994140625,7299758
2025-07-22 14:17:00+00:00,6292.33984375,6292.77978515625,6290.9599609375,6291.3798828125,7286417
2025-07-22 14:18:00+00:00,6289.60009765625,6292.18017578125,6289.56982421875,6292.18017578125,8098710
2025-07-22 14:19:00+00:00,6289.919921875,6290.490234375,6289.22998046875,6289.58984375,7127706
2025-07-22 14:20:00+00:00,6289.91015625,6291.08984375,6289.91015625,6290.0,7421898
2025-07-22 14:21:00+00:00,6290.240234375,6291.43994140625,6289.759765625,6289.830078125,6120053
2025-07-22 14:22:00+00:00,6290.009765625,6290.16015625,6288.41015625,6290.16015625,7640336
2025-07-22 14:23:00+00:00,6290.3701171875,6291.52978515625,6289.580078125,6290.009765625,6338783
2025-07-22 14:24:00+00:00,6288.56005859375,6291.14013671875,6288.47998046875,6290.52001953125,7561699
2025-07-22 14:25:00+00:00,6289.27978515625,6289.7900390625,6288.10986328125,6288.4501953125,6541054
2025-07-22 14:26:00+00:00,6288.85009765625,6290.06005859375,6288.1298828125,6289.1298828125,6525881
2025-07-22 14:27:00+00:00,6290.2998046875,6290.740234375,6288.31005859375,6288.97998046875,6344467
2025-07-22 14:28:00+00:00,6288.9599609375,6290.3701171875,6288.60986328125,6290.3701171875,5738253
2025-07-22 14:29:00+00:00,6290.8798828125,6290.8798828125,6288.9501953125,6288.9501953125,5189780
2025-07-22 14:30:00+00:00,6293.0400390625,6293.41015625,6290.22998046875,6290.97998046875,8444368
2025-07-22 14:31:00+00:00,6295.4599609375,6295.7998046875,6293.0400390625,6293.0400390625,6340900
2025-07-22 14:32:00+00:00,6295.35009765625,6295.3798828125,6294.64013671875,6295.3798828125,5651537
2025-07-22 14:33:00+00:00,6295.1201171875,6295.75,6294.93017578125,6295.22998046875,6139978
2025-07-22 14:34:00+00:00,6295.41015625,6296.06005859375,6295.0400390625,6295.06982421875,6154205
2025-07-22 14:35:00+00:00,6299.18017578125,6299.18017578125,6295.5400390625,6295.5400390625,8079996
2025-07-22 14:36:00+00:00,6299.52001953125,6299.5400390625,6298.509765625,6299.2001953125,6966329
2025-07-22 14:37:00+00:00,6298.3701171875,6300.43017578125,6298.3701171875,6299.3798828125,7009940
2025-07-22 14:39:00+00:00,6297.2099609375,6297.47998046875,6296.8798828125,6297.2001953125,12087089
2025-07-22 14:40:00+00:00,6296.3701171875,6297.27978515625,6295.580078125,6297.06982421875,7114091
2025-07-22 14:41:00+00:00,6297.27978515625,6297.27978515625,6295.9599609375,6296.47021484375,6907881
2025-07-22 14:42:00+00:00,6297.5498046875,6297.93994140625,6297.259765625,6297.47998046875,6351750
2025-07-22 14:43:00+00:00,6298.7900390625,6298.7900390625,6297.60009765625,6297.60009765625,7629949
2025-07-22 14:44:00+00:00,6297.31982421875,6299.02001953125,6297.14013671875,6298.75,5893156
2025-07-22 14:45:00+00:00,6297.64013671875,6297.919921875,6297.009765625,6297.35986328125,5648918
2025-07-22 14:46:00+00:00,6296.47998046875,6298.259765625,6296.169921875,6297.52978515625,5959161
2025-07-22 14:47:00+00:00,6296.68017578125,6296.77001953125,6295.330078125,6296.35009765625,5977180
2025-07-22 14:48:00+00:00,6293.6201171875,6296.740234375,6293.60986328125,6296.740234375,6712179
2025-07-22 14:49:00+00:00,6294.830078125,6294.9501953125,6293.52001953125,6293.52001953125,6773773
2025-07-22 14:50:00+00:00,6295.31005859375,6295.77978515625,6294.35986328125,6295.0,6490397
2025-07-22 14:51:00+00:00,6294.1201171875,6295.919921875,6294.1201171875,6295.2998046875,6754172
2025-07-22 14:52:00+00:00,6293.259765625,6295.43994140625,6293.2001953125,6294.22998046875,6028435
2025-07-22 14:53:00+00:00,6294.10009765625,6294.2998046875,6292.58984375,6293.22021484375,5353770
2025-07-22 14:54:00+00:00,6294.3701171875,6294.740234375,6293.9599609375,6294.10009765625,4969130
2025-07-22 14:55:00+00:00,6297.06005859375,6297.22998046875,6293.7998046875,6294.33984375,5723428
2025-07-22 14:56:00+00:00,6298.1298828125,6298.77001953125,6297.02001953125,6297.02001953125,6576312
2025-07-22 14:57:00+00:00,6299.97021484375,6299.97021484375,6297.9599609375,6298.0400390625,6399592
2025-07-22 14:58:00+00:00,6299.6201171875,6300.2099609375,6299.43994140625,6300.0400390625,6299328
2025-07-22 14:59:00+00:00,6299.31005859375,6299.7099609375,6298.72998046875,6299.64990234375,5679259
2025-07-22 15:00:00+00:00,6299.83984375,6300.080078125,6298.83984375,6299.41015625,6527131
2025-07-22 15:01:00+00:00,6298.97998046875,6299.77978515625,6298.2099609375,6299.77001953125,6247454
2025-07-22 15:02:00+00:00,6296.66015625,6298.8798828125,6296.66015625,6298.8798828125,5879621
2025-07-22 15:03:00+00:00,6297.66015625,6297.66015625,6296.52978515625,6296.75,5562789
2025-07-22 15:04:00+00:00,6298.35986328125,6298.35986328125,6297.6298828125,6297.669921875,4652049
2025-07-22 15:05:00+00:00,6298.0,6298.7900390625,6297.97021484375,6298.47021484375,5187286
2025-07-22 15:06:00+00:00,6299.66015625,6299.72021484375,6297.81982421875,6298.06982421875,4890350
2025-07-22 15:07:00+00:00,6300.43017578125,6300.43017578125,6299.4599609375,6299.7998046875,5133667
2025-07-22 15:08:00+00:00,6300.72998046875,6300.81005859375,6300.52001953125,6300.669921875,7449887
2025-07-22 15:09:00+00:00,6299.27978515625,6300.77978515625,6299.25,6300.77978515625,5909798
2025-07-22 15:10:00+00:00,6300.2099609375,6300.2099609375,6298.68994140625,6299.259765625,5478037
2025-07-22 15:11:00+00:00,6299.08984375,6300.60986328125,6298.89990234375,6300.22998046875,4847158
2025-07-22 15:12:00+00:00,6299.64013671875,6299.64013671875,6297.8798828125,6299.02978515625,5246587
2025-07-22 15:13:00+00:00,6297.31005859375,6299.7900390625,6297.31005859375,6299.72998046875,5703819
2025-07-22 15:14:00+00:00,6296.4599609375,6297.3701171875,6296.2998046875,6297.3701171875,5209407
2025-07-22 15:15:00+00:00,6296.919921875,6297.1298828125,6295.990234375,6296.4501953125,5141692
2025-07-22 15:16:00+00:00,6294.35009765625,6297.06005859375,6294.35009765625,6296.8701171875,5547945
2025-07-22 15:17:00+00:00,6295.169921875,6295.22998046875,6293.77978515625,6294.16015625,5349099
2025-07-22 15:18:00+00:00,6297.1201171875,6297.41015625,6295.14013671875,6295.14990234375,5154016
2025-07-22 15:19:00+00:00,6298.47998046875,6298.47998046875,6295.9599609375,6297.1298828125,5573280
2025-07-22 15:20:00+00:00,6298.16015625,6299.56005859375,6297.990234375,6298.56005859375,5096204
2025-07-22 15:21:00+00:00,6298.43994140625,6298.43994140625,6297.490234375,6298.1201171875,4936003
2025-07-22 15:22:00+00:00,6297.89013671875,6298.5,6297.5498046875,6298.39013671875,5238587
2025-07-22 15:23:00+00:00,6297.31982421875,6298.3701171875,6297.31982421875,6297.93994140625,4834228
2025-07-22 15:24:00+00:00,6298.27978515625,6298.35986328125,6297.259765625,6297.259765625,4849900
2025-07-22 15:25:00+00:00,6299.2998046875,6299.31982421875,6298.2900390625,6298.2900390625,5449920
2025-07-22 15:26:00+00:00,6299.2998046875,6299.830078125,6298.89990234375,6299.2998046875,4793963
2025-07-22 15:27:00+00:00,6298.6201171875,6299.31005859375,6298.18017578125,6299.22998046875,5107000
2025-07-22 15:28:00+00:00,6298.72021484375,6299.6298828125,6298.35009765625,6298.47021484375,4906000
2025-07-22 15:29:00+00:00,6296.97998046875,6298.58984375,6296.6201171875,6298.58984375,5845000
2025-07-22 15:30:00+00:00,6297.68994140625,6297.72021484375,6296.22998046875,6296.89990234375,5581000
2025-07-22 15:31:00+00:00,6297.81005859375,6298.2900390625,6296.66015625,6297.6201171875,5614000
2025-07-22 15:32:00+00:00,6298.75,6298.77001953125,6297.77001953125,6297.77001953125,6083000
2025-07-22 15:33:00+00:00,6299.39990234375,6299.56005859375,6298.60009765625,6298.740234375,5378000
2025-07-22 15:34:00+00:00,6300.3798828125,6300.3798828125,6299.31005859375,6299.47021484375,5946000
2025-07-22 15:35:00+00:00,6299.740234375,6300.72998046875,6299.740234375,6300.39013671875,5398000
2025-07-22 15:36:00+00:00,6299.06005859375,6299.7900390625,6298.35009765625,6299.669921875,5863000
2025-07-22 15:37:00+00:00,6300.10009765625,6300.35986328125,6298.4501953125,6299.06005859375,6042000
2025-07-22 15:38:00+00:00,6298.81005859375,6300.85009765625,6298.81005859375,6300.18994140625,6111000
2025-07-22 15:39:00+00:00,6296.990234375,6298.669921875,6296.77001953125,6298.669921875,5208000
2025-07-22 15:40:00+00:00,6295.77001953125,6297.009765625,6295.77001953125,6296.9599609375,5755000
2025-07-22 15:41:00+00:00,6295.93017578125,6296.169921875,6295.169921875,6295.77001953125,5197000
2025-07-22 15:42:00+00:00,6296.2900390625,6296.3798828125,6295.47021484375,6295.89013671875,5706000
2025-07-22 15:43:00+00:00,6294.97021484375,6296.669921875,6294.7900390625,6296.47998046875,5995000
2025-07-22 15:44:00+00:00,6296.41015625,6296.41015625,6294.77978515625,6294.97998046875,6009000
2025-07-22 15:45:00+00:00,6297.7001953125,6297.7001953125,6296.0498046875,6296.33984375,5669000
2025-07-22 15:46:00+00:00,6298.3798828125,6298.47021484375,6297.259765625,6297.75,6194000
2025-07-22 15:47:00+00:00,6300.5400390625,6300.5400390625,6298.31982421875,6298.35986328125,4830000
2025-07-22 15:48:00+00:00,6299.31005859375,6300.7900390625,6299.25,6300.64013671875,6069000
2025-07-22 15:49:00+00:00,6298.60009765625,6299.77978515625,6298.60009765625,6299.39013671875,5585000
2025-07-22 15:50:00+00:00,6298.64990234375,6298.89013671875,6297.66015625,6298.47998046875,5892000
2025-07-22 15:51:00+00:00,6298.43994140625,6299.60009765625,6298.27001953125,6298.64990234375,4589000
2025-07-22 15:52:00+00:00,6297.8701171875,6298.97021484375,6297.5400390625,6298.3798828125,5506000
2025-07-22 15:53:00+00:00,6298.60986328125,6298.6201171875,6297.759765625,6297.91015625,4274000
2025-07-22 15:54:00+00:00,6298.35009765625,6298.66015625,6297.66015625,6298.66015625,4145000
2025-07-22 15:55:00+00:00,6298.66015625,6298.7900390625,6297.8701171875,6298.31005859375,5519000
2025-07-22 15:56:00+00:00,6297.31005859375,6298.8701171875,6297.240234375,6298.68017578125,5205000
2025-07-22 15:57:00+00:00,6298.14990234375,6298.14990234375,6296.89990234375,6297.3701171875,4769000
2025-07-22 15:58:00+00:00,6297.990234375,6298.60986328125,6297.89990234375,6298.169921875,4761000
2025-07-22 15:59:00+00:00,6296.830078125,6297.9501953125,6296.64013671875,6297.919921875,4460000
2025-07-22 16:00:00+00:00,6296.89990234375,6297.2998046875,6296.25,6296.7900390625,6237000
2025-07-22 16:01:00+00:00,6297.330078125,6297.330078125,6296.18017578125,6296.830078125,6051000
2025-07-22 16:03:00+00:00,6297.22998046875,6297.43994140625,6295.1201171875,6295.66015625,12342000
2025-07-22 16:04:00+00:00,6297.330078125,6297.47021484375,6296.919921875,6297.18994140625,5401000
2025-07-22 16:05:00+00:00,6298.5400390625,6298.5498046875,6297.3798828125,6297.39990234375,4916000
2025-07-22 16:06:00+00:00,6299.06005859375,6299.06005859375,6297.43017578125,6298.52001953125,4602000
2025-07-22 16:07:00+00:00,6299.31982421875,6299.77001953125,6298.8701171875,6299.02001953125,4627000
2025-07-22 16:08:00+00:00,6299.169921875,6299.39013671875,6298.41015625,6299.33984375,3767000
2025-07-22 16:09:00+00:00,6298.64013671875,6299.31982421875,6298.580078125,6299.16015625,4370000
2025-07-22 16:10:00+00:00,6297.08984375,6298.64013671875,6297.08984375,6298.64013671875,4517000
2025-07-22 16:11:00+00:00,6296.4599609375,6296.990234375,6296.4599609375,6296.990234375,5057000
2025-07-22 16:12:00+00:00,6296.2001953125,6297.22998046875,6296.2001953125,6296.47021484375,3779000
2025-07-22 16:13:00+00:00,6296.10009765625,6296.39013671875,6295.580078125,6296.1201171875,3962000
2025-07-22 16:14:00+00:00,6297.25,6297.60009765625,6296.02001953125,6296.1298828125,4853000
2025-07-22 16:15:00+00:00,6298.14990234375,6298.4599609375,6297.14013671875,6297.2998046875,4477000
2025-07-22 16:16:00+00:00,6298.97021484375,6298.97021484375,6298.16015625,6298.16015625,4595000
2025-07-22 16:17:00+00:00,6301.41015625,6301.43994140625,6299.14990234375,6299.14990234375,5177000
2025-07-22 16:18:00+00:00,6301.080078125,6301.330078125,6300.8798828125,6301.2998046875,4854000
2025-07-22 16:19:00+00:00,6300.330078125,6301.22998046875,6300.22998046875,6301.06982421875,3896000
2025-07-22 16:20:00+00:00,6299.89990234375,6300.77001953125,6299.08984375,6300.330078125,6364000
2025-07-22 16:21:00+00:00,6300.18017578125,6300.47998046875,6299.419921875,6299.740234375,5468000
2025-07-22 16:22:00+00:00,6298.60986328125,6300.18994140625,6298.60986328125,6300.16015625,3467000
2025-07-22 16:23:00+00:00,6298.990234375,6299.490234375,6298.10986328125,6298.52001953125,3937000
2025-07-22 16:24:00+00:00,6298.4501953125,6299.10986328125,6298.259765625,6299.10986328125,4488000
2025-07-22 16:25:00+00:00,6295.9599609375,6298.419921875,6295.9599609375,6298.419921875,4090000
2025-07-22 16:26:00+00:00,6295.77978515625,6296.18994140625,6295.27978515625,6295.7001953125,4294000
2025-07-22 16:27:00+00:00,6293.919921875,6295.89013671875,6293.89013671875,6295.7998046875,4638000
2025-07-22 16:28:00+00:00,6291.5,6293.81982421875,6291.2099609375,6293.81982421875,5829000
2025-07-22 16:29:00+00:00,6292.3701171875,6292.47021484375,6291.330078125,6291.330078125,4819000
2025-07-22 16:30:00+00:00,6294.10986328125,6294.41015625,6291.75,6292.3798828125,5151000
2025-07-22 16:31:00+00:00,6295.1201171875,6295.22021484375,6293.580078125,6294.08984375,3984000
2025-07-22 16:32:00+00:00,6295.6201171875,6295.990234375,6295.10986328125,6295.10986328125,3514000
2025-07-22 16:33:00+00:00,6295.81005859375,6296.06982421875,6295.490234375,6295.6201171875,3720000
2025-07-22 16:34:00+00:00,6295.60009765625,6295.89990234375,6295.0400390625,6295.7900390625,3976000
2025-07-22 16:35:00+00:00,6295.47021484375,6295.6201171875,6294.93017578125,6295.56982421875,3382000
2025-07-22 16:36:00+00:00,6296.43994140625,6296.43994140625,6294.669921875,6295.39013671875,4204000
2025-07-22 16:37:00+00:00,6295.8701171875,6296.47021484375,6295.6201171875,6296.35009765625,9613000
2025-07-22 16:38:00+00:00,6295.77978515625,6295.990234375,6295.25,6295.91015625,4229000
2025-07-22 16:39:00+00:00,6295.3798828125,6295.93017578125,6295.080078125,6295.85009765625,4208000
2025-07-22 16:40:00+00:00,6292.83984375,6295.81982421875,6292.83984375,6295.4501953125,4708000
2025-07-22 16:41:00+00:00,6292.3798828125,6292.77978515625,6291.27978515625,6292.77978515625,5368000
2025-07-22 16:42:00+00:00,6293.66015625,6293.7099609375,6292.0,6292.4501953125,4100000
2025-07-22 16:43:00+00:00,6294.490234375,6294.8798828125,6293.75,6293.75,3152000
2025-07-22 16:44:00+00:00,6294.93994140625,6295.0400390625,6294.10986328125,6294.43994140625,3722000
2025-07-22 16:45:00+00:00,6293.91015625,6295.4599609375,6293.91015625,6294.89013671875,4260000
2025-07-22 16:46:00+00:00,6294.14013671875,6294.14990234375,6293.06005859375,6293.8701171875,3877000
2025-07-22 16:47:00+00:00,6295.490234375,6295.669921875,6293.830078125,6294.02978515625,4142000
2025-07-22 16:48:00+00:00,6295.7998046875,6296.27978515625,6295.68017578125,6295.68017578125,2985000
2025-07-22 16:49:00+00:00,6296.47021484375,6296.5,6295.7099609375,6295.7099609375,3310000
2025-07-22 16:50:00+00:00,6296.5498046875,6296.6201171875,6296.0498046875,6296.47021484375,4063000
2025-07-22 16:51:00+00:00,6298.0498046875,6298.0498046875,6295.89990234375,6296.66015625,4434000
2025-07-22 16:52:00+00:00,6299.259765625,6299.81982421875,6298.08984375,6298.08984375,5316000
2025-07-22 16:53:00+00:00,6299.31005859375,6299.490234375,6299.16015625,6299.18994140625,3582000
2025-07-22 16:54:00+00:00,6299.240234375,6299.7001953125,6299.18994140625,6299.240234375,4545000
2025-07-22 16:55:00+00:00,6298.60986328125,6299.419921875,6298.2001953125,6299.31005859375,3870000
2025-07-22 16:56:00+00:00,6298.64013671875,6298.85009765625,6298.18017578125,6298.580078125,4450000
2025-07-22 16:57:00+00:00,6299.35009765625,6299.5400390625,6298.52001953125,6298.6201171875,3663000
2025-07-22 16:58:00+00:00,6299.2900390625,6299.5400390625,6298.77978515625,6299.240234375,4401000
2025-07-22 16:59:00+00:00,6298.85986328125,6299.47998046875,6298.669921875,6299.31005859375,3771000
2025-07-22 17:00:00+00:00,6299.7099609375,6299.7900390625,6298.72021484375,6298.91015625,4971000
2025-07-22 17:01:00+00:00,6299.97998046875,6299.97998046875,6299.5,6299.7900390625,4329000
2025-07-22 17:02:00+00:00,6299.7001953125,6300.669921875,6299.7001953125,6299.93994140625,3929000
2025-07-22 17:03:00+00:00,6299.93994140625,6299.9599609375,6299.31005859375,6299.6298828125,3790000
2025-07-22 17:04:00+00:00,6299.740234375,6300.2001953125,6299.47998046875,6299.97021484375,4716000
2025-07-22 17:05:00+00:00,6299.0498046875,6299.77978515625,6299.0400390625,6299.669921875,4565000
2025-07-22 17:06:00+00:00,6299.5400390625,6299.6201171875,6298.64013671875,6299.02001953125,3884000
2025-07-22 17:07:00+00:00,6298.85986328125,6300.31005859375,6298.85986328125,6299.4501953125,3734000
2025-07-22 17:08:00+00:00,6299.02978515625,6299.18017578125,6298.25,6298.81982421875,4164000
2025-07-22 17:09:00+00:00,6298.9501953125,6299.47998046875,6298.85009765625,6299.009765625,3262000
2025-07-22 17:10:00+00:00,6299.66015625,6299.68994140625,6298.91015625,6298.9501953125,3136000
2025-07-22 17:11:00+00:00,6299.009765625,6299.919921875,6299.009765625,6299.490234375,4403000
2025-07-22 17:12:00+00:00,6299.240234375,6299.5400390625,6298.72021484375,6298.93994140625,3080000
2025-07-22 17:13:00+00:00,6300.06005859375,6300.10009765625,6299.22998046875,6299.31005859375,3598000
2025-07-22 17:14:00+00:00,6299.8701171875,6300.39990234375,6299.81005859375,6300.08984375,3463000
2025-07-22 17:15:00+00:00,6302.35986328125,6302.41015625,6299.8798828125,6299.8798828125,5166000
2025-07-22 17:16:00+00:00,6301.97998046875,6302.6201171875,6301.97998046875,6302.41015625,3164000
2025-07-22 17:17:00+00:00,6302.080078125,6302.2998046875,6301.91015625,6301.919921875,3763000
2025-07-22 17:18:00+00:00,6303.75,6303.75,6302.10009765625,6302.10009765625,3844000
2025-07-22 17:19:00+00:00,6304.18994140625,6304.18994140625,6303.580078125,6303.72021484375,3655000
2025-07-22 17:20:00+00:00,6303.77001953125,6304.259765625,6303.669921875,6304.240234375,3470000
2025-07-22 17:21:00+00:00,6304.81982421875,6304.81982421875,6303.7001953125,6303.7001953125,5150000
2025-07-22 17:22:00+00:00,6306.0400390625,6306.10009765625,6304.919921875,6304.93017578125,4168000
2025-07-22 17:23:00+00:00,6305.27001953125,6305.9599609375,6305.22998046875,6305.9599609375,4177000
2025-07-22 17:24:00+00:00,6304.830078125,6305.669921875,6304.77001953125,6305.27001953125,3214000
2025-07-22 17:25:00+00:00,6307.08984375,6307.10986328125,6304.740234375,6304.759765625,4703000
2025-07-22 17:26:00+00:00,6307.25,6307.35009765625,6306.9501953125,6307.10009765625,3471000
2025-07-22 17:27:00+00:00,6307.43994140625,6307.47998046875,6306.9501953125,6307.240234375,3172000
2025-07-22 17:28:00+00:00,6311.35009765625,6311.5400390625,6307.4599609375,6307.4599609375,6326000
2025-07-22 17:29:00+00:00,6310.85986328125,6311.4501953125,6310.6298828125,6311.4501953125,3584000
2025-07-22 17:30:00+00:00,6311.18994140625,6311.419921875,6310.68017578125,6310.8701171875,4041000
2025-07-22 17:31:00+00:00,6309.330078125,6311.240234375,6309.2900390625,6311.08984375,3882000
2025-07-22 17:32:00+00:00,6310.10009765625,6310.2099609375,6309.2900390625,6309.33984375,3548000
2025-07-22 17:33:00+00:00,6309.91015625,6310.33984375,6309.47998046875,6310.10009765625,4344000
2025-07-22 17:34:00+00:00,6310.25,6310.25,6309.66015625,6309.89990234375,4405000
2025-07-22 17:35:00+00:00,6310.39013671875,6310.39990234375,6309.990234375,6310.25,3116000
2025-07-22 17:36:00+00:00,6310.47021484375,6310.81005859375,6310.2099609375,6310.47998046875,3240000
2025-07-22 17:37:00+00:00,6310.2900390625,6310.7099609375,6310.02001953125,6310.47021484375,3989000
2025-07-22 17:38:00+00:00,6309.6298828125,6310.240234375,6309.43017578125,6310.240234375,3702000
2025-07-22 17:39:00+00:00,6309.25,6309.58984375,6309.18994140625,6309.58984375,3697000
2025-07-22 17:40:00+00:00,6307.22021484375,6309.27001953125,6307.18994140625,6309.27001953125,4496000
2025-07-22 17:41:00+00:00,6305.22998046875,6307.16015625,6305.22998046875,6307.16015625,4954000
2025-07-22 17:42:00+00:00,6306.080078125,6306.27978515625,6304.56005859375,6305.16015625,4195000
2025-07-22 17:43:00+00:00,6306.60009765625,6306.93017578125,6305.85009765625,6306.0400390625,3649000
2025-07-22 17:44:00+00:00,6306.31005859375,6306.6298828125,6306.18994140625,6306.52001953125,3460000
2025-07-22 17:45:00+00:00,6306.169921875,6306.2900390625,6305.52001953125,6306.2900390625,4729000
2025-07-22 17:46:00+00:00,6306.64990234375,6306.8701171875,6306.08984375,6306.18017578125,4212000
2025-07-22 17:47:00+00:00,6306.5498046875,6306.9501953125,6306.2900390625,6306.580078125,3839000
2025-07-22 17:48:00+00:00,6305.990234375,6306.580078125,6305.8798828125,6306.580078125,3059000
2025-07-22 17:49:00+00:00,6305.68994140625,6306.0498046875,6305.31982421875,6305.85009765625,2806000
2025-07-22 17:50:00+00:00,6305.9501953125,6306.27978515625,6305.490234375,6305.66015625,3500000
2025-07-22 17:51:00+00:00,6305.0498046875,6306.009765625,6305.0498046875,6305.919921875,3021000
2025-07-22 17:52:00+00:00,6304.330078125,6305.1298828125,6304.31982421875,6305.1298828125,3242000
2025-07-22 17:53:00+00:00,6305.14990234375,6305.4599609375,6304.31005859375,6304.31005859375,3115000
2025-07-22 17:54:00+00:00,6304.33984375,6305.1201171875,6304.22021484375,6305.1201171875,3429000
2025-07-22 17:55:00+00:00,6304.47021484375,6304.6298828125,6304.06982421875,6304.35009765625,2917000
2025-07-22 17:56:00+00:00,6304.97021484375,6305.06005859375,6304.240234375,6304.240234375,3155000
2025-07-22 17:57:00+00:00,6304.52001953125,6304.8701171875,6304.39990234375,6304.8701171875,3332000
2025-07-22 17:58:00+00:00,6303.66015625,6304.77978515625,6303.43994140625,6304.5,3635000
2025-07-22 17:59:00+00:00,6303.93994140625,6304.18994140625,6303.52001953125,6303.7001953125,3242000
2025-07-22 18:00:00+00:00,6305.68994140625,6305.68994140625,6303.52001953125,6303.91015625,4763000
2025-07-22 18:01:00+00:00,6305.93017578125,6306.47021484375,6305.759765625,6305.9501953125,5425000
2025-07-22 18:02:00+00:00,6306.22998046875,6306.419921875,6305.60009765625,6305.919921875,4464000
2025-07-22 18:03:00+00:00,6306.39013671875,6306.5,6305.7900390625,6306.18994140625,4479000
2025-07-22 18:04:00+00:00,6305.83984375,6306.5498046875,6305.759765625,6306.43994140625,3974000
2025-07-22 18:05:00+00:00,6306.06005859375,6306.08984375,6305.5498046875,6305.83984375,3820000
2025-07-22 18:06:00+00:00,6306.18994140625,6306.56982421875,6305.919921875,6306.0498046875,3690000
2025-07-22 18:07:00+00:00,6307.5498046875,6307.7099609375,6306.240234375,6306.240234375,4585000
2025-07-22 18:08:00+00:00,6307.39013671875,6307.759765625,6307.10986328125,6307.52001953125,4037000
2025-07-22 18:09:00+00:00,6307.02001953125,6307.68017578125,6307.02001953125,6307.35986328125,4915000
2025-07-22 18:10:00+00:00,6305.580078125,6307.14990234375,6305.580078125,6307.0498046875,5330000
2025-07-22 18:11:00+00:00,6306.240234375,6306.240234375,6305.009765625,6305.60009765625,5525000
2025-07-22 18:12:00+00:00,6305.89013671875,6306.31005859375,6305.669921875,6306.27978515625,4377000
2025-07-22 18:13:00+00:00,6305.6298828125,6306.14013671875,6305.580078125,6305.97021484375,4269000
2025-07-22 18:14:00+00:00,6304.9501953125,6305.7099609375,6304.8701171875,6305.64013671875,4930000
2025-07-22 18:15:00+00:00,6305.3701171875,6305.490234375,6304.72021484375,6305.02001953125,4125000
2025-07-22 18:16:00+00:00,6304.919921875,6305.39013671875,6304.39990234375,6305.39013671875,5240000
2025-07-22 18:17:00+00:00,6299.85009765625,6305.0498046875,6299.85009765625,6304.93017578125,7126000
2025-07-22 18:18:00+00:00,6302.02978515625,6302.02978515625,6296.58984375,6299.33984375,6934000
2025-07-22 18:19:00+00:00,6301.759765625,6302.52001953125,6300.72998046875,6302.14013671875,4382000
2025-07-22 18:20:00+00:00,6302.47021484375,6302.5,6301.169921875,6301.81982421875,4946000
2025-07-22 18:21:00+00:00,6304.16015625,6304.16015625,6301.8701171875,6302.4599609375,4608000
2025-07-22 18:22:00+00:00,6305.169921875,6305.81982421875,6304.2099609375,6304.2900390625,4531000
2025-07-22 18:23:00+00:00,6305.77001953125,6305.7998046875,6304.490234375,6305.169921875,4023000
2025-07-22 18:24:00+00:00,6304.68017578125,6305.9599609375,6304.68017578125,6305.81982421875,4245000
2025-07-22 18:25:00+00:00,6304.830078125,6305.7099609375,6304.3798828125,6304.66015625,4355000
2025-07-22 18:26:00+00:00,6305.56982421875,6305.75,6304.91015625,6304.919921875,4823000
2025-07-22 18:27:00+00:00,6305.77001953125,6305.97998046875,6305.08984375,6305.580078125,5087000
2025-07-22 18:28:00+00:00,6305.27001953125,6305.759765625,6305.009765625,6305.759765625,3965000
2025-07-22 18:29:00+00:00,6305.10009765625,6305.330078125,6304.81005859375,6305.330078125,3778000
2025-07-22 18:30:00+00:00,6304.990234375,6305.330078125,6304.72021484375,6305.080078125,4036000
2025-07-22 18:31:00+00:00,6306.9501953125,6307.16015625,6304.85986328125,6304.93994140625,4857000
2025-07-22 18:32:00+00:00,6306.5,6307.14013671875,6305.9599609375,6306.89013671875,3941000
2025-07-22 18:33:00+00:00,6307.39013671875,6307.39013671875,6306.31005859375,6306.509765625,5203000
2025-07-22 18:34:00+00:00,6308.759765625,6308.759765625,6307.330078125,6307.4501953125,4966000
2025-07-22 18:35:00+00:00,6309.31982421875,6309.64990234375,6308.68017578125,6308.7001953125,4722000
2025-07-22 18:36:00+00:00,6310.77978515625,6311.2001953125,6309.41015625,6309.41015625,5016000
2025-07-22 18:37:00+00:00,6310.5400390625,6311.009765625,6310.43994140625,6310.7998046875,4269000
2025-07-22 18:38:00+00:00,6311.85009765625,6311.89013671875,6310.580078125,6310.6298828125,4044000
2025-07-22 18:39:00+00:00,6312.64013671875,6312.64013671875,6311.4599609375,6311.8701171875,4471000
2025-07-22 18:40:00+00:00,6312.5,6313.7099609375,6312.490234375,6312.6298828125,5330000
2025-07-22 18:41:00+00:00,6311.85986328125,6313.22998046875,6311.830078125,6312.5,5333000
2025-07-22 18:42:00+00:00,6311.89990234375,6312.14990234375,6311.60009765625,6311.85009765625,4871000
2025-07-22 18:43:00+00:00,6311.85009765625,6312.0400390625,6311.39013671875,6311.89013671875,4297000
2025-07-22 18:44:00+00:00,6311.93994140625,6312.2001953125,6311.6298828125,6311.9599609375,3495000
2025-07-22 18:45:00+00:00,6311.0,6311.97998046875,6310.77978515625,6311.93017578125,4372000
2025-07-22 18:46:00+00:00,6310.919921875,6311.31005859375,6310.91015625,6311.0400390625,4043000
2025-07-22 18:47:00+00:00,6311.0400390625,6311.22998046875,6310.7099609375,6310.89990234375,4176000
2025-07-22 18:48:00+00:00,6311.52001953125,6311.56005859375,6310.89990234375,6311.0498046875,4774000
2025-07-22 18:49:00+00:00,6311.4599609375,6311.60009765625,6310.91015625,6311.52978515625,4186000
2025-07-22 18:50:00+00:00,6312.97021484375,6313.10986328125,6311.3798828125,6311.47021484375,4872000
2025-07-22 18:51:00+00:00,6312.7099609375,6313.2001953125,6312.5498046875,6312.97021484375,4953000
2025-07-22 18:52:00+00:00,6314.39990234375,6314.39990234375,6312.77978515625,6312.77978515625,6181000
2025-07-22 18:53:00+00:00,6315.08984375,6315.27001953125,6314.35986328125,6314.35986328125,5209000
2025-07-22 18:54:00+00:00,6314.8798828125,6315.16015625,6314.56005859375,6315.10009765625,4486000
2025-07-22 18:55:00+00:00,6314.4599609375,6315.39990234375,6314.4599609375,6314.9501953125,4337000
2025-07-22 18:56:00+00:00,6314.5400390625,6314.72998046875,6314.14990234375,6314.580078125,5514000
2025-07-22 18:57:00+00:00,6313.77001953125,6314.72998046875,6313.77001953125,6314.5400390625,4777000
2025-07-22 18:58:00+00:00,6313.81982421875,6314.18994140625,6313.7900390625,6313.81982421875,4411000
2025-07-22 18:59:00+00:00,6314.2001953125,6314.47021484375,6313.75,6313.85986328125,5381000
2025-07-22 19:00:00+00:00,6314.5,6314.7900390625,6313.66015625,6314.25,6361000
2025-07-22 19:01:00+00:00,6313.75,6314.8701171875,6313.2998046875,6314.60009765625,5525000
2025-07-22 19:02:00+00:00,6313.830078125,6313.97021484375,6313.35986328125,6313.85986328125,5181000
2025-07-22 19:03:00+00:00,6313.47021484375,6313.830078125,6313.0400390625,6313.830078125,4873000
2025-07-22 19:04:00+00:00,6312.490234375,6313.47021484375,6312.1201171875,6313.47021484375,4437000
2025-07-22 19:05:00+00:00,6312.22021484375,6312.5,6311.7998046875,6312.5,5422000
2025-07-22 19:06:00+00:00,6312.22021484375,6312.64013671875,6311.91015625,6312.1201171875,5210000
2025-07-22 19:07:00+00:00,6312.27001953125,6312.3701171875,6311.7099609375,6312.22998046875,5977000
2025-07-22 19:08:00+00:00,6312.72998046875,6312.72998046875,6312.0400390625,6312.2099609375,6402000
2025-07-22 19:09:00+00:00,6312.919921875,6313.02001953125,6312.419921875,6312.740234375,5426000
2025-07-22 19:10:00+00:00,6313.669921875,6313.81005859375,6312.85009765625,6312.9501953125,4643000
2025-07-22 19:11:00+00:00,6311.7900390625,6313.6201171875,6311.7900390625,6313.6201171875,4953000
2025-07-22 19:12:00+00:00,6311.64990234375,6311.919921875,6311.509765625,6311.72021484375,4626000
2025-07-22 19:13:00+00:00,6311.16015625,6312.2099609375,6310.97021484375,6311.68994140625,6548000
2025-07-22 19:14:00+00:00,6310.990234375,6311.56982421875,6310.990234375,6311.14990234375,5208000
2025-07-22 19:15:00+00:00,6310.77001953125,6311.35986328125,6310.2900390625,6311.02001953125,6719000
2025-07-22 19:16:00+00:00,6311.240234375,6311.52978515625,6310.419921875,6310.740234375,6058000
2025-07-22 19:17:00+00:00,6311.93017578125,6312.009765625,6311.27001953125,6311.27001953125,4701000
2025-07-22 19:18:00+00:00,6311.52978515625,6312.02001953125,6311.39013671875,6311.990234375,4717000
2025-07-22 19:19:00+00:00,6312.31005859375,6312.39013671875,6311.60009765625,6311.60986328125,5601000
2025-07-22 19:20:00+00:00,6311.64990234375,6312.3701171875,6311.64990234375,6312.330078125,5085000
2025-07-22 19:21:00+00:00,6313.009765625,6313.009765625,6311.47998046875,6311.7099609375,6474000
2025-07-22 19:22:00+00:00,6312.7900390625,6313.02978515625,6312.419921875,6313.0,5218000
2025-07-22 19:23:00+00:00,6313.35986328125,6313.7998046875,6312.81005859375,6312.81005859375,5138000
2025-07-22 19:24:00+00:00,6312.97021484375,6313.35009765625,6312.81005859375,6313.22998046875,5321000
2025-07-22 19:25:00+00:00,6312.6201171875,6313.02978515625,6312.14990234375,6312.93994140625,6084000
2025-07-22 19:26:00+00:00,6313.2001953125,6313.47021484375,6312.60009765625,6312.64990234375,6263000
2025-07-22 19:27:00+00:00,6313.009765625,6313.35986328125,6312.9501953125,6313.18017578125,5875000
2025-07-22 19:28:00+00:00,6312.740234375,6313.22021484375,6312.669921875,6313.009765625,6231000
2025-07-22 19:29:00+00:00,6312.77978515625,6312.85986328125,6312.2900390625,6312.72998046875,7209000
2025-07-22 19:30:00+00:00,6311.77001953125,6312.81005859375,6311.43017578125,6312.81005859375,7097000
2025-07-22 19:31:00+00:00,6312.06005859375,6312.330078125,6311.6201171875,6311.81982421875,6798000
2025-07-22 19:32:00+00:00,6311.91015625,6312.509765625,6311.7099609375,6311.8798828125,7484000
2025-07-22 19:33:00+00:00,6313.16015625,6313.18017578125,6311.85986328125,6311.8798828125,6490000
2025-07-22 19:34:00+00:00,6312.8798828125,6313.5,6312.8798828125,6313.25,6216000
2025-07-22 19:35:00+00:00,6314.06982421875,6314.06982421875,6312.91015625,6312.91015625,7721000
2025-07-22 19:36:00+00:00,6314.2001953125,6314.89990234375,6314.0,6314.0,7901000
2025-07-22 19:37:00+00:00,6314.77978515625,6314.7998046875,6314.06005859375,6314.10986328125,7195000
2025-07-22 19:38:00+00:00,6315.6201171875,6315.66015625,6314.68994140625,6314.7998046875,6148000
2025-07-22 19:39:00+00:00,6314.97998046875,6316.0,6314.97998046875,6315.6298828125,7258000
2025-07-22 19:40:00+00:00,6314.9599609375,6315.31982421875,6314.740234375,6315.0400390625,7277000
2025-07-22 19:41:00+00:00,6314.27978515625,6314.93994140625,6314.27001953125,6314.91015625,8316000
2025-07-22 19:42:00+00:00,6314.2099609375,6314.27001953125,6313.43994140625,6314.240234375,7760000
2025-07-22 19:43:00+00:00,6313.759765625,6314.27978515625,6313.5,6314.22021484375,7338000
2025-07-22 19:44:00+00:00,6313.740234375,6313.9501953125,6313.43994140625,6313.72998046875,8240000
2025-07-22 19:45:00+00:00,6314.18017578125,6314.60009765625,6313.7001953125,6313.740234375,9535000
2025-07-22 19:46:00+00:00,6313.66015625,6314.240234375,6313.14013671875,6314.240234375,9196000
2025-07-22 19:47:00+00:00,6314.0400390625,6314.06005859375,6313.2001953125,6313.60986328125,8903000
2025-07-22 19:48:00+00:00,6314.31982421875,6314.75,6314.0498046875,6314.10986328125,9391000
2025-07-22 19:49:00+00:00,6314.06982421875,6314.509765625,6313.93017578125,6314.3798828125,11199000
2025-07-22 19:50:00+00:00,6312.990234375,6314.0400390625,6311.669921875,6314.0400390625,17344000
2025-07-22 19:51:00+00:00,6312.47021484375,6313.1201171875,6312.3798828125,6312.97998046875,13497000
2025-07-22 19:52:00+00:00,6312.02978515625,6313.8701171875,6312.02978515625,6312.509765625,15243000
2025-07-22 19:53:00+00:00,6311.89990234375,6313.08984375,6311.830078125,6311.97998046875,14083000
2025-07-22 19:54:00+00:00,6310.9599609375,6312.39013671875,6310.9599609375,6311.81982421875,19950000
2025-07-22 19:55:00+00:00,6312.2099609375,6312.2998046875,6309.89990234375,6310.990234375,26884000
2025-07-22 19:56:00+00:00,6313.41015625,6313.41015625,6311.72021484375,6312.16015625,25579000
2025-07-22 19:57:00+00:00,6315.77978515625,6316.10009765625,6313.18017578125,6313.39013671875,29622000
2025-07-22 19:58:00+00:00,6314.93994140625,6316.1201171875,6314.93994140625,6315.7099609375,41276000
2025-07-22 19:59:00+00:00,6309.1298828125,6314.97998046875,6309.1298828125,6314.97998046875,74750000
2025-07-23 13:30:00+00:00,6328.77001953125,6333.56005859375,6326.89990234375,6326.89990234375,0
2025-07-23 13:31:00+00:00,6330.4501953125,6331.60986328125,6327.41015625,6328.77978515625,20727080
2025-07-23 13:32:00+00:00,6329.68017578125,6331.0400390625,6328.25,6330.240234375,17458063
2025-07-23 13:33:00+00:00,6331.14990234375,6332.58984375,6329.72998046875,6329.9599609375,15540450
2025-07-23 13:34:00+00:00,6332.56982421875,6332.81982421875,6329.8701171875,6331.06982421875,13473930
2025-07-23 13:35:00+00:00,6333.0,6333.77978515625,6331.89990234375,6332.39990234375,13864118
2025-07-23 13:36:00+00:00,6332.580078125,6333.06982421875,6330.52001953125,6333.06982421875,12536885
2025-07-23 13:37:00+00:00,6332.89013671875,6333.14990234375,6332.0,6332.72021484375,10844383
2025-07-23 13:38:00+00:00,6335.43017578125,6335.43017578125,6332.41015625,6332.740234375,10713136
2025-07-23 13:39:00+00:00,6334.6201171875,6335.68017578125,6334.16015625,6335.68017578125,11005171
2025-07-23 13:40:00+00:00,6330.58984375,6334.89990234375,6330.2998046875,6334.72021484375,13478519
2025-07-23 13:41:00+00:00,6328.72998046875,6330.0400390625,6328.14990234375,6330.0400390625,11779334
2025-07-23 13:42:00+00:00,6328.43994140625,6328.9501953125,6327.16015625,6328.64013671875,10634320
2025-07-23 13:43:00+00:00,6328.2998046875,6328.6201171875,6327.56005859375,6328.35986328125,10207476
2025-07-23 13:44:00+00:00,6327.58984375,6328.4599609375,6327.58984375,6328.240234375,7572252
2025-07-23 13:45:00+00:00,6321.89013671875,6323.93994140625,6321.64013671875,6323.93994140625,11951612
2025-07-23 13:46:00+00:00,6322.35986328125,6323.56005859375,6321.66015625,6322.0400390625,10190414
2025-07-23 13:47:00+00:00,6325.5498046875,6325.740234375,6321.33984375,6322.240234375,9557596
2025-07-23 13:48:00+00:00,6326.2001953125,6326.2001953125,6324.4501953125,6325.22998046875,8926577
2025-07-23 13:49:00+00:00,6323.25,6326.77001953125,6323.25,6326.31982421875,9998033
2025-07-23 13:50:00+00:00,6322.31005859375,6324.66015625,6322.31005859375,6323.31982421875,8868278
2025-07-23 13:51:00+00:00,6324.06005859375,6324.06005859375,6320.919921875,6322.4599609375,9524620
2025-07-23 13:52:00+00:00,6323.47021484375,6324.72998046875,6322.89013671875,6323.919921875,8189774
2025-07-23 13:53:00+00:00,6322.68017578125,6323.35986328125,6322.10009765625,6323.35986328125,7481079
2025-07-23 13:54:00+00:00,6323.43017578125,6323.85986328125,6322.60986328125,6322.77001953125,8602820
2025-07-23 13:55:00+00:00,6323.77001953125,6323.85009765625,6322.240234375,6323.47998046875,7548647
2025-07-23 13:56:00+00:00,6319.7998046875,6323.6298828125,6319.009765625,6323.5498046875,10246020
2025-07-23 13:57:00+00:00,6320.64990234375,6320.8798828125,6318.7900390625,6319.7900390625,7564078
2025-07-23 13:58:00+00:00,6321.3798828125,6321.56005859375,6320.39013671875,6320.4501953125,7489749
2025-07-23 13:59:00+00:00,6320.490234375,6321.35009765625,6319.5498046875,6321.35009765625,7772044
2025-07-23 14:00:00+00:00,6318.06005859375,6320.6201171875,6318.02001953125,6320.6201171875,11053764
2025-07-23 14:01:00+00:00,6320.669921875,6320.830078125,6320.669921875,6320.68994140625,9452625
2025-07-23 14:02:00+00:00,6321.02978515625,6321.89990234375,6320.52978515625,6320.759765625,9201645
2025-07-23 14:03:00+00:00,6321.9599609375,6322.1201171875,6320.3798828125,6320.91015625,7386794
2025-07-23 14:04:00+00:00,6320.830078125,6322.06982421875,6320.740234375,6321.8798828125,7643712
2025-07-23 14:05:00+00:00,6322.08984375,6322.18017578125,6320.33984375,6320.830078125,9217714
2025-07-23 14:06:00+00:00,6322.27978515625,6323.77978515625,6321.75,6322.02001953125,9537420
2025-07-23 14:07:00+00:00,6321.830078125,6322.7001953125,6321.22998046875,6322.240234375,8929505
2025-07-23 14:08:00+00:00,6323.7998046875,6323.93994140625,6321.06982421875,6321.91015625,9943218
2025-07-23 14:09:00+00:00,6324.72021484375,6325.4599609375,6323.75,6323.83984375,8763574
2025-07-23 14:10:00+00:00,6324.81005859375,6324.81005859375,6323.08984375,6324.5,8380905
2025-07-23 14:11:00+00:00,6324.14990234375,6325.080078125,6324.14990234375,6324.91015625,8665217
2025-07-23 14:12:00+00:00,6320.7001953125,6324.35986328125,6320.7001953125,6324.2099609375,10493080
2025-07-23 14:13:00+00:00,6320.5498046875,6321.6201171875,6320.35009765625,6320.72021484375,8929510
2025-07-23 14:14:00+00:00,6320.27001953125,6321.08984375,6319.89990234375,6320.56005859375,8964883
2025-07-23 14:15:00+00:00,6322.6201171875,6322.89990234375,6320.0498046875,6320.2099609375,8060732
2025-07-23 14:16:00+00:00,6324.240234375,6324.27001953125,6322.8798828125,6323.10009765625,8394719
2025-07-23 14:17:00+00:00,6324.35986328125,6324.81982421875,6324.14013671875,6324.14013671875,7899052
2025-07-23 14:18:00+00:00,6323.9599609375,6324.2998046875,6323.22021484375,6324.259765625,8694737
2025-07-23 14:19:00+00:00,6323.27001953125,6323.93017578125,6322.66015625,6323.68017578125,8412383
2025-07-23 14:20:00+00:00,6324.02978515625,6324.02978515625,6322.1201171875,6323.35009765625,6894817
2025-07-23 14:21:00+00:00,6325.02978515625,6325.02978515625,6323.81005859375,6324.06005859375,7290700
2025-07-23 14:22:00+00:00,6324.66015625,6325.580078125,6324.4501953125,6325.0498046875,7257074
2025-07-23 14:23:00+00:00,6324.60986328125,6324.97021484375,6324.18994140625,6324.7001953125,7277212
2025-07-23 14:24:00+00:00,6324.93994140625,6324.97998046875,6324.41015625,6324.580078125,6364367
2025-07-23 14:25:00+00:00,6326.85009765625,6326.91015625,6324.75,6324.97021484375,9014749
2025-07-23 14:26:00+00:00,6326.27001953125,6326.9599609375,6325.419921875,6326.9599609375,8122677
2025-07-23 14:27:00+00:00,6326.08984375,6326.52978515625,6325.85009765625,6326.35009765625,6642237
2025-07-23 14:28:00+00:00,6326.27978515625,6326.2900390625,6326.06982421875,6326.2900390625,8338738
2025-07-23 14:29:00+00:00,6327.330078125,6327.330078125,6326.259765625,6326.27978515625,7324198
2025-07-23 14:30:00+00:00,6326.8798828125,6327.669921875,6326.72998046875,6327.39013671875,7956854
2025-07-23 14:31:00+00:00,6325.52001953125,6326.830078125,6323.35986328125,6326.830078125,7934033
2025-07-23 14:32:00+00:00,6325.9599609375,6326.240234375,6325.52978515625,6325.58984375,7276137
2025-07-23 14:33:00+00:00,6324.97021484375,6326.2001953125,6324.85986328125,6325.93017578125,7138965
2025-07-23 14:34:00+00:00,6322.31982421875,6325.0400390625,6322.14013671875,6325.0400390625,8944032
2025-07-23 14:35:00+00:00,6323.93017578125,6324.35009765625,6322.16015625,6322.16015625,6823454
2025-07-23 14:36:00+00:00,6323.18994140625,6324.14990234375,6323.02978515625,6323.91015625,7464788
2025-07-23 14:37:00+00:00,6322.10986328125,6323.83984375,6321.6298828125,6323.31982421875,7065706
2025-07-23 14:38:00+00:00,6323.9501953125,6324.33984375,6321.60986328125,6322.1201171875,6442150
2025-07-23 14:39:00+00:00,6324.0,6324.41015625,6323.7001953125,6323.9599609375,6550972
2025-07-23 14:40:00+00:00,6323.64990234375,6324.60986328125,6323.080078125,6323.89990234375,6552011
2025-07-23 14:41:00+00:00,6324.580078125,6324.7001953125,6323.3701171875,6323.7099609375,6691070
2025-07-23 14:42:00+00:00,6325.7998046875,6325.91015625,6324.5498046875,6324.5498046875,8497655
2025-07-23 14:43:00+00:00,6324.2001953125,6326.02001953125,6323.68017578125,6325.830078125,7700952
2025-07-23 14:44:00+00:00,6324.02978515625,6324.66015625,6323.7099609375,6324.14990234375,5912115
2025-07-23 14:45:00+00:00,6324.0,6324.22021484375,6323.41015625,6323.990234375,6981578
2025-07-23 14:46:00+00:00,6325.16015625,6325.43994140625,6323.75,6323.9599609375,6596491
2025-07-23 14:47:00+00:00,6325.06982421875,6325.259765625,6324.330078125,6325.22998046875,8486862
2025-07-23 14:48:00+00:00,6325.080078125,6326.2099609375,6325.0400390625,6325.259765625,6651443
2025-07-23 14:49:00+00:00,6324.0,6325.1298828125,6323.97021484375,6325.08984375,8062006
2025-07-23 14:50:00+00:00,6324.43994140625,6324.68994140625,6323.60986328125,6324.02001953125,6209070
2025-07-23 14:51:00+00:00,6325.41015625,6325.81005859375,6324.35986328125,6324.56982421875,6191826
2025-07-23 14:52:00+00:00,6325.02978515625,6325.89013671875,6324.9501953125,6325.4599609375,5907002
2025-07-23 14:53:00+00:00,6326.35009765625,6326.490234375,6325.10986328125,6325.10986328125,6541455
2025-07-23 14:54:00+00:00,6326.85009765625,6327.10986328125,6326.43994140625,6326.5498046875,6353256
2025-07-23 14:55:00+00:00,6326.919921875,6327.10986328125,6326.2998046875,6326.81982421875,7104588
2025-07-23 14:56:00+00:00,6327.0400390625,6327.56982421875,6326.81005859375,6326.81005859375,5990467
2025-07-23 14:57:00+00:00,6327.8798828125,6328.08984375,6327.1298828125,6327.18994140625,5224322
2025-07-23 14:58:00+00:00,6327.75,6327.97021484375,6327.6298828125,6327.93017578125,6500977
2025-07-23 14:59:00+00:00,6327.4501953125,6327.990234375,6327.330078125,6327.66015625,5918584
2025-07-23 15:00:00+00:00,6328.9599609375,6328.9599609375,6327.419921875,6327.419921875,7820392
2025-07-23 15:01:00+00:00,6329.0,6329.85986328125,6328.93994140625,6328.93994140625,7648494
2025-07-23 15:02:00+00:00,6328.89990234375,6329.52978515625,6328.75,6328.8701171875,6282840
2025-07-23 15:04:00+00:00,6326.56982421875,6326.68994140625,6326.47021484375,6326.5400390625,12769339
2025-07-23 15:05:00+00:00,6326.0498046875,6327.0400390625,6325.60986328125,6326.490234375,7315082
2025-07-23 15:06:00+00:00,6327.0498046875,6327.0498046875,6325.080078125,6326.06982421875,7655848
2025-07-23 15:07:00+00:00,6328.02001953125,6328.02001953125,6326.43017578125,6327.0,8309925
2025-07-23 15:08:00+00:00,6327.89990234375,6328.47998046875,6327.759765625,6328.1298828125,7536784
2025-07-23 15:09:00+00:00,6327.35986328125,6328.14013671875,6327.35986328125,6328.06005859375,6105272
2025-07-23 15:10:00+00:00,6327.33984375,6327.81982421875,6327.080078125,6327.39013671875,6098874
2025-07-23 15:11:00+00:00,6327.5400390625,6327.93994140625,6327.1298828125,6327.47021484375,5448425
2025-07-23 15:12:00+00:00,6326.31982421875,6327.83984375,6326.31982421875,6327.60009765625,7802633
2025-07-23 15:13:00+00:00,6325.52978515625,6326.5,6325.52978515625,6326.419921875,5833908
2025-07-23 15:14:00+00:00,6325.52001953125,6325.6201171875,6325.2900390625,6325.52001953125,610239
2025-07-23 15:15:00+00:00,6325.93017578125,6326.31982421875,6325.93017578125,6326.06982421875,10841555
2025-07-23 15:16:00+00:00,6326.27001953125,6326.47998046875,6325.64990234375,6325.97021484375,6298349
2025-07-23 15:17:00+00:00,6324.3701171875,6326.18017578125,6324.3701171875,6326.14013671875,6596357
2025-07-23 15:18:00+00:00,6324.56982421875,6325.009765625,6324.10986328125,6324.43994140625,5929128
2025-07-23 15:19:00+00:00,6325.52978515625,6325.52978515625,6324.240234375,6324.60009765625,5328599
2025-07-23 15:20:00+00:00,6327.1201171875,6327.1201171875,6324.81982421875,6325.4501953125,5439443
2025-07-23 15:21:00+00:00,6327.330078125,6327.91015625,6327.0400390625,6327.06982421875,7271680
2025-07-23 15:22:00+00:00,6327.169921875,6327.60986328125,6326.7900390625,6327.33984375,5455000
2025-07-23 15:23:00+00:00,6328.2001953125,6328.27001953125,6327.10986328125,6327.10986328125,5533000
2025-07-23 15:24:00+00:00,6327.72998046875,6328.240234375,6327.509765625,6328.22021484375,5329000
2025-07-23 15:25:00+00:00,6328.16015625,6328.16015625,6327.419921875,6327.60009765625,6164000
2025-07-23 15:26:00+00:00,6327.7998046875,6328.259765625,6327.64990234375,6328.2099609375,5843000
2025-07-23 15:27:00+00:00,6328.4501953125,6328.7001953125,6327.68994140625,6327.72021484375,4837000
2025-07-23 15:28:00+00:00,6328.580078125,6328.83984375,6328.35009765625,6328.39990234375,5132000
2025-07-23 15:29:00+00:00,6328.52978515625,6328.66015625,6328.2900390625,6328.580078125,4833000
2025-07-23 15:30:00+00:00,6329.27001953125,6329.52978515625,6328.56005859375,6328.56005859375,7364000
2025-07-23 15:31:00+00:00,6328.9599609375,6329.97998046875,6328.9599609375,6329.22021484375,5911000
2025-07-23 15:32:00+00:00,6328.75,6329.2998046875,6328.35009765625,6328.97998046875,5639000
2025-07-23 15:33:00+00:00,6329.240234375,6329.39990234375,6328.43994140625,6328.75,5263000
2025-07-23 15:34:00+00:00,6328.3798828125,6329.43994140625,6328.080078125,6329.2001953125,5500000
2025-07-23 15:35:00+00:00,6328.47998046875,6328.64990234375,6328.10009765625,6328.31005859375,6599000
2025-07-23 15:36:00+00:00,6328.83984375,6329.14013671875,6328.2900390625,6328.47998046875,5126000
2025-07-23 15:37:00+00:00,6326.740234375,6328.7900390625,6326.7099609375,6328.759765625,4804000
2025-07-23 15:38:00+00:00,6326.77978515625,6326.81005859375,6326.43017578125,6326.740234375,5375000
2025-07-23 15:39:00+00:00,6326.93017578125,6326.93017578125,6325.4599609375,6326.77001953125,6370000
2025-07-23 15:40:00+00:00,6327.08984375,6327.47998046875,6326.6298828125,6327.02978515625,4995000
2025-07-23 15:41:00+00:00,6326.81005859375,6327.06982421875,6326.3701171875,6327.06982421875,5419000
2025-07-23 15:42:00+00:00,6326.3701171875,6326.77001953125,6325.52978515625,6326.77001953125,5035000
2025-07-23 15:43:00+00:00,6326.22021484375,6326.7099609375,6326.06005859375,6326.3798828125,4716000
2025-07-23 15:44:00+00:00,6327.10986328125,6327.10986328125,6325.919921875,6326.06982421875,4913000
2025-07-23 15:45:00+00:00,6327.669921875,6327.81005859375,6326.60986328125,6327.06982421875,5121000
2025-07-23 15:46:00+00:00,6327.6298828125,6327.7900390625,6327.259765625,6327.7099609375,4818000
2025-07-23 15:47:00+00:00,6329.27978515625,6329.27978515625,6327.60009765625,6327.6298828125,4473000
2025-07-23 15:48:00+00:00,6329.93994140625,6330.10986328125,6329.16015625,6329.2900390625,4714000
2025-07-23 15:49:00+00:00,6329.7099609375,6329.919921875,6329.18017578125,6329.8798828125,4315000
2025-07-23 15:50:00+00:00,6329.56005859375,6329.93017578125,6329.2998046875,6329.72021484375,6066000
2025-07-23 15:51:00+00:00,6330.740234375,6330.919921875,6329.52978515625,6329.56005859375,4598000
2025-07-23 15:52:00+00:00,6331.43017578125,6331.68017578125,6330.5400390625,6330.68017578125,4456000
2025-07-23 15:53:00+00:00,6331.10986328125,6331.77978515625,6331.10986328125,6331.419921875,5602000
2025-07-23 15:54:00+00:00,6338.16015625,6343.8701171875,6331.10986328125,6331.14013671875,14214000
2025-07-23 15:55:00+00:00,6340.85986328125,6340.85986328125,6336.35009765625,6338.33984375,10048000
2025-07-23 15:56:00+00:00,6345.509765625,6347.08984375,6341.02978515625,6341.02978515625,10034000
2025-07-23 15:57:00+00:00,6342.97998046875,6346.3701171875,6342.89990234375,6345.35009765625,8079000
2025-07-23 15:58:00+00:00,6342.259765625,6343.080078125,6340.009765625,6343.06982421875,6732000
2025-07-23 15:59:00+00:00,6341.490234375,6342.740234375,6341.10986328125,6342.31005859375,7377000
2025-07-23 16:00:00+00:00,6340.2900390625,6342.41015625,6338.8798828125,6341.3798828125,6812000
2025-07-23 16:01:00+00:00,6340.8701171875,6341.33984375,6339.68994140625,6340.33984375,5468000
2025-07-23 16:02:00+00:00,6342.60009765625,6343.18994140625,6341.06982421875,6341.06982421875,5973000
2025-07-23 16:03:00+00:00,6344.5,6344.89013671875,6342.22021484375,6342.58984375,5578000
2025-07-23 16:04:00+00:00,6345.64013671875,6345.830078125,6344.0,6344.58984375,6056000
2025-07-23 16:06:00+00:00,6345.1201171875,6345.4501953125,6343.68017578125,6344.580078125,12249000
2025-07-23 16:07:00+00:00,6345.58984375,6346.330078125,6345.16015625,6345.16015625,6264000
2025-07-23 16:08:00+00:00,6345.47021484375,6346.02001953125,6344.669921875,6345.56005859375,6329000
2025-07-23 16:09:00+00:00,6344.0400390625,6345.52001953125,6343.169921875,6345.43994140625,6439000
2025-07-23 16:10:00+00:00,6340.8798828125,6344.2900390625,6340.8798828125,6344.06005859375,5761000
2025-07-23 16:11:00+00:00,6339.75,6340.47021484375,6338.91015625,6340.43994140625,5776000
2025-07-23 16:12:00+00:00,6340.91015625,6341.3798828125,6339.72021484375,6339.83984375,4595000
2025-07-23 16:13:00+00:00,6340.830078125,6341.0,6339.7099609375,6340.97998046875,7348000
2025-07-23 16:14:00+00:00,6339.64990234375,6341.080078125,6339.64990234375,6340.759765625,6209000
2025-07-23 16:15:00+00:00,6341.35986328125,6341.39013671875,6339.68017578125,6339.68017578125,4862000
2025-07-23 16:16:00+00:00,6340.7900390625,6341.72998046875,6340.5400390625,6341.419921875,4950000
2025-07-23 16:17:00+00:00,6339.06982421875,6340.85009765625,6338.81005859375,6340.830078125,5838000
2025-07-23 16:18:00+00:00,6340.0,6340.0,6337.259765625,6338.89990234375,5019000
2025-07-23 16:19:00+00:00,6340.8701171875,6340.97021484375,6339.66015625,6340.0400390625,4199000
2025-07-23 16:20:00+00:00,6340.47021484375,6341.18994140625,6340.080078125,6340.81982421875,8541000
2025-07-23 16:21:00+00:00,6338.6201171875,6340.56005859375,6338.58984375,6340.5400390625,4785000
2025-07-23 16:22:00+00:00,6335.509765625,6338.509765625,6334.8701171875,6338.4501953125,6432000
2025-07-23 16:23:00+00:00,6335.72021484375,6335.72021484375,6334.759765625,6335.3701171875,4264000
2025-07-23 16:24:00+00:00,6337.169921875,6337.6201171875,6335.509765625,6335.72998046875,4728000
2025-07-23 16:25:00+00:00,6335.85009765625,6337.27001953125,6335.58984375,6337.16015625,4968000
2025-07-23 16:26:00+00:00,6337.759765625,6338.2099609375,6335.56005859375,6335.759765625,3689000
2025-07-23 16:27:00+00:00,6338.2099609375,6338.4599609375,6337.47021484375,6337.77001953125,4712000
2025-07-23 16:28:00+00:00,6336.77978515625,6338.0400390625,6336.77978515625,6338.009765625,4211000
2025-07-23 16:29:00+00:00,6337.22021484375,6337.3701171875,6336.080078125,6336.7099609375,4669000
2025-07-23 16:30:00+00:00,6335.85009765625,6337.240234375,6335.60009765625,6337.240234375,6145000
2025-07-23 16:31:00+00:00,6336.0498046875,6336.41015625,6335.60009765625,6335.93994140625,3936000
2025-07-23 16:32:00+00:00,6336.18017578125,6336.419921875,6335.8701171875,6336.10009765625,4113000
2025-07-23 16:33:00+00:00,6335.9599609375,6336.39990234375,6335.4501953125,6336.18994140625,4777000
2025-07-23 16:34:00+00:00,6334.5498046875,6335.919921875,6334.5498046875,6335.89013671875,4786000
2025-07-23 16:35:00+00:00,6335.43017578125,6335.60009765625,6334.60986328125,6334.6298828125,3814000
2025-07-23 16:36:00+00:00,6337.33984375,6337.33984375,6335.5,6335.5,4861000
2025-07-23 16:37:00+00:00,6337.27978515625,6337.7900390625,6337.14013671875,6337.33984375,3597000
2025-07-23 16:38:00+00:00,6336.5498046875,6337.2900390625,6335.85986328125,6337.27978515625,3911000
2025-07-23 16:39:00+00:00,6337.39990234375,6337.66015625,6336.5400390625,6336.5498046875,3536000
2025-07-23 16:40:00+00:00,6336.7001953125,6337.81982421875,6336.31982421875,6337.47998046875,4653000
2025-07-23 16:41:00+00:00,6337.7998046875,6337.8798828125,6336.77001953125,6336.77001953125,3605000
2025-07-23 16:42:00+00:00,6338.64990234375,6338.8701171875,6337.7900390625,6337.81005859375,3372000
2025-07-23 16:43:00+00:00,6339.35009765625,6339.7998046875,6338.81005859375,6338.81005859375,6498000
2025-07-23 16:44:00+00:00,6339.93994140625,6339.93994140625,6339.259765625,6339.3798828125,3928000
2025-07-23 16:45:00+00:00,6339.18017578125,6339.93017578125,6339.18017578125,6339.8798828125,3841000
2025-07-23 16:46:00+00:00,6339.93017578125,6339.93017578125,6339.18017578125,6339.27001953125,3617000
2025-07-23 16:47:00+00:00,6340.77978515625,6340.91015625,6339.81982421875,6339.85009765625,4395000
2025-07-23 16:48:00+00:00,6339.22021484375,6341.16015625,6339.22021484375,6340.77978515625,5096000
2025-07-23 16:49:00+00:00,6339.080078125,6339.52001953125,6338.33984375,6339.22998046875,4076000
2025-07-23 16:50:00+00:00,6339.64013671875,6339.7900390625,6339.06982421875,6339.06982421875,3640000
2025-07-23 16:51:00+00:00,6339.58984375,6340.08984375,6339.25,6339.60009765625,3627000
2025-07-23 16:52:00+00:00,6339.509765625,6339.72998046875,6339.02978515625,6339.5498046875,4522000
2025-07-23 16:53:00+00:00,6339.5400390625,6339.72998046875,6338.83984375,6339.490234375,4007000
2025-07-23 16:54:00+00:00,6338.22998046875,6339.97998046875,6338.22998046875,6339.5498046875,4298000
2025-07-23 16:55:00+00:00,6338.64013671875,6338.669921875,6338.14990234375,6338.22998046875,3682000
2025-07-23 16:56:00+00:00,6339.4599609375,6339.72021484375,6338.41015625,6338.41015625,4786000
2025-07-23 16:57:00+00:00,6339.68017578125,6340.35986328125,6339.5498046875,6339.5498046875,5005000
2025-07-23 16:58:00+00:00,6338.669921875,6339.6298828125,6338.39990234375,6339.6201171875,3900000
2025-07-23 16:59:00+00:00,6339.0400390625,6339.2900390625,6338.490234375,6338.72021484375,4644000
2025-07-23 17:00:00+00:00,6338.7001953125,6339.52001953125,6338.7001953125,6339.06005859375,4086000
2025-07-23 17:01:00+00:00,6338.85009765625,6339.259765625,6338.6298828125,6338.72021484375,3658000
2025-07-23 17:02:00+00:00,6340.1201171875,6340.419921875,6338.8798828125,6338.8798828125,5616000
2025-07-23 17:03:00+00:00,6342.009765625,6342.009765625,6340.10009765625,6340.10986328125,4314000
2025-07-23 17:04:00+00:00,6342.0400390625,6342.18994140625,6341.75,6342.08984375,3839000
2025-07-23 17:05:00+00:00,6341.83984375,6342.27001953125,6341.7998046875,6342.0,4961000
2025-07-23 17:06:00+00:00,6341.1298828125,6341.85986328125,6340.93994140625,6341.85986328125,3808000
2025-07-23 17:07:00+00:00,6341.56005859375,6341.81005859375,6340.89990234375,6341.080078125,3537000
2025-07-23 17:08:00+00:00,6340.97998046875,6341.60986328125,6340.72021484375,6341.56005859375,5004000
2025-07-23 17:09:00+00:00,6340.740234375,6341.14990234375,6340.3701171875,6340.990234375,4445000
2025-07-23 17:10:00+00:00,6340.10986328125,6341.39013671875,6339.7001953125,6340.66015625,5909000
2025-07-23 17:11:00+00:00,6339.259765625,6340.22998046875,6339.02978515625,6340.009765625,5334000
2025-07-23 17:12:00+00:00,6338.47021484375,6339.7001953125,6337.85986328125,6339.22998046875,4655000
2025-07-23 17:13:00+00:00,6337.56982421875,6338.43017578125,6337.240234375,6338.41015625,5435000
2025-07-23 17:14:00+00:00,6337.52978515625,6337.9501953125,6337.35009765625,6337.56005859375,4423000
2025-07-23 17:15:00+00:00,6337.330078125,6337.580078125,6336.35009765625,6337.5498046875,5717000
2025-07-23 17:16:00+00:00,6337.6298828125,6338.14013671875,6337.25,6337.25,4388000
2025-07-23 17:17:00+00:00,6338.259765625,6338.31005859375,6337.39013671875,6337.66015625,4097000
2025-07-23 17:18:00+00:00,6338.4501953125,6339.47998046875,6338.22021484375,6338.27978515625,5356000
2025-07-23 17:19:00+00:00,6338.31005859375,6338.7900390625,6338.25,6338.47998046875,3808000
2025-07-23 17:20:00+00:00,6338.47998046875,6338.5400390625,6338.1201171875,6338.31005859375,3971000
2025-07-23 17:21:00+00:00,6339.77001953125,6340.25,6338.259765625,6338.5498046875,5142000
2025-07-23 17:23:00+00:00,6340.990234375,6341.31982421875,6340.81005859375,6340.83984375,8644000
2025-07-23 17:24:00+00:00,6341.81005859375,6341.81005859375,6340.89013671875,6340.9599609375,4876000
2025-07-23 17:25:00+00:00,6341.509765625,6341.93017578125,6340.990234375,6341.77001953125,4659000
2025-07-23 17:26:00+00:00,6340.509765625,6341.7099609375,6340.509765625,6341.47021484375,5124000
2025-07-23 17:27:00+00:00,6341.10009765625,6341.56982421875,6340.56005859375,6340.56005859375,4107000
2025-07-23 17:28:00+00:00,6342.18994140625,6342.3701171875,6340.97021484375,6341.1201171875,5106000
2025-07-23 17:29:00+00:00,6341.6201171875,6342.2099609375,6341.3798828125,6342.14990234375,3907000
2025-07-23 17:30:00+00:00,6342.06005859375,6342.06005859375,6341.22998046875,6341.6201171875,4559000
2025-07-23 17:31:00+00:00,6342.259765625,6342.669921875,6341.7998046875,6342.06005859375,4037000
2025-07-23 17:32:00+00:00,6341.91015625,6342.93017578125,6341.91015625,6342.27978515625,6234000
2025-07-23 17:33:00+00:00,6342.72021484375,6342.72021484375,6341.81005859375,6341.91015625,4222000
2025-07-23 17:34:00+00:00,6343.0,6343.18994140625,6342.580078125,6342.66015625,4155000
2025-07-23 17:35:00+00:00,6342.97998046875,6343.47998046875,6342.85986328125,6343.080078125,3821000
2025-07-23 17:36:00+00:00,6342.64990234375,6342.9501953125,6342.39013671875,6342.93017578125,4537000
2025-07-23 17:37:00+00:00,6343.259765625,6343.35009765625,6342.58984375,6342.6298828125,4028000
2025-07-23 17:38:00+00:00,6343.77001953125,6343.89990234375,6343.22998046875,6343.2998046875,5092000
2025-07-23 17:39:00+00:00,6344.18994140625,6344.18994140625,6343.580078125,6343.740234375,4526000
2025-07-23 17:40:00+00:00,6344.22998046875,6344.27978515625,6343.81005859375,6344.18994140625,3952000
2025-07-23 17:41:00+00:00,6343.9501953125,6344.25,6343.8701171875,6344.25,4394000
2025-07-23 17:42:00+00:00,6344.60009765625,6344.60986328125,6343.759765625,6344.06005859375,3504000
2025-07-23 17:43:00+00:00,6346.81982421875,6346.81982421875,6344.7099609375,6344.7099609375,6294000
2025-07-23 17:44:00+00:00,6347.72021484375,6347.77978515625,6346.7998046875,6346.7998046875,4313000
2025-07-23 17:45:00+00:00,6347.56982421875,6347.93017578125,6347.43994140625,6347.75,4156000
2025-07-23 17:46:00+00:00,6348.56982421875,6348.8701171875,6347.52978515625,6347.60986328125,4728000
2025-07-23 17:47:00+00:00,6348.22021484375,6348.7001953125,6348.22021484375,6348.6201171875,4270000
2025-07-23 17:48:00+00:00,6347.16015625,6348.240234375,6346.89990234375,6348.22998046875,4453000
2025-07-23 17:49:00+00:00,6348.27978515625,6348.27978515625,6347.22021484375,6347.22021484375,4037000
2025-07-23 17:50:00+00:00,6343.759765625,6349.31982421875,6343.759765625,6348.31005859375,7472000
2025-07-23 17:51:00+00:00,6340.68017578125,6344.83984375,6339.14013671875,6344.52978515625,11129000
2025-07-23 17:52:00+00:00,6344.27001953125,6344.27001953125,6339.64013671875,6340.64990234375,6046000
2025-07-23 17:53:00+00:00,6344.56982421875,6344.68017578125,6344.14013671875,6344.16015625,4716000
2025-07-23 17:54:00+00:00,6345.60009765625,6345.77001953125,6344.41015625,6344.6298828125,4728000
2025-07-23 17:55:00+00:00,6345.8701171875,6346.56005859375,6345.47998046875,6345.60986328125,4401000
2025-07-23 17:56:00+00:00,6346.60986328125,6346.75,6345.5,6345.89013671875,4115000
2025-07-23 17:57:00+00:00,6346.56982421875,6347.31005859375,6346.47021484375,6346.6298828125,4603000
2025-07-23 17:58:00+00:00,6345.89990234375,6346.5400390625,6345.89990234375,6346.5400390625,4054000
2025-07-23 17:59:00+00:00,6345.509765625,6346.169921875,6345.43017578125,6345.93994140625,5534000
2025-07-23 18:00:00+00:00,6347.0498046875,6347.33984375,6345.47998046875,6345.47998046875,4531000
2025-07-23 18:01:00+00:00,6347.2099609375,6348.02978515625,6346.759765625,6346.9599609375,6822000
2025-07-23 18:02:00+00:00,6347.93017578125,6348.0400390625,6347.02001953125,6347.16015625,5341000
2025-07-23 18:03:00+00:00,6348.60009765625,6348.72998046875,6347.5,6347.9599609375,5486000
2025-07-23 18:04:00+00:00,6348.85986328125,6349.08984375,6348.580078125,6348.580078125,4625000
2025-07-23 18:05:00+00:00,6349.10009765625,6349.1201171875,6348.5498046875,6348.81005859375,4491000
2025-07-23 18:06:00+00:00,6348.7998046875,6349.419921875,6348.7998046875,6349.169921875,5420000
2025-07-23 18:07:00+00:00,6349.60986328125,6349.85009765625,6348.56005859375,6348.75,4812000
2025-07-23 18:08:00+00:00,6349.72998046875,6349.81005859375,6349.31005859375,6349.64013671875,4201000
2025-07-23 18:09:00+00:00,6350.27978515625,6350.27978515625,6349.5400390625,6349.81005859375,4437000
2025-07-23 18:10:00+00:00,6350.740234375,6350.81005859375,6350.08984375,6350.259765625,4936000
2025-07-23 18:11:00+00:00,6352.35986328125,6352.72998046875,6350.93017578125,6350.93017578125,6793000
2025-07-23 18:12:00+00:00,6351.2099609375,6352.490234375,6351.169921875,6352.31005859375,4677000
2025-07-23 18:13:00+00:00,6351.52978515625,6351.6298828125,6351.06982421875,6351.22998046875,4398000
2025-07-23 18:14:00+00:00,6353.10986328125,6353.10986328125,6351.39013671875,6351.5498046875,6065000
2025-07-23 18:15:00+00:00,6352.740234375,6353.740234375,6352.7099609375,6353.27001953125,4862000
2025-07-23 18:16:00+00:00,6353.2998046875,6353.5498046875,6352.740234375,6352.740234375,4491000
2025-07-23 18:17:00+00:00,6353.3798828125,6353.64990234375,6353.02978515625,6353.2900390625,5312000
2025-07-23 18:18:00+00:00,6352.759765625,6352.8701171875,6352.759765625,6352.83984375,5766000
2025-07-23 18:19:00+00:00,6352.14990234375,6352.669921875,6352.0400390625,6352.6298828125,5345000
2025-07-23 18:20:00+00:00,6352.7900390625,6352.93017578125,6352.10986328125,6352.18994140625,4831000
2025-07-23 18:21:00+00:00,6353.2998046875,6353.5400390625,6352.830078125,6352.830078125,5263000
2025-07-23 18:22:00+00:00,6354.22998046875,6354.35009765625,6352.7001953125,6353.27001953125,6055000
2025-07-23 18:23:00+00:00,6354.2998046875,6355.02001953125,6354.27001953125,6354.27978515625,5242000
2025-07-23 18:24:00+00:00,6354.6298828125,6354.89990234375,6353.77978515625,6354.2900390625,4791000
2025-07-23 18:25:00+00:00,6356.740234375,6356.85986328125,6354.56982421875,6354.66015625,7814000
2025-07-23 18:26:00+00:00,6355.4599609375,6356.83984375,6355.33984375,6356.740234375,6316000
2025-07-23 18:27:00+00:00,6354.8701171875,6355.56982421875,6354.3798828125,6355.56005859375,6032000
2025-07-23 18:28:00+00:00,6354.43994140625,6355.18994140625,6354.22998046875,6354.7900390625,4702000
2025-07-23 18:29:00+00:00,6353.22021484375,6354.43994140625,6353.1201171875,6354.3798828125,5234000
2025-07-23 18:30:00+00:00,6351.990234375,6353.31005859375,6351.990234375,6353.18017578125,6206000
2025-07-23 18:31:00+00:00,6352.580078125,6352.919921875,6352.06005859375,6352.06005859375,5225000
2025-07-23 18:32:00+00:00,6352.919921875,6353.669921875,6352.35009765625,6352.72998046875,5358000
2025-07-23 18:33:00+00:00,6352.41015625,6353.64990234375,6352.41015625,6352.97021484375,7052000
2025-07-23 18:34:00+00:00,6352.68994140625,6352.7001953125,6352.2900390625,6352.47021484375,3924000
2025-07-23 18:35:00+00:00,6352.64990234375,6352.990234375,6352.2998046875,6352.75,4691000
2025-07-23 18:36:00+00:00,6353.56005859375,6353.56005859375,6352.6201171875,6352.6201171875,4796000
2025-07-23 18:37:00+00:00,6352.919921875,6353.60009765625,6352.919921875,6353.58984375,4577000
2025-07-23 18:38:00+00:00,6353.35986328125,6353.89013671875,6352.97998046875,6352.97998046875,5810000
2025-07-23 18:39:00+00:00,6353.52978515625,6353.72998046875,6353.169921875,6353.2900390625,4807000
2025-07-23 18:40:00+00:00,6354.10986328125,6354.2001953125,6353.18994140625,6353.4599609375,5051000
2025-07-23 18:41:00+00:00,6354.0498046875,6354.2001953125,6353.6298828125,6354.08984375,4551000
2025-07-23 18:42:00+00:00,6354.58984375,6354.7998046875,6354.06005859375,6354.06005859375,4230000
2025-07-23 18:43:00+00:00,6354.06005859375,6354.68017578125,6353.9501953125,6354.5400390625,5034000
2025-07-23 18:44:00+00:00,6354.52978515625,6355.06005859375,6353.759765625,6354.02001953125,7188000
2025-07-23 18:45:00+00:00,6354.06005859375,6354.68994140625,6353.3798828125,6354.52978515625,4560000
2025-07-23 18:46:00+00:00,6354.509765625,6354.509765625,6354.1298828125,6354.1298828125,3953000
2025-07-23 18:47:00+00:00,6354.6298828125,6355.06005859375,6354.41015625,6354.5498046875,4289000
2025-07-23 18:48:00+00:00,6354.8701171875,6355.10009765625,6354.52978515625,6354.60009765625,4132000
2025-07-23 18:49:00+00:00,6354.93017578125,6355.10986328125,6354.7998046875,6354.89013671875,5178000
2025-07-23 18:50:00+00:00,6354.77001953125,6355.1201171875,6354.39013671875,6354.93994140625,5264000
2025-07-23 18:51:00+00:00,6353.740234375,6354.97998046875,6353.740234375,6354.8798828125,5172000
2025-07-23 18:52:00+00:00,6354.169921875,6354.22998046875,6353.52978515625,6353.68994140625,4452000
2025-07-23 18:53:00+00:00,6354.4599609375,6354.47021484375,6354.18017578125,6354.18994140625,4376000
2025-07-23 18:54:00+00:00,6354.2099609375,6354.52978515625,6354.1298828125,6354.490234375,4174000
2025-07-23 18:55:00+00:00,6353.3701171875,6354.25,6353.22021484375,6354.22998046875,5115000
2025-07-23 18:56:00+00:00,6353.259765625,6354.06005859375,6353.259765625,6353.3798828125,5720000
2025-07-23 18:57:00+00:00,6353.56005859375,6353.64013671875,6353.22021484375,6353.31005859375,4317000
2025-07-23 18:58:00+00:00,6353.2998046875,6353.60009765625,6353.02001953125,6353.60009765625,5832000
2025-07-23 18:59:00+00:00,6353.10009765625,6353.60009765625,6353.0498046875,6353.27001953125,5682000
2025-07-23 19:00:00+00:00,6353.25,6353.52978515625,6352.8798828125,6353.10009765625,5528000
2025-07-23 19:01:00+00:00,6353.25,6353.4501953125,6352.93994140625,6353.259765625,4792000
2025-07-23 19:02:00+00:00,6353.580078125,6353.72021484375,6353.22998046875,6353.22998046875,4672000
2025-07-23 19:03:00+00:00,6353.25,6353.7998046875,6353.169921875,6353.56982421875,5143000
2025-07-23 19:04:00+00:00,6352.5498046875,6353.47998046875,6352.5498046875,6353.2900390625,5266000
2025-07-23 19:05:00+00:00,6352.3701171875,6352.759765625,6352.009765625,6352.43994140625,4663000
2025-07-23 19:06:00+00:00,6352.18994140625,6352.68017578125,6352.14013671875,6352.2900390625,4698000
2025-07-23 19:07:00+00:00,6352.08984375,6352.3701171875,6352.02001953125,6352.22021484375,4818000
2025-07-23 19:08:00+00:00,6352.2001953125,6352.35986328125,6350.830078125,6352.080078125,5997000
2025-07-23 19:09:00+00:00,6352.8701171875,6353.14013671875,6352.02001953125,6352.18017578125,4555000
2025-07-23 19:10:00+00:00,6352.759765625,6353.56982421875,6352.68017578125,6352.8701171875,6422000
2025-07-23 19:11:00+00:00,6353.58984375,6353.7900390625,6352.5400390625,6352.68994140625,6293000
2025-07-23 19:12:00+00:00,6353.83984375,6353.990234375,6353.5400390625,6353.6201171875,4928000
2025-07-23 19:13:00+00:00,6352.919921875,6354.080078125,6352.89990234375,6353.7900390625,5121000
2025-07-23 19:14:00+00:00,6352.2900390625,6353.02001953125,6352.2900390625,6353.009765625,5791000
2025-07-23 19:15:00+00:00,6352.259765625,6352.3701171875,6351.93994140625,6352.31005859375,5205000
2025-07-23 19:16:00+00:00,6351.85009765625,6352.31005859375,6351.60009765625,6352.31005859375,6475000
2025-07-23 19:17:00+00:00,6351.60009765625,6351.91015625,6351.5,6351.81982421875,4702000
2025-07-23 19:18:00+00:00,6352.7998046875,6352.93994140625,6351.5498046875,6351.5498046875,5843000
2025-07-23 19:19:00+00:00,6352.5400390625,6352.91015625,6352.41015625,6352.77978515625,5998000
2025-07-23 19:20:00+00:00,6353.08984375,6353.08984375,6352.52978515625,6352.56982421875,5657000
2025-07-23 19:21:00+00:00,6353.27001953125,6353.5498046875,6353.0400390625,6353.16015625,6324000
2025-07-23 19:22:00+00:00,6353.06982421875,6353.27001953125,6352.7099609375,6353.25,5689000
2025-07-23 19:23:00+00:00,6352.60009765625,6353.27001953125,6352.56982421875,6353.08984375,6158000
2025-07-23 19:24:00+00:00,6353.0,6353.18017578125,6352.66015625,6352.66015625,6098000
2025-07-23 19:25:00+00:00,6353.33984375,6353.5498046875,6352.97021484375,6353.0498046875,5510000
2025-07-23 19:26:00+00:00,6352.81005859375,6353.39990234375,6352.64990234375,6353.33984375,6340000
2025-07-23 19:27:00+00:00,6353.16015625,6353.2001953125,6352.4599609375,6352.7998046875,7120000
2025-07-23 19:28:00+00:00,6354.0498046875,6354.169921875,6353.169921875,6353.169921875,6080000
2025-07-23 19:29:00+00:00,6353.990234375,6354.18017578125,6353.8701171875,6354.0498046875,6443000
2025-07-23 19:30:00+00:00,6353.080078125,6354.02978515625,6352.85986328125,6354.02978515625,7568000
2025-07-23 19:31:00+00:00,6353.10009765625,6353.27978515625,6352.83984375,6353.14013671875,7329000
2025-07-23 19:32:00+00:00,6352.60986328125,6353.0400390625,6352.35009765625,6353.02978515625,7691000
2025-07-23 19:33:00+00:00,6352.35986328125,6352.64013671875,6352.35986328125,6352.64013671875,7351000
2025-07-23 19:34:00+00:00,6352.31982421875,6352.66015625,6351.85986328125,6352.31005859375,7692000
2025-07-23 19:35:00+00:00,6351.97998046875,6352.27978515625,6351.85009765625,6352.27001953125,6977000
2025-07-23 19:36:00+00:00,6351.47998046875,6352.02978515625,6351.169921875,6352.0,7983000
2025-07-23 19:37:00+00:00,6351.4501953125,6351.72998046875,6351.22021484375,6351.490234375,6837000
2025-07-23 19:38:00+00:00,6352.47021484375,6352.5,6351.330078125,6351.4599609375,7935000
2025-07-23 19:39:00+00:00,6352.240234375,6352.5,6352.1201171875,6352.43994140625,7354000
2025-07-23 19:40:00+00:00,6352.0400390625,6352.31005859375,6351.72021484375,6352.27978515625,8246000
2025-07-23 19:41:00+00:00,6351.4599609375,6352.27001953125,6351.35009765625,6352.08984375,8312000
2025-07-23 19:42:00+00:00,6350.47998046875,6351.47021484375,6350.3798828125,6351.47021484375,7667000
2025-07-23 19:43:00+00:00,6351.5,6351.5400390625,6350.47998046875,6350.490234375,9154000
2025-07-23 19:44:00+00:00,6350.52978515625,6351.58984375,6350.31982421875,6351.58984375,8459000
2025-07-23 19:45:00+00:00,6350.97998046875,6351.0400390625,6350.2900390625,6350.4599609375,9496000
2025-07-23 19:46:00+00:00,6352.7900390625,6352.7900390625,6350.7900390625,6350.97021484375,9657000
2025-07-23 19:47:00+00:00,6353.2998046875,6353.5,6352.60986328125,6352.919921875,10522000
2025-07-23 19:48:00+00:00,6351.9599609375,6353.2099609375,6351.9599609375,6353.2099609375,10689000
2025-07-23 19:49:00+00:00,6352.83984375,6353.39990234375,6351.93994140625,6352.0,11898000
2025-07-23 19:50:00+00:00,6353.41015625,6354.10009765625,6351.47998046875,6352.81982421875,17845000
2025-07-23 19:51:00+00:00,6354.9501953125,6355.39013671875,6353.6201171875,6353.6201171875,15161000
2025-07-23 19:52:00+00:00,6356.5400390625,6356.5400390625,6353.68017578125,6354.9501953125,16670000
2025-07-23 19:53:00+00:00,6356.72998046875,6357.1201171875,6355.91015625,6356.60009765625,15807000
2025-07-23 19:54:00+00:00,6354.919921875,6357.77978515625,6354.7900390625,6356.72021484375,20273000
2025-07-23 19:55:00+00:00,6355.6201171875,6356.39990234375,6354.0,6354.830078125,29192000
2025-07-23 19:56:00+00:00,6355.830078125,6357.06005859375,6355.47998046875,6355.56982421875,28207000
2025-07-23 19:57:00+00:00,6356.6201171875,6356.72998046875,6355.72998046875,6355.97021484375,29177000
2025-07-23 19:58:00+00:00,6355.6298828125,6356.52978515625,6355.22021484375,6356.52978515625,40732000
2025-07-23 19:59:00+00:00,6359.91015625,6359.91015625,6355.259765625,6355.47998046875,77233000
2025-07-24 13:30:00+00:00,6370.89990234375,6371.89990234375,6365.39990234375,6368.60009765625,0
2025-07-24 13:31:00+00:00,6363.91015625,6370.83984375,6362.85009765625,6370.83984375,22362382
2025-07-24 13:32:00+00:00,6365.43017578125,6365.60009765625,6362.669921875,6364.0400390625,20462552
2025-07-24 13:33:00+00:00,6365.31005859375,6365.7099609375,6363.81005859375,6365.02001953125,16539314
2025-07-24 13:34:00+00:00,6368.7900390625,6368.93017578125,6365.1298828125,6365.31005859375,17809186
2025-07-24 13:35:00+00:00,6365.169921875,6369.22021484375,6365.14013671875,6368.259765625,17275100
2025-07-24 13:36:00+00:00,6363.7099609375,6364.93994140625,6362.990234375,6364.77978515625,14191640
2025-07-24 13:37:00+00:00,6364.33984375,6365.16015625,6363.4501953125,6363.669921875,13029293
2025-07-24 13:38:00+00:00,6363.75,6365.0498046875,6362.35986328125,6364.419921875,13677264
2025-07-24 13:39:00+00:00,6363.259765625,6364.990234375,6362.85986328125,6363.60009765625,12163632
2025-07-24 13:40:00+00:00,6360.7900390625,6363.52001953125,6360.56982421875,6363.35986328125,12551293
2025-07-24 13:41:00+00:00,6364.18994140625,6364.3701171875,6360.7001953125,6360.7099609375,11631492
2025-07-24 13:42:00+00:00,6363.990234375,6364.830078125,6362.77001953125,6364.27978515625,11582204
2025-07-24 13:43:00+00:00,6366.81005859375,6366.81005859375,6364.080078125,6364.080078125,11017671
2025-07-24 13:44:00+00:00,6367.1201171875,6367.1201171875,6365.7900390625,6366.7900390625,9962691
2025-07-24 13:45:00+00:00,6368.81982421875,6369.56005859375,6366.31005859375,6367.14990234375,11762029
2025-07-24 13:46:00+00:00,6369.77001953125,6370.7099609375,6368.81005859375,6368.81005859375,12626582
2025-07-24 13:47:00+00:00,6369.31005859375,6370.0498046875,6369.31005859375,6369.7998046875,2087275
2025-07-24 13:48:00+00:00,6374.3798828125,6374.3798828125,6373.41015625,6373.41015625,18620016
2025-07-24 13:49:00+00:00,6372.81005859375,6374.60009765625,6372.81005859375,6374.2998046875,10968934
2025-07-24 13:50:00+00:00,6372.009765625,6373.419921875,6371.3798828125,6372.93994140625,10285083
2025-07-24 13:51:00+00:00,6371.85009765625,6373.18994140625,6371.6201171875,6372.08984375,11628308
2025-07-24 13:52:00+00:00,6371.68017578125,6371.990234375,6371.1298828125,6371.72021484375,9024341
2025-07-24 13:53:00+00:00,6371.85986328125,6372.77978515625,6371.85986328125,6372.77978515625,8130150
2025-07-24 13:54:00+00:00,6367.259765625,6367.27001953125,6367.259765625,6367.27001953125,15568286
2025-07-24 13:55:00+00:00,6368.77978515625,6369.14990234375,6367.3798828125,6367.3798828125,8622555
2025-07-24 13:56:00+00:00,6368.6298828125,6368.9599609375,6367.35986328125,6368.66015625,10079550
2025-07-24 13:57:00+00:00,6370.43017578125,6370.81982421875,6368.60986328125,6368.919921875,10954197
2025-07-24 13:58:00+00:00,6370.60986328125,6370.64013671875,6368.93017578125,6370.31005859375,9212174
2025-07-24 13:59:00+00:00,6372.22021484375,6372.22021484375,6370.47998046875,6370.759765625,8040852
2025-07-24 14:00:00+00:00,6370.31982421875,6372.33984375,6369.75,6372.31982421875,10545421
2025-07-24 14:01:00+00:00,6371.68994140625,6372.58984375,6369.85986328125,6370.31982421875,10945045
2025-07-24 14:02:00+00:00,6371.08984375,6371.669921875,6369.47998046875,6371.669921875,9213029
2025-07-24 14:03:00+00:00,6370.35986328125,6371.490234375,6370.35986328125,6371.10986328125,8831432
2025-07-24 14:04:00+00:00,6370.509765625,6371.5400390625,6370.1201171875,6370.240234375,10344191
2025-07-24 14:05:00+00:00,6372.52978515625,6372.52978515625,6370.60009765625,6370.60009765625,10293162
2025-07-24 14:06:00+00:00,6373.16015625,6373.759765625,6372.1298828125,6372.259765625,9872579
2025-07-24 14:07:00+00:00,6373.240234375,6373.97998046875,6372.419921875,6373.1298828125,9182589
2025-07-24 14:08:00+00:00,6373.35986328125,6373.7900390625,6372.64990234375,6373.240234375,9982401
2025-07-24 14:09:00+00:00,6368.41015625,6373.31982421875,6367.72021484375,6373.240234375,10518872
2025-07-24 14:10:00+00:00,6369.10986328125,6370.18994140625,6367.85986328125,6368.4501953125,10513839
2025-07-24 14:11:00+00:00,6369.22021484375,6369.509765625,6367.64013671875,6369.16015625,10075745
2025-07-24 14:12:00+00:00,6365.85009765625,6369.1298828125,6365.5,6369.1298828125,9957287
2025-07-24 14:13:00+00:00,6363.97998046875,6365.6298828125,6362.6201171875,6365.6298828125,9584876
2025-07-24 14:14:00+00:00,6363.52001953125,6364.2998046875,6362.759765625,6363.6298828125,10248938
2025-07-24 14:15:00+00:00,6365.33984375,6365.7900390625,6363.31005859375,6363.419921875,9440948
2025-07-24 14:16:00+00:00,6364.2099609375,6365.39990234375,6363.75,6365.31005859375,9915853
2025-07-24 14:17:00+00:00,6361.43017578125,6364.22021484375,6361.43017578125,6364.22021484375,9253857
2025-07-24 14:18:00+00:00,6365.830078125,6366.02001953125,6361.47021484375,6361.5498046875,9616561
2025-07-24 14:19:00+00:00,6366.419921875,6366.66015625,6365.60009765625,6366.02978515625,10700727
2025-07-24 14:20:00+00:00,6366.990234375,6366.990234375,6366.08984375,6366.47021484375,8229740
2025-07-24 14:21:00+00:00,6367.64013671875,6367.919921875,6367.02001953125,6367.02001953125,8960562
2025-07-24 14:22:00+00:00,6366.56982421875,6367.759765625,6366.27978515625,6367.759765625,7862378
2025-07-24 14:23:00+00:00,6367.5498046875,6367.64013671875,6366.2001953125,6366.64013671875,8334178
2025-07-24 14:24:00+00:00,6367.2099609375,6367.7099609375,6366.3798828125,6367.39990234375,9134170
2025-07-24 14:25:00+00:00,6367.85009765625,6367.990234375,6365.64013671875,6367.08984375,7627717
2025-07-24 14:26:00+00:00,6366.31005859375,6368.080078125,6366.27001953125,6367.89990234375,7198705
2025-07-24 14:27:00+00:00,6367.3701171875,6367.4501953125,6365.81005859375,6366.25,7945431
2025-07-24 14:28:00+00:00,6368.31982421875,6368.39013671875,6367.2900390625,6367.2998046875,7570985
2025-07-24 14:29:00+00:00,6368.89013671875,6369.0,6368.2900390625,6368.39013671875,7675460
2025-07-24 14:30:00+00:00,6368.89013671875,6369.009765625,6368.240234375,6369.009765625,8221496
2025-07-24 14:31:00+00:00,6368.5400390625,6369.1201171875,6368.080078125,6368.8701171875,9116965
2025-07-24 14:32:00+00:00,6368.60986328125,6368.7998046875,6368.009765625,6368.47021484375,6753832
2025-07-24 14:33:00+00:00,6369.919921875,6369.93994140625,6367.97998046875,6368.64990234375,7964395
2025-07-24 14:34:00+00:00,6369.18994140625,6370.009765625,6369.16015625,6369.9501953125,6457130
2025-07-24 14:35:00+00:00,6369.93994140625,6370.02001953125,6368.83984375,6369.240234375,7007305
2025-07-24 14:36:00+00:00,6370.27978515625,6370.64990234375,6369.75,6370.06982421875,5426700
2025-07-24 14:37:00+00:00,6372.14990234375,6372.31982421875,6371.10986328125,6371.509765625,10611093
2025-07-24 14:38:00+00:00,6371.7099609375,6372.419921875,6371.580078125,6372.16015625,8725996
2025-07-24 14:39:00+00:00,6371.6201171875,6371.81982421875,6371.18994140625,6371.75,6812627
2025-07-24 14:40:00+00:00,6371.91015625,6371.990234375,6371.169921875,6371.7001953125,6645637
2025-07-24 14:41:00+00:00,6372.77001953125,6372.83984375,6371.89013671875,6371.89013671875,7006378
2025-07-24 14:42:00+00:00,6372.60986328125,6372.89990234375,6371.68017578125,6372.740234375,7226868
2025-07-24 14:43:00+00:00,6372.7099609375,6372.8798828125,6372.3701171875,6372.6201171875,6664117
2025-07-24 14:44:00+00:00,6372.31005859375,6372.72998046875,6372.02001953125,6372.72998046875,5820919
2025-07-24 14:45:00+00:00,6372.91015625,6373.60986328125,6372.2099609375,6372.33984375,7316731
2025-07-24 14:46:00+00:00,6372.60986328125,6372.9501953125,6371.83984375,6372.93017578125,7785703
2025-07-24 14:47:00+00:00,6373.10986328125,6373.10986328125,6372.64990234375,6372.64990234375,6740669
2025-07-24 14:48:00+00:00,6373.60009765625,6374.4501953125,6373.06982421875,6373.080078125,5993590
2025-07-24 14:49:00+00:00,6374.6201171875,6374.6201171875,6373.31982421875,6373.52978515625,7012355
2025-07-24 14:50:00+00:00,6375.669921875,6376.27001953125,6374.3701171875,6374.68017578125,6961728
2025-07-24 14:51:00+00:00,6375.5400390625,6375.97998046875,6375.419921875,6375.72998046875,8234925
2025-07-24 14:52:00+00:00,6375.68994140625,6375.830078125,6375.18017578125,6375.47021484375,6292548
2025-07-24 14:53:00+00:00,6375.72998046875,6375.9599609375,6375.08984375,6375.64013671875,6184869
2025-07-24 14:54:00+00:00,6376.10009765625,6376.39013671875,6375.52978515625,6375.8701171875,8831814
2025-07-24 14:55:00+00:00,6374.9599609375,6376.14990234375,6374.8798828125,6376.14990234375,8170798
2025-07-24 14:56:00+00:00,6376.22021484375,6376.22021484375,6374.56982421875,6374.97998046875,7951478
2025-07-24 14:57:00+00:00,6376.919921875,6376.919921875,6375.81005859375,6376.18994140625,8213650
2025-07-24 14:58:00+00:00,6375.97998046875,6376.89013671875,6375.83984375,6376.89013671875,6950131
2025-07-24 14:59:00+00:00,6375.18017578125,6375.7998046875,6374.8798828125,6375.7998046875,7169446
2025-07-24 15:00:00+00:00,6377.2900390625,6377.5,6375.169921875,6375.22021484375,9429591
2025-07-24 15:01:00+00:00,6377.81005859375,6378.47998046875,6377.22998046875,6377.31982421875,7446587
2025-07-24 15:02:00+00:00,6378.68017578125,6379.0,6377.77001953125,6377.77001953125,7261650
2025-07-24 15:03:00+00:00,6378.240234375,6379.18994140625,6378.08984375,6378.68994140625,7396863
2025-07-24 15:04:00+00:00,6377.33984375,6378.41015625,6376.8701171875,6378.22998046875,7152087
2025-07-24 15:05:00+00:00,6376.43017578125,6377.35009765625,6376.43017578125,6377.31982421875,7753255
2025-07-24 15:06:00+00:00,6376.75,6377.10009765625,6376.3798828125,6376.3798828125,6650000
2025-07-24 15:07:00+00:00,6377.68994140625,6377.72021484375,6376.72998046875,6376.72998046875,6719000
2025-07-24 15:08:00+00:00,6377.169921875,6377.97021484375,6376.83984375,6377.68994140625,10266000
2025-07-24 15:09:00+00:00,6377.47998046875,6377.47998046875,6376.7998046875,6377.06982421875,6267000
2025-07-24 15:10:00+00:00,6377.4599609375,6377.93017578125,6376.85009765625,6377.52001953125,7046000
2025-07-24 15:11:00+00:00,6377.2998046875,6377.6298828125,6376.83984375,6377.41015625,6338000
2025-07-24 15:12:00+00:00,6378.02978515625,6378.10009765625,6377.169921875,6377.259765625,6651000
2025-07-24 15:13:00+00:00,6378.33984375,6378.509765625,6377.83984375,6378.080078125,6037000
2025-07-24 15:14:00+00:00,6378.77978515625,6379.25,6378.259765625,6378.39013671875,7147000
2025-07-24 15:15:00+00:00,6378.43017578125,6379.5400390625,6378.43017578125,6378.75,8069000
2025-07-24 15:16:00+00:00,6375.919921875,6378.2998046875,6375.81005859375,6378.2998046875,8198000
2025-07-24 15:17:00+00:00,6375.22021484375,6376.1298828125,6375.22021484375,6375.7900390625,6154000
2025-07-24 15:18:00+00:00,6376.02001953125,6376.2001953125,6374.8798828125,6375.1298828125,6496000
2025-07-24 15:19:00+00:00,6375.93994140625,6377.0498046875,6375.93994140625,6375.990234375,6905000
2025-07-24 15:20:00+00:00,6376.91015625,6377.0400390625,6375.830078125,6376.0400390625,6627000
2025-07-24 15:21:00+00:00,6377.2001953125,6377.58984375,6376.81982421875,6376.93017578125,6776000
2025-07-24 15:22:00+00:00,6376.47998046875,6377.669921875,6376.47998046875,6377.08984375,7690000
2025-07-24 15:23:00+00:00,6376.33984375,6376.52978515625,6375.7099609375,6376.490234375,7437000
2025-07-24 15:24:00+00:00,6376.72021484375,6376.72021484375,6376.08984375,6376.08984375,6413000
2025-07-24 15:25:00+00:00,6376.31005859375,6376.93017578125,6376.31005859375,6376.77001953125,8396000
2025-07-24 15:26:00+00:00,6375.330078125,6376.419921875,6374.6298828125,6376.419921875,6732000
2025-07-24 15:27:00+00:00,6374.77001953125,6375.4501953125,6374.6298828125,6375.27001953125,6111000
2025-07-24 15:28:00+00:00,6375.43994140625,6375.43994140625,6374.75,6374.7998046875,6639000
2025-07-24 15:29:00+00:00,6375.4599609375,6375.830078125,6375.27001953125,6375.4501953125,6843000
2025-07-24 15:30:00+00:00,6375.56005859375,6376.1298828125,6375.2900390625,6375.509765625,5452000
2025-07-24 15:31:00+00:00,6374.89990234375,6376.2998046875,6374.89990234375,6375.5400390625,6375000
2025-07-24 15:32:00+00:00,6375.14013671875,6375.4501953125,6374.419921875,6374.9599609375,6614000
2025-07-24 15:33:00+00:00,6374.990234375,6375.259765625,6374.18994140625,6375.14013671875,6544000
2025-07-24 15:34:00+00:00,6374.18994140625,6375.25,6374.18994140625,6374.91015625,5989000
2025-07-24 15:35:00+00:00,6374.02978515625,6374.60986328125,6373.64013671875,6374.02001953125,5501000
2025-07-24 15:36:00+00:00,6374.2001953125,6374.25,6373.4599609375,6374.0498046875,6147000
2025-07-24 15:37:00+00:00,6373.830078125,6374.22998046875,6373.43017578125,6374.10009765625,5683000
2025-07-24 15:38:00+00:00,6373.52978515625,6373.89013671875,6373.330078125,6373.759765625,6025000
2025-07-24 15:39:00+00:00,6375.259765625,6375.33984375,6373.47998046875,6373.5498046875,5779000
2025-07-24 15:40:00+00:00,6374.43017578125,6375.3701171875,6374.39990234375,6375.14013671875,5857000
2025-07-24 15:41:00+00:00,6374.60009765625,6375.1298828125,6374.14013671875,6374.330078125,5447000
2025-07-24 15:42:00+00:00,6374.68994140625,6374.75,6374.080078125,6374.60009765625,5174000
2025-07-24 15:43:00+00:00,6374.2001953125,6374.68017578125,6373.919921875,6374.64013671875,4842000
2025-07-24 15:44:00+00:00,6374.60009765625,6374.60009765625,6373.8798828125,6374.14013671875,5127000
2025-07-24 15:45:00+00:00,6375.5498046875,6375.85986328125,6374.4501953125,6374.68017578125,6163000
2025-07-24 15:46:00+00:00,6374.919921875,6375.8798828125,6374.919921875,6375.58984375,5258000
2025-07-24 15:47:00+00:00,6373.97998046875,6375.18994140625,6373.7001953125,6374.93017578125,5990000
2025-07-24 15:48:00+00:00,6375.759765625,6375.77001953125,6373.89013671875,6373.89013671875,5357000
2025-07-24 15:49:00+00:00,6375.6298828125,6376.14013671875,6375.419921875,6375.830078125,5407000
2025-07-24 15:50:00+00:00,6375.8798828125,6375.8798828125,6375.259765625,6375.60986328125,5323000
2025-07-24 15:51:00+00:00,6376.9501953125,6377.06982421875,6375.5400390625,6375.83984375,5221000
2025-07-24 15:52:00+00:00,6377.27001953125,6377.5498046875,6376.52001953125,6376.93017578125,4485000
2025-07-24 15:53:00+00:00,6377.2001953125,6377.77001953125,6376.9599609375,6377.33984375,5649000
2025-07-24 15:54:00+00:00,6376.580078125,6377.39013671875,6376.580078125,6377.39013671875,5762000
2025-07-24 15:55:00+00:00,6377.35986328125,6377.5,6376.10986328125,6376.7001953125,5361000
2025-07-24 15:56:00+00:00,6376.7099609375,6377.2998046875,6376.4599609375,6377.2998046875,4762000
2025-07-24 15:57:00+00:00,6376.509765625,6376.990234375,6376.419921875,6376.7001953125,5855000
2025-07-24 15:58:00+00:00,6376.18017578125,6376.68994140625,6376.14990234375,6376.52978515625,4727000
2025-07-24 15:59:00+00:00,6375.6298828125,6376.3798828125,6375.5498046875,6376.2998046875,4887000
2025-07-24 16:00:00+00:00,6374.14990234375,6375.77978515625,6374.14990234375,6375.64013671875,5940000
2025-07-24 16:01:00+00:00,6372.5,6374.0498046875,6371.85009765625,6374.0498046875,6457000
2025-07-24 16:02:00+00:00,6372.83984375,6373.08984375,6372.2001953125,6372.4501953125,5568000
2025-07-24 16:03:00+00:00,6372.91015625,6373.2900390625,6372.72998046875,6372.919921875,4609000
2025-07-24 16:04:00+00:00,6372.56005859375,6372.97998046875,6372.14013671875,6372.89990234375,4752000
2025-07-24 16:05:00+00:00,6371.22021484375,6372.669921875,6371.2099609375,6372.5400390625,5352000
2025-07-24 16:06:00+00:00,6372.18017578125,6373.0400390625,6371.10009765625,6371.18017578125,5511000
2025-07-24 16:07:00+00:00,6370.6201171875,6372.1201171875,6370.6201171875,6372.1201171875,5337000
2025-07-24 16:08:00+00:00,6370.68017578125,6370.85009765625,6370.16015625,6370.58984375,4813000
2025-07-24 16:09:00+00:00,6371.1201171875,6371.3701171875,6370.7099609375,6370.83984375,5040000
2025-07-24 16:10:00+00:00,6371.0,6371.080078125,6370.47998046875,6371.06982421875,4690000
2025-07-24 16:11:00+00:00,6369.0498046875,6370.97998046875,6369.0498046875,6370.97021484375,5677000
2025-07-24 16:12:00+00:00,6369.7001953125,6369.81982421875,6369.02978515625,6369.02978515625,5035000
2025-07-24 16:13:00+00:00,6370.60986328125,6370.64990234375,6369.5400390625,6369.75,5269000
2025-07-24 16:14:00+00:00,6368.72021484375,6370.68017578125,6368.43994140625,6370.66015625,4885000
2025-07-24 16:15:00+00:00,6367.47998046875,6368.60009765625,6366.85986328125,6368.60009765625,4973000
2025-07-24 16:16:00+00:00,6368.18017578125,6368.27001953125,6366.85986328125,6367.5,4854000
2025-07-24 16:17:00+00:00,6369.2001953125,6369.2001953125,6368.06005859375,6368.22021484375,4803000
2025-07-24 16:18:00+00:00,6369.02978515625,6369.66015625,6368.81982421875,6369.31005859375,5315000
2025-07-24 16:19:00+00:00,6369.81982421875,6369.8798828125,6369.0,6369.0498046875,5814000
2025-07-24 16:20:00+00:00,6370.93017578125,6370.97998046875,6369.22998046875,6369.740234375,5852000
2025-07-24 16:21:00+00:00,6370.3798828125,6370.85986328125,6370.1201171875,6370.85986328125,5737000
2025-07-24 16:22:00+00:00,6369.93994140625,6370.97021484375,6369.93994140625,6370.4599609375,4292000
2025-07-24 16:23:00+00:00,6369.22998046875,6369.91015625,6368.8701171875,6369.91015625,4652000
2025-07-24 16:24:00+00:00,6368.2998046875,6369.169921875,6368.02001953125,6369.14013671875,4704000
2025-07-24 16:25:00+00:00,6366.60986328125,6368.3701171875,6365.9501953125,6368.31005859375,5962000
2025-07-24 16:26:00+00:00,6363.85986328125,6366.60009765625,6363.81982421875,6366.60009765625,6340000
2025-07-24 16:27:00+00:00,6364.9599609375,6365.0,6363.56982421875,6363.8701171875,4510000
2025-07-24 16:28:00+00:00,6365.0498046875,6365.22998046875,6364.77001953125,6364.93994140625,4000000
2025-07-24 16:29:00+00:00,6366.14990234375,6366.14990234375,6365.0400390625,6365.0400390625,4697000
2025-07-24 16:30:00+00:00,6367.02978515625,6367.1201171875,6365.169921875,6366.169921875,5659000
2025-07-24 16:31:00+00:00,6366.8798828125,6367.27978515625,6366.33984375,6367.0400390625,7091000
2025-07-24 16:32:00+00:00,6365.72998046875,6367.240234375,6365.5498046875,6366.919921875,5822000
2025-07-24 16:33:00+00:00,6367.3701171875,6367.47998046875,6365.60986328125,6365.83984375,5047000
2025-07-24 16:34:00+00:00,6365.8798828125,6367.02978515625,6365.85009765625,6367.02978515625,5424000
2025-07-24 16:35:00+00:00,6365.56005859375,6366.3701171875,6365.43994140625,6365.9599609375,4203000
2025-07-24 16:36:00+00:00,6366.22021484375,6366.330078125,6365.64990234375,6365.64990234375,4222000
2025-07-24 16:37:00+00:00,6365.22021484375,6366.31005859375,6365.18994140625,6366.27978515625,4267000
2025-07-24 16:38:00+00:00,6367.72021484375,6367.83984375,6365.10986328125,6365.259765625,5939000
2025-07-24 16:39:00+00:00,6368.93994140625,6368.97021484375,6367.7099609375,6367.83984375,5163000
2025-07-24 16:40:00+00:00,6370.169921875,6370.169921875,6368.41015625,6368.93017578125,5702000
2025-07-24 16:41:00+00:00,6370.2998046875,6370.740234375,6369.83984375,6370.1201171875,5071000
2025-07-24 16:42:00+00:00,6370.31982421875,6370.5,6369.81982421875,6370.330078125,4802000
2025-07-24 16:43:00+00:00,6370.6298828125,6370.6298828125,6369.47021484375,6370.35986328125,4438000
2025-07-24 16:44:00+00:00,6369.64990234375,6370.7001953125,6369.60009765625,6370.7001953125,4478000
2025-07-24 16:45:00+00:00,6370.22998046875,6370.47021484375,6369.68994140625,6369.68994140625,5427000
2025-07-24 16:46:00+00:00,6369.330078125,6370.18017578125,6368.759765625,6370.18017578125,5522000
2025-07-24 16:47:00+00:00,6369.08984375,6369.6201171875,6368.85009765625,6369.27978515625,4112000
2025-07-24 16:48:00+00:00,6367.2900390625,6369.16015625,6366.9599609375,6369.080078125,5375000
2025-07-24 16:49:00+00:00,6368.3798828125,6368.3798828125,6367.1201171875,6367.33984375,4273000
2025-07-24 16:50:00+00:00,6367.10986328125,6368.7001953125,6367.10986328125,6368.27978515625,4189000
2025-07-24 16:51:00+00:00,6367.8701171875,6367.97021484375,6366.580078125,6366.97998046875,4857000
2025-07-24 16:52:00+00:00,6368.14013671875,6368.43017578125,6367.56982421875,6367.89013671875,3890000
2025-07-24 16:53:00+00:00,6369.0498046875,6369.10986328125,6368.009765625,6368.14013671875,4043000
2025-07-24 16:54:00+00:00,6369.77978515625,6370.14990234375,6369.14990234375,6369.14990234375,4220000
2025-07-24 16:55:00+00:00,6369.35986328125,6369.93017578125,6369.330078125,6369.72998046875,4833000
2025-07-24 16:56:00+00:00,6368.18994140625,6369.35009765625,6368.18994140625,6369.31005859375,4979000
2025-07-24 16:57:00+00:00,6368.02001953125,6368.31005859375,6367.56982421875,6368.18994140625,5247000
2025-07-24 16:58:00+00:00,6369.52978515625,6369.5498046875,6367.9599609375,6367.990234375,5421000
2025-07-24 16:59:00+00:00,6369.330078125,6369.8798828125,6369.31982421875,6369.52978515625,4738000
2025-07-24 17:00:00+00:00,6368.72998046875,6369.33984375,6368.25,6369.33984375,5488000
2025-07-24 17:01:00+00:00,6369.009765625,6369.47998046875,6368.580078125,6368.68994140625,4236000
2025-07-24 17:02:00+00:00,6368.990234375,6369.18017578125,6368.6298828125,6368.9599609375,3935000
2025-07-24 17:03:00+00:00,6369.58984375,6369.6201171875,6368.75,6368.89013671875,4496000
2025-07-24 17:04:00+00:00,6370.52978515625,6370.81982421875,6369.35986328125,6369.58984375,4901000
2025-07-24 17:05:00+00:00,6371.72021484375,6371.72021484375,6370.68017578125,6370.68017578125,4257000
2025-07-24 17:06:00+00:00,6372.8701171875,6372.919921875,6371.81005859375,6371.81005859375,4481000
2025-07-24 17:07:00+00:00,6372.77001953125,6373.0498046875,6372.4501953125,6372.759765625,3559000
2025-07-24 17:08:00+00:00,6373.89990234375,6373.89990234375,6372.580078125,6372.7099609375,4357000
2025-07-24 17:09:00+00:00,6374.31005859375,6374.31005859375,6373.7900390625,6373.9599609375,4077000
2025-07-24 17:10:00+00:00,6375.490234375,6375.7099609375,6374.3701171875,6374.3701171875,4131000
2025-07-24 17:11:00+00:00,6375.89990234375,6376.16015625,6375.4599609375,6375.47998046875,5862000
2025-07-24 17:12:00+00:00,6375.91015625,6376.22998046875,6375.72021484375,6375.97021484375,4039000
2025-07-24 17:13:00+00:00,6377.47998046875,6378.14013671875,6375.9599609375,6376.06005859375,5887000
2025-07-24 17:14:00+00:00,6378.43994140625,6378.6298828125,6377.4501953125,6377.4501953125,6349000
2025-07-24 17:15:00+00:00,6379.06005859375,6379.66015625,6378.39990234375,6378.4599609375,6456000
2025-07-24 17:16:00+00:00,6377.009765625,6379.0,6377.009765625,6379.0,6396000
2025-07-24 17:17:00+00:00,6376.89013671875,6377.18994140625,6376.10009765625,6377.14013671875,5476000
2025-07-24 17:18:00+00:00,6377.39990234375,6377.580078125,6376.7998046875,6376.93017578125,4478000
2025-07-24 17:19:00+00:00,6377.77978515625,6377.9599609375,6377.18994140625,6377.33984375,4673000
2025-07-24 17:20:00+00:00,6377.02001953125,6377.89013671875,6376.8798828125,6377.81005859375,4188000
2025-07-24 17:21:00+00:00,6376.0,6377.14013671875,6375.89990234375,6377.02001953125,5400000
2025-07-24 17:22:00+00:00,6376.18017578125,6376.18017578125,6375.52978515625,6376.06005859375,3931000
2025-07-24 17:23:00+00:00,6376.68994140625,6376.7001953125,6376.08984375,6376.22021484375,5160000
2025-07-24 17:24:00+00:00,6377.0,6377.169921875,6376.4599609375,6376.64013671875,3994000
2025-07-24 17:25:00+00:00,6376.35986328125,6377.08984375,6376.31005859375,6377.0498046875,4270000
2025-07-24 17:26:00+00:00,6376.259765625,6376.6298828125,6376.22998046875,6376.39013671875,3682000
2025-07-24 17:27:00+00:00,6376.08984375,6376.2998046875,6375.740234375,6376.27001953125,4197000
2025-07-24 17:28:00+00:00,6375.18994140625,6376.31982421875,6374.97998046875,6376.1201171875,4952000
2025-07-24 17:29:00+00:00,6373.97021484375,6375.2099609375,6373.97021484375,6375.14013671875,4448000
2025-07-24 17:30:00+00:00,6374.89013671875,6375.31005859375,6373.81982421875,6373.990234375,5862000
2025-07-24 17:31:00+00:00,6375.06982421875,6375.3798828125,6374.830078125,6374.8701171875,4490000
2025-07-24 17:32:00+00:00,6375.39013671875,6375.39013671875,6374.740234375,6375.06982421875,4494000
2025-07-24 17:33:00+00:00,6375.31982421875,6375.669921875,6375.27978515625,6375.5,6163000
2025-07-24 17:34:00+00:00,6375.68017578125,6375.85009765625,6375.27001953125,6375.31005859375,4791000
2025-07-24 17:35:00+00:00,6375.60986328125,6375.81005859375,6375.1201171875,6375.580078125,4397000
2025-07-24 17:36:00+00:00,6375.259765625,6375.580078125,6374.64990234375,6375.580078125,5654000
2025-07-24 17:37:00+00:00,6375.14013671875,6375.58984375,6374.97021484375,6375.16015625,4416000
2025-07-24 17:38:00+00:00,6375.0400390625,6375.81982421875,6375.0,6375.10009765625,4274000
2025-07-24 17:39:00+00:00,6374.7998046875,6375.08984375,6374.75,6375.08984375,4171000
2025-07-24 17:40:00+00:00,6374.0400390625,6375.52978515625,6374.0,6374.83984375,4356000
2025-07-24 17:41:00+00:00,6373.830078125,6373.97998046875,6373.27978515625,6373.97998046875,4196000
2025-07-24 17:42:00+00:00,6372.75,6374.0498046875,6372.64013671875,6373.8798828125,3659000
2025-07-24 17:43:00+00:00,6373.169921875,6373.33984375,6372.77001953125,6372.77001953125,3927000
2025-07-24 17:44:00+00:00,6373.27978515625,6373.3701171875,6373.06005859375,6373.16015625,6832000
2025-07-24 17:45:00+00:00,6373.22998046875,6373.6201171875,6373.080078125,6373.27001953125,4812000
2025-07-24 17:46:00+00:00,6373.5,6373.60009765625,6372.97021484375,6373.35009765625,4569000
2025-07-24 17:47:00+00:00,6374.18017578125,6374.18017578125,6373.31982421875,6373.490234375,4349000
2025-07-24 17:48:00+00:00,6375.14990234375,6375.18994140625,6374.009765625,6374.10009765625,4039000
2025-07-24 17:49:00+00:00,6374.33984375,6375.16015625,6374.33984375,6375.16015625,3868000
2025-07-24 17:50:00+00:00,6374.3701171875,6374.8701171875,6374.18994140625,6374.33984375,4800000
2025-07-24 17:51:00+00:00,6373.919921875,6374.33984375,6373.919921875,6374.33984375,4135000
2025-07-24 17:52:00+00:00,6374.97021484375,6374.97021484375,6373.77978515625,6373.8798828125,3911000
2025-07-24 17:53:00+00:00,6375.02978515625,6375.2998046875,6374.77978515625,6374.9599609375,3943000
2025-07-24 17:54:00+00:00,6374.93017578125,6375.25,6374.759765625,6375.02978515625,4526000
2025-07-24 17:55:00+00:00,6374.10009765625,6374.97021484375,6374.10009765625,6374.89990234375,4621000
2025-07-24 17:56:00+00:00,6373.740234375,6374.2099609375,6373.68017578125,6374.18017578125,4286000
2025-07-24 17:57:00+00:00,6372.81982421875,6374.0,6372.81982421875,6373.669921875,5475000
2025-07-24 17:58:00+00:00,6372.91015625,6372.91015625,6371.97998046875,6372.72998046875,4076000
2025-07-24 17:59:00+00:00,6372.97021484375,6373.08984375,6372.5400390625,6372.85009765625,3657000
2025-07-24 18:00:00+00:00,6373.18017578125,6373.68017578125,6372.9501953125,6372.9501953125,5707000
2025-07-24 18:01:00+00:00,6373.9599609375,6373.9599609375,6373.1201171875,6373.240234375,4100000
2025-07-24 18:02:00+00:00,6375.52978515625,6375.5400390625,6374.02001953125,6374.02001953125,5065000
2025-07-24 18:03:00+00:00,6377.009765625,6377.009765625,6375.5498046875,6375.56005859375,5021000
2025-07-24 18:04:00+00:00,6377.27001953125,6377.7001953125,6377.0400390625,6377.0498046875,5713000
2025-07-24 18:05:00+00:00,6377.14013671875,6377.52978515625,6377.0,6377.2099609375,4035000
2025-07-24 18:06:00+00:00,6376.89990234375,6377.43017578125,6376.89990234375,6377.169921875,4980000
2025-07-24 18:07:00+00:00,6376.2900390625,6377.41015625,6376.27978515625,6376.8701171875,6010000
2025-07-24 18:08:00+00:00,6377.0498046875,6377.14013671875,6376.2900390625,6376.31982421875,4921000
2025-07-24 18:09:00+00:00,6378.02978515625,6378.0498046875,6377.02001953125,6377.06982421875,4717000
2025-07-24 18:10:00+00:00,6380.240234375,6380.72021484375,6377.83984375,6378.06005859375,6405000
2025-07-24 18:11:00+00:00,6380.7998046875,6381.31005859375,6380.2900390625,6380.2900390625,6702000
2025-07-24 18:12:00+00:00,6379.27978515625,6380.72998046875,6379.009765625,6380.7001953125,4684000
2025-07-24 18:13:00+00:00,6379.77978515625,6380.080078125,6378.9599609375,6379.2900390625,3946000
2025-07-24 18:14:00+00:00,6378.72021484375,6379.759765625,6378.64990234375,6379.759765625,3956000
2025-07-24 18:15:00+00:00,6378.31982421875,6379.240234375,6378.14013671875,6378.66015625,3994000
2025-07-24 18:16:00+00:00,6379.18017578125,6379.18017578125,6378.14013671875,6378.31005859375,4520000
2025-07-24 18:17:00+00:00,6378.31982421875,6379.169921875,6378.25,6379.080078125,3644000
2025-07-24 18:18:00+00:00,6379.25,6379.31982421875,6378.2099609375,6378.33984375,5209000
2025-07-24 18:19:00+00:00,6378.75,6379.43017578125,6378.72021484375,6379.2099609375,5342000
2025-07-24 18:20:00+00:00,6378.31982421875,6378.81982421875,6378.080078125,6378.77001953125,5098000
2025-07-24 18:21:00+00:00,6377.89013671875,6378.52001953125,6377.89013671875,6378.31005859375,4850000
2025-07-24 18:22:00+00:00,6376.8701171875,6378.0,6376.8701171875,6377.89990234375,4574000
2025-07-24 18:23:00+00:00,6376.22021484375,6376.8798828125,6376.10986328125,6376.8798828125,5172000
2025-07-24 18:24:00+00:00,6377.0498046875,6377.18017578125,6376.06005859375,6376.169921875,4357000
2025-07-24 18:25:00+00:00,6377.7099609375,6378.0,6376.8798828125,6377.08984375,4361000
2025-07-24 18:26:00+00:00,6377.7998046875,6377.919921875,6377.43017578125,6377.72021484375,5607000
2025-07-24 18:27:00+00:00,6377.60986328125,6378.509765625,6377.580078125,6377.8798828125,5237000
2025-07-24 18:28:00+00:00,6377.93994140625,6377.990234375,6377.39013671875,6377.60986328125,4375000
2025-07-24 18:29:00+00:00,6377.6298828125,6378.06005859375,6377.43994140625,6377.97021484375,6210000
2025-07-24 18:30:00+00:00,6378.60986328125,6378.64990234375,6377.64013671875,6377.64013671875,4972000
2025-07-24 18:31:00+00:00,6378.93994140625,6379.330078125,6378.64013671875,6378.66015625,4568000
2025-07-24 18:32:00+00:00,6377.4599609375,6379.080078125,6377.4599609375,6378.93994140625,6210000
2025-07-24 18:33:00+00:00,6376.509765625,6377.41015625,6376.509765625,6377.330078125,4842000
2025-07-24 18:34:00+00:00,6376.89013671875,6377.25,6376.240234375,6376.47998046875,4478000
2025-07-24 18:35:00+00:00,6375.830078125,6377.0498046875,6375.830078125,6376.9599609375,4649000
2025-07-24 18:36:00+00:00,6376.43994140625,6376.68017578125,6375.75,6375.8701171875,4761000
2025-07-24 18:37:00+00:00,6375.7099609375,6376.39990234375,6375.58984375,6376.39990234375,4117000
2025-07-24 18:38:00+00:00,6375.2900390625,6375.91015625,6375.2900390625,6375.7900390625,6093000
2025-07-24 18:39:00+00:00,6374.89990234375,6375.2998046875,6374.89990234375,6375.2998046875,5234000
2025-07-24 18:40:00+00:00,6375.35986328125,6375.58984375,6375.0400390625,6375.0400390625,4896000
2025-07-24 18:41:00+00:00,6374.58984375,6375.39990234375,6374.5400390625,6375.39990234375,4894000
2025-07-24 18:42:00+00:00,6374.60009765625,6374.740234375,6374.169921875,6374.6201171875,4725000
2025-07-24 18:43:00+00:00,6374.02978515625,6374.7998046875,6374.02978515625,6374.56005859375,4496000
2025-07-24 18:44:00+00:00,6374.2001953125,6374.3798828125,6373.89013671875,6374.06005859375,5558000
2025-07-24 18:45:00+00:00,6369.2998046875,6374.35986328125,6369.2998046875,6374.25,7826000
2025-07-24 18:46:00+00:00,6370.18017578125,6371.39990234375,6368.27001953125,6369.31005859375,6197000
2025-07-24 18:47:00+00:00,6370.8798828125,6370.8798828125,6369.64013671875,6370.14013671875,4898000
2025-07-24 18:48:00+00:00,6371.3701171875,6371.3701171875,6370.41015625,6370.89013671875,5131000
2025-07-24 18:49:00+00:00,6371.6298828125,6371.9599609375,6371.419921875,6371.52978515625,4424000
2025-07-24 18:50:00+00:00,6370.7900390625,6371.81005859375,6370.7900390625,6371.6298828125,4575000
2025-07-24 18:51:00+00:00,6370.52001953125,6370.7998046875,6369.75,6370.7998046875,5177000
2025-07-24 18:52:00+00:00,6371.10009765625,6371.2099609375,6370.06982421875,6370.52001953125,5418000
2025-07-24 18:53:00+00:00,6371.080078125,6371.16015625,6370.31005859375,6371.10986328125,4932000
2025-07-24 18:54:00+00:00,6370.7900390625,6371.16015625,6370.6201171875,6371.10986328125,3759000
2025-07-24 18:55:00+00:00,6371.83984375,6372.0400390625,6370.81982421875,6370.85986328125,5039000
2025-07-24 18:56:00+00:00,6373.259765625,6373.259765625,6371.7099609375,6371.81982421875,6067000
2025-07-24 18:57:00+00:00,6373.490234375,6373.60009765625,6373.2099609375,6373.22998046875,4823000
2025-07-24 18:58:00+00:00,6372.89990234375,6373.43994140625,6372.52001953125,6373.39013671875,4465000
2025-07-24 18:59:00+00:00,6372.669921875,6373.169921875,6372.52978515625,6372.85986328125,5433000
2025-07-24 19:00:00+00:00,6372.66015625,6372.68017578125,6372.0,6372.64990234375,6093000
2025-07-24 19:01:00+00:00,6372.8701171875,6372.93994140625,6372.2099609375,6372.669921875,5808000
2025-07-24 19:02:00+00:00,6372.66015625,6373.0,6372.43994140625,6372.85009765625,5679000
2025-07-24 19:03:00+00:00,6373.81982421875,6374.22021484375,6372.68994140625,6372.68994140625,5286000
2025-07-24 19:04:00+00:00,6373.81982421875,6374.06005859375,6373.419921875,6373.72021484375,5151000
2025-07-24 19:05:00+00:00,6373.2998046875,6373.83984375,6373.27978515625,6373.81982421875,4989000
2025-07-24 19:06:00+00:00,6373.6298828125,6373.919921875,6373.33984375,6373.33984375,5958000
2025-07-24 19:07:00+00:00,6373.2099609375,6373.60986328125,6372.85986328125,6373.60986328125,5263000
2025-07-24 19:08:00+00:00,6372.669921875,6373.330078125,6372.419921875,6373.2998046875,4579000
2025-07-24 19:09:00+00:00,6373.2998046875,6373.35009765625,6372.6201171875,6372.7099609375,4969000
2025-07-24 19:10:00+00:00,6374.81982421875,6375.27978515625,6373.2900390625,6373.2900390625,5917000
2025-07-24 19:11:00+00:00,6374.3701171875,6374.85986328125,6374.33984375,6374.7998046875,4926000
2025-07-24 19:12:00+00:00,6374.830078125,6375.02001953125,6374.35986328125,6374.35986328125,5273000
2025-07-24 19:13:00+00:00,6374.18994140625,6374.2998046875,6374.169921875,6374.18017578125,5141000
2025-07-24 19:14:00+00:00,6374.5498046875,6374.60986328125,6373.93017578125,6374.18017578125,6173000
2025-07-24 19:15:00+00:00,6375.9599609375,6375.9599609375,6374.43994140625,6374.5400390625,7318000
2025-07-24 19:16:00+00:00,6375.64990234375,6375.9599609375,6375.259765625,6375.93017578125,5848000
2025-07-24 19:17:00+00:00,6375.60009765625,6375.93994140625,6375.27978515625,6375.58984375,5561000
2025-07-24 19:18:00+00:00,6375.68017578125,6375.68994140625,6375.169921875,6375.64013671875,6953000
2025-07-24 19:19:00+00:00,6375.6298828125,6376.02001953125,6375.52978515625,6375.64013671875,6587000
2025-07-24 19:20:00+00:00,6375.93994140625,6375.97021484375,6375.47998046875,6375.58984375,6881000
2025-07-24 19:21:00+00:00,6377.1298828125,6377.43994140625,6375.990234375,6375.990234375,6650000
2025-07-24 19:22:00+00:00,6376.89013671875,6377.18017578125,6376.7900390625,6377.10986328125,5834000
2025-07-24 19:23:00+00:00,6377.18017578125,6377.2998046875,6376.81982421875,6376.85986328125,6072000
2025-07-24 19:24:00+00:00,6377.14990234375,6377.43017578125,6376.990234375,6377.16015625,6263000
2025-07-24 19:25:00+00:00,6376.33984375,6377.58984375,6376.2001953125,6377.14990234375,7407000
2025-07-24 19:26:00+00:00,6374.97998046875,6376.5,6374.97998046875,6376.240234375,7789000
2025-07-24 19:27:00+00:00,6375.10009765625,6375.31005859375,6373.990234375,6374.8701171875,7187000
2025-07-24 19:28:00+00:00,6375.27978515625,6375.419921875,6374.85009765625,6375.080078125,6779000
2025-07-24 19:29:00+00:00,6375.06005859375,6375.52001953125,6374.97998046875,6375.27001953125,7229000
2025-07-24 19:30:00+00:00,6375.56982421875,6375.6298828125,6374.68017578125,6374.990234375,8125000
2025-07-24 19:31:00+00:00,6374.52978515625,6375.81982421875,6374.52978515625,6375.52978515625,8181000
2025-07-24 19:32:00+00:00,6374.75,6375.06982421875,6374.02001953125,6374.4501953125,7014000
2025-07-24 19:33:00+00:00,6374.9599609375,6375.08984375,6374.52978515625,6374.669921875,6879000
2025-07-24 19:34:00+00:00,6375.02001953125,6375.2099609375,6374.81982421875,6374.93017578125,6913000
2025-07-24 19:35:00+00:00,6374.43994140625,6375.1201171875,6374.43994140625,6374.919921875,7621000
2025-07-24 19:36:00+00:00,6373.2001953125,6374.43994140625,6373.1201171875,6374.419921875,7966000
2025-07-24 19:37:00+00:00,6373.47021484375,6373.60009765625,6373.02001953125,6373.18017578125,8807000
2025-07-24 19:38:00+00:00,6373.2001953125,6373.56005859375,6372.490234375,6373.47021484375,7853000
2025-07-24 19:39:00+00:00,6372.43994140625,6373.39013671875,6372.43994140625,6373.22021484375,8390000
2025-07-24 19:40:00+00:00,6371.43994140625,6372.72021484375,6371.43994140625,6372.490234375,8527000
2025-07-24 19:41:00+00:00,6370.990234375,6371.39013671875,6370.419921875,6371.39013671875,9385000
2025-07-24 19:42:00+00:00,6369.759765625,6370.9599609375,6369.60986328125,6370.9599609375,9807000
2025-07-24 19:43:00+00:00,6369.68994140625,6370.14013671875,6369.1201171875,6369.72021484375,10631000
2025-07-24 19:44:00+00:00,6371.06005859375,6371.2099609375,6369.7001953125,6369.77978515625,8893000
2025-07-24 19:45:00+00:00,6368.10009765625,6371.0,6368.10009765625,6371.0,10710000
2025-07-24 19:46:00+00:00,6368.6298828125,6368.6298828125,6366.52001953125,6368.0400390625,10404000
2025-07-24 19:47:00+00:00,6369.8798828125,6369.8798828125,6368.43994140625,6368.6298828125,10188000
2025-07-24 19:48:00+00:00,6370.06005859375,6370.58984375,6369.85009765625,6369.85009765625,9898000
2025-07-24 19:49:00+00:00,6369.5,6370.6201171875,6369.5,6370.06005859375,11903000
2025-07-24 19:50:00+00:00,6368.41015625,6369.5,6366.33984375,6369.5,19208000
2025-07-24 19:51:00+00:00,6368.759765625,6369.31005859375,6367.77978515625,6368.27978515625,16228000
2025-07-24 19:52:00+00:00,6369.83984375,6369.83984375,6368.830078125,6368.830078125,16302000
2025-07-24 19:53:00+00:00,6371.06005859375,6371.47021484375,6369.7099609375,6369.85986328125,17147000
2025-07-24 19:54:00+00:00,6369.7099609375,6371.52978515625,6369.66015625,6371.0400390625,22458000
2025-07-24 19:55:00+00:00,6368.919921875,6369.5,6367.47021484375,6369.5,30574000
2025-07-24 19:56:00+00:00,6368.0498046875,6369.89013671875,6368.0,6369.0400390625,27311000
2025-07-24 19:57:00+00:00,6369.919921875,6370.47998046875,6367.9599609375,6368.18994140625,32755000
2025-07-24 19:58:00+00:00,6368.56982421875,6369.759765625,6368.10986328125,6369.759765625,43212000
2025-07-24 19:59:00+00:00,6364.02001953125,6368.47021484375,6362.77001953125,6368.47021484375,79497000
2025-07-25 13:30:00+00:00,6371.81005859375,6373.169921875,6370.009765625,6370.009765625,0
2025-07-25 13:31:00+00:00,6370.89013671875,6372.4599609375,6369.93017578125,6371.68994140625,17809653
2025-07-25 13:32:00+00:00,6368.58984375,6372.60986328125,6368.52978515625,6370.9501953125,15863224
2025-07-25 13:33:00+00:00,6372.8701171875,6372.8701171875,6368.75,6369.02001953125,11635739
2025-07-25 13:34:00+00:00,6372.759765625,6373.259765625,6371.64013671875,6372.89990234375,11264387
2025-07-25 13:35:00+00:00,6373.39990234375,6373.8798828125,6371.81005859375,6372.64990234375,11512162
2025-07-25 13:36:00+00:00,6373.259765625,6374.31982421875,6372.64013671875,6373.490234375,11171088
2025-07-25 13:37:00+00:00,6371.06005859375,6373.259765625,6371.06005859375,6373.259765625,9254910
2025-07-25 13:38:00+00:00,6370.6201171875,6371.740234375,6370.31982421875,6370.990234375,9890195
2025-07-25 13:39:00+00:00,6373.080078125,6373.60986328125,6370.47998046875,6370.47998046875,10576551
2025-07-25 13:40:00+00:00,6373.169921875,6374.68994140625,6373.06982421875,6373.1201171875,9786688
2025-07-25 13:41:00+00:00,6372.89013671875,6373.97998046875,6372.72021484375,6372.97021484375,9853151
2025-07-25 13:42:00+00:00,6373.06982421875,6373.43017578125,6372.330078125,6372.7001953125,8982105
2025-07-25 13:43:00+00:00,6374.08984375,6374.56982421875,6372.81982421875,6373.06982421875,7885521
2025-07-25 13:44:00+00:00,6374.1298828125,6374.27978515625,6373.47021484375,6374.27978515625,8503768
2025-07-25 13:45:00+00:00,6373.72998046875,6375.490234375,6373.240234375,6374.009765625,10466163
2025-07-25 13:46:00+00:00,6372.60986328125,6373.7900390625,6372.3701171875,6373.7001953125,9150036
2025-07-25 13:47:00+00:00,6373.27001953125,6373.58984375,6372.14013671875,6372.6201171875,9827692
2025-07-25 13:48:00+00:00,6372.72998046875,6373.3798828125,6372.5,6373.3701171875,9474678
2025-07-25 13:49:00+00:00,6373.97021484375,6374.3798828125,6372.52001953125,6372.72021484375,7873419
2025-07-25 13:50:00+00:00,6373.509765625,6374.169921875,6372.490234375,6374.0498046875,8503202
2025-07-25 13:51:00+00:00,6373.9501953125,6374.8701171875,6373.31982421875,6373.5498046875,8030790
2025-07-25 13:52:00+00:00,6374.89013671875,6374.89013671875,6373.14013671875,6373.85009765625,9338500
2025-07-25 13:53:00+00:00,6375.43017578125,6375.97021484375,6374.759765625,6374.759765625,9142913
2025-07-25 13:54:00+00:00,6374.91015625,6376.240234375,6374.31005859375,6375.72021484375,10195482
2025-07-25 13:55:00+00:00,6375.41015625,6375.93994140625,6374.669921875,6374.97021484375,11150285
2025-07-25 13:56:00+00:00,6375.0,6376.08984375,6374.85986328125,6375.31982421875,9522916
2025-07-25 13:57:00+00:00,6372.7900390625,6375.3798828125,6372.7001953125,6374.8701171875,8077828
2025-07-25 13:58:00+00:00,6373.43017578125,6374.39013671875,6372.330078125,6372.669921875,8273011
2025-07-25 13:59:00+00:00,6372.7900390625,6373.77978515625,6372.72021484375,6373.419921875,8304176
2025-07-25 14:00:00+00:00,6374.6298828125,6374.68994140625,6372.990234375,6372.990234375,11812802
2025-07-25 14:01:00+00:00,6374.5498046875,6375.2099609375,6373.60009765625,6374.58984375,11895063
2025-07-25 14:02:00+00:00,6373.85009765625,6375.18017578125,6373.33984375,6374.4599609375,13907351
2025-07-25 14:03:00+00:00,6372.7099609375,6373.81982421875,6371.7099609375,6373.81982421875,9929860
2025-07-25 14:04:00+00:00,6370.22021484375,6373.009765625,6370.22021484375,6372.7998046875,8869618
2025-07-25 14:05:00+00:00,6371.41015625,6371.41015625,6369.52978515625,6370.14013671875,9013576
2025-07-25 14:06:00+00:00,6373.18017578125,6373.25,6371.31982421875,6371.52978515625,8750124
2025-07-25 14:07:00+00:00,6371.64990234375,6373.47998046875,6370.77001953125,6373.330078125,10646045
2025-07-25 14:08:00+00:00,6371.669921875,6372.0498046875,6371.33984375,6371.77978515625,8076715
2025-07-25 14:09:00+00:00,6372.47021484375,6372.60009765625,6371.509765625,6371.72021484375,8542824
2025-07-25 14:10:00+00:00,6374.16015625,6374.25,6372.31005859375,6372.4501953125,8014668
2025-07-25 14:11:00+00:00,6374.72998046875,6374.89990234375,6373.97021484375,6374.27001953125,8305892
2025-07-25 14:12:00+00:00,6375.66015625,6375.66015625,6374.740234375,6374.740234375,2339995
2025-07-25 14:13:00+00:00,6374.259765625,6375.52001953125,6374.10009765625,6375.4599609375,13928201
2025-07-25 14:14:00+00:00,6373.7998046875,6374.47998046875,6373.5498046875,6374.25,8334245
2025-07-25 14:15:00+00:00,6373.759765625,6374.02001953125,6373.08984375,6373.77001953125,8307716
2025-07-25 14:16:00+00:00,6373.5,6373.93994140625,6372.97998046875,6373.93017578125,8748831
2025-07-25 14:17:00+00:00,6372.91015625,6373.47021484375,6372.60009765625,6373.3798828125,8141640
2025-07-25 14:18:00+00:00,6374.35009765625,6374.35986328125,6372.919921875,6373.02001953125,9037172
2025-07-25 14:19:00+00:00,6376.02978515625,6376.18994140625,6374.18017578125,6374.43017578125,8124052
2025-07-25 14:20:00+00:00,6375.08984375,6376.1298828125,6375.08984375,6375.990234375,8921350
2025-07-25 14:21:00+00:00,6373.8798828125,6375.2099609375,6373.72998046875,6375.2001953125,8058190
2025-07-25 14:22:00+00:00,6374.7001953125,6374.97998046875,6373.93994140625,6373.93994140625,7514298
2025-07-25 14:23:00+00:00,6372.60986328125,6374.43017578125,6372.39013671875,6374.43017578125,8287135
2025-07-25 14:24:00+00:00,6373.259765625,6373.5400390625,6373.259765625,6373.47021484375,8795926
2025-07-25 14:25:00+00:00,6374.83984375,6374.83984375,6373.14013671875,6373.25,9167455
2025-07-25 14:26:00+00:00,6375.41015625,6375.990234375,6374.72021484375,6374.72998046875,10145823
2025-07-25 14:27:00+00:00,6375.68017578125,6375.81982421875,6375.0400390625,6375.3798828125,9817360
2025-07-25 14:28:00+00:00,6375.31005859375,6376.22021484375,6375.2900390625,6375.64013671875,7326334
2025-07-25 14:29:00+00:00,6375.25,6375.60986328125,6375.1298828125,6375.18017578125,6001814
2025-07-25 14:30:00+00:00,6375.509765625,6376.009765625,6375.2900390625,6375.2900390625,7493434
2025-07-25 14:31:00+00:00,6374.47021484375,6375.89013671875,6374.39990234375,6375.56982421875,8228825
2025-07-25 14:32:00+00:00,6374.080078125,6374.3798828125,6373.56005859375,6374.14990234375,6731843
2025-07-25 14:33:00+00:00,6375.60009765625,6375.669921875,6373.8798828125,6374.08984375,7456681
2025-07-25 14:34:00+00:00,6376.75,6378.93017578125,6375.419921875,6375.56982421875,9201910
2025-07-25 14:35:00+00:00,6379.1201171875,6379.169921875,6376.27978515625,6376.27978515625,6246731
2025-07-25 14:36:00+00:00,6378.490234375,6379.14990234375,6378.10009765625,6379.14990234375,7405488
2025-07-25 14:37:00+00:00,6378.7001953125,6378.77978515625,6378.22021484375,6378.43017578125,6959952
2025-07-25 14:38:00+00:00,6378.56005859375,6378.93994140625,6378.3701171875,6378.669921875,6628377
2025-07-25 14:39:00+00:00,6377.509765625,6378.7099609375,6377.5,6378.5400390625,5721991
2025-07-25 14:40:00+00:00,6377.60009765625,6377.990234375,6377.2099609375,6377.58984375,6290979
2025-07-25 14:41:00+00:00,6379.06982421875,6379.2001953125,6377.68994140625,6377.68994140625,6633094
2025-07-25 14:42:00+00:00,6379.240234375,6379.3701171875,6378.18017578125,6379.009765625,6076545
2025-07-25 14:43:00+00:00,6379.27978515625,6379.35009765625,6378.39990234375,6379.27001953125,5609133
2025-07-25 14:44:00+00:00,6379.6201171875,6379.85009765625,6379.259765625,6379.47021484375,5558636
2025-07-25 14:45:00+00:00,6379.66015625,6379.830078125,6379.3701171875,6379.58984375,6076884
2025-07-25 14:46:00+00:00,6380.419921875,6381.02001953125,6379.83984375,6379.83984375,6646810
2025-07-25 14:47:00+00:00,6380.5400390625,6380.580078125,6380.1201171875,6380.3701171875,7742039
2025-07-25 14:48:00+00:00,6380.52001953125,6380.81005859375,6380.1201171875,6380.64990234375,6728608
2025-07-25 14:49:00+00:00,6379.9501953125,6380.7099609375,6379.89013671875,6380.5498046875,5540747
2025-07-25 14:50:00+00:00,6379.509765625,6380.0498046875,6379.2998046875,6379.93994140625,5991868
2025-07-25 14:51:00+00:00,6379.39990234375,6379.68994140625,6378.75,6379.5400390625,7129865
2025-07-25 14:52:00+00:00,6379.5,6379.83984375,6379.0,6379.35986328125,6925513
2025-07-25 14:53:00+00:00,6379.68994140625,6379.919921875,6379.47021484375,6379.5,5766500
2025-07-25 14:54:00+00:00,6379.33984375,6379.72998046875,6379.16015625,6379.6298828125,5722731
2025-07-25 14:55:00+00:00,6379.509765625,6379.72998046875,6379.10009765625,6379.2998046875,9921362
2025-07-25 14:56:00+00:00,6377.8798828125,6379.509765625,6377.830078125,6379.47998046875,7982262
2025-07-25 14:57:00+00:00,6377.7900390625,6378.3701171875,6377.56005859375,6377.990234375,7503634
2025-07-25 14:58:00+00:00,6377.669921875,6377.91015625,6377.4501953125,6377.68994140625,6515015
2025-07-25 14:59:00+00:00,6378.35986328125,6378.43994140625,6377.490234375,6377.580078125,6598773
2025-07-25 15:00:00+00:00,6377.68994140625,6378.3798828125,6377.31982421875,6378.3701171875,7687297
2025-07-25 15:01:00+00:00,6377.72998046875,6378.43994140625,6377.6201171875,6377.72998046875,7330711
2025-07-25 15:02:00+00:00,6379.10009765625,6379.1298828125,6377.72021484375,6377.72021484375,6570583
2025-07-25 15:03:00+00:00,6379.490234375,6380.0400390625,6379.0498046875,6379.18017578125,6636334
2025-07-25 15:04:00+00:00,6378.56982421875,6379.419921875,6378.2998046875,6379.419921875,5695950
2025-07-25 15:05:00+00:00,6379.41015625,6379.52978515625,6378.52001953125,6378.60009765625,5506791
2025-07-25 15:06:00+00:00,6378.759765625,6379.39990234375,6378.64013671875,6379.39990234375,6136557
2025-07-25 15:07:00+00:00,6377.43994140625,6378.7900390625,6377.18994140625,6378.7900390625,5488290
2025-07-25 15:08:00+00:00,6377.68017578125,6377.77978515625,6377.080078125,6377.5498046875,5291132
2025-07-25 15:09:00+00:00,6377.509765625,6378.02978515625,6377.5,6377.7001953125,5290555
2025-07-25 15:10:00+00:00,6378.669921875,6378.669921875,6377.31982421875,6377.5,6109221
2025-07-25 15:11:00+00:00,6379.18994140625,6379.27001953125,6378.5498046875,6378.5498046875,5590728
2025-07-25 15:12:00+00:00,6378.41015625,6379.06982421875,6378.2998046875,6379.06982421875,6461681
2025-07-25 15:13:00+00:00,6378.7001953125,6378.7001953125,6378.08984375,6378.35986328125,5996727
2025-07-25 15:14:00+00:00,6379.25,6379.25,6378.7001953125,6378.77978515625,6300082
2025-07-25 15:15:00+00:00,6380.02978515625,6380.02978515625,6379.080078125,6379.25,6070923
2025-07-25 15:16:00+00:00,6380.18017578125,6380.68994140625,6379.81005859375,6379.990234375,5970167
2025-07-25 15:17:00+00:00,6380.02001953125,6380.56005859375,6379.93994140625,6380.14990234375,7209656
2025-07-25 15:18:00+00:00,6380.10986328125,6380.10986328125,6379.669921875,6379.9501953125,4984731
2025-07-25 15:19:00+00:00,6379.81982421875,6380.47998046875,6379.81005859375,6380.10986328125,5320000
2025-07-25 15:20:00+00:00,6379.31982421875,6380.02978515625,6379.259765625,6379.85986328125,5416000
2025-07-25 15:21:00+00:00,6378.60009765625,6379.22021484375,6378.22998046875,6379.22021484375,6739000
2025-07-25 15:22:00+00:00,6378.60986328125,6378.830078125,6378.2099609375,6378.580078125,5729000
2025-07-25 15:23:00+00:00,6380.43017578125,6380.89990234375,6378.60009765625,6378.68017578125,7289000
2025-07-25 15:24:00+00:00,6380.02001953125,6380.35009765625,6379.7900390625,6380.35009765625,6339000
2025-07-25 15:25:00+00:00,6380.2900390625,6380.35009765625,6379.830078125,6379.9501953125,1549000
2025-07-25 15:27:00+00:00,6380.740234375,6380.85986328125,6379.89013671875,6379.89013671875,13785000
2025-07-25 15:28:00+00:00,6381.47021484375,6381.47021484375,6380.2900390625,6380.77001953125,9914000
2025-07-25 15:29:00+00:00,6380.72021484375,6381.4599609375,6380.72021484375,6381.4599609375,5565000
2025-07-25 15:30:00+00:00,6380.6201171875,6380.9501953125,6380.1298828125,6380.7099609375,6238000
2025-07-25 15:31:00+00:00,6380.31005859375,6380.93017578125,6380.10986328125,6380.580078125,4708000
2025-07-25 15:32:00+00:00,6380.7099609375,6380.7099609375,6379.75,6380.31005859375,6061000
2025-07-25 15:33:00+00:00,6380.1298828125,6380.7900390625,6380.009765625,6380.77978515625,5403000
2025-07-25 15:34:00+00:00,6379.64990234375,6380.43994140625,6379.64990234375,6380.14013671875,5491000
2025-07-25 15:35:00+00:00,6378.9599609375,6379.72021484375,6378.83984375,6379.60009765625,5943000
2025-07-25 15:36:00+00:00,6378.81005859375,6379.4501953125,6378.740234375,6378.91015625,6320000
2025-07-25 15:37:00+00:00,6379.0400390625,6379.27978515625,6378.2001953125,6378.81982421875,5720000
2025-07-25 15:38:00+00:00,6379.33984375,6379.39013671875,6378.72021484375,6379.10009765625,5534000
2025-07-25 15:39:00+00:00,6378.8798828125,6379.2998046875,6378.7099609375,6379.27001953125,4182000
2025-07-25 15:40:00+00:00,6379.31005859375,6379.56982421875,6378.5498046875,6378.8701171875,4427000
2025-07-25 15:41:00+00:00,6378.009765625,6379.5,6377.93994140625,6379.330078125,6014000
2025-07-25 15:42:00+00:00,6377.10986328125,6378.0498046875,6377.10009765625,6378.0498046875,4124000
2025-07-25 15:43:00+00:00,6377.10009765625,6377.419921875,6376.97998046875,6377.08984375,6445000
2025-07-25 15:44:00+00:00,6377.009765625,6377.27978515625,6376.77978515625,6377.0400390625,5459000
2025-07-25 15:45:00+00:00,6377.66015625,6377.66015625,6376.5,6376.93017578125,6319000
2025-07-25 15:46:00+00:00,6377.85986328125,6377.919921875,6377.419921875,6377.64013671875,8292000
2025-07-25 15:47:00+00:00,6378.06005859375,6378.1298828125,6377.68017578125,6377.85009765625,5132000
2025-07-25 15:48:00+00:00,6378.3798828125,6378.77001953125,6377.97998046875,6378.1298828125,5000000
2025-07-25 15:49:00+00:00,6378.66015625,6378.7001953125,6378.0,6378.41015625,6011000
2025-07-25 15:50:00+00:00,6379.31005859375,6379.58984375,6378.669921875,6378.669921875,4482000
2025-07-25 15:51:00+00:00,6379.27001953125,6379.3798828125,6379.06005859375,6379.31005859375,4640000
2025-07-25 15:52:00+00:00,6378.9599609375,6379.330078125,6378.66015625,6379.2099609375,4606000
2025-07-25 15:53:00+00:00,6379.97021484375,6380.14013671875,6378.990234375,6379.0400390625,5471000
2025-07-25 15:54:00+00:00,6379.58984375,6380.0,6379.56982421875,6380.0,4035000
2025-07-25 15:55:00+00:00,6379.509765625,6379.8798828125,6379.509765625,6379.5400390625,4050000
2025-07-25 15:56:00+00:00,6380.169921875,6380.27001953125,6379.509765625,6379.509765625,5084000
2025-07-25 15:57:00+00:00,6380.02978515625,6380.22021484375,6379.72021484375,6380.22021484375,5040000
2025-07-25 15:58:00+00:00,6380.009765625,6380.16015625,6379.89013671875,6380.02978515625,3668000
2025-07-25 15:59:00+00:00,6379.7099609375,6380.0498046875,6379.39013671875,6380.009765625,5949000
2025-07-25 16:00:00+00:00,6379.990234375,6380.35986328125,6379.6201171875,6379.669921875,5587000
2025-07-25 16:01:00+00:00,6379.580078125,6380.06005859375,6379.2001953125,6379.93994140625,5341000
2025-07-25 16:02:00+00:00,6379.2900390625,6380.06005859375,6379.14013671875,6379.4599609375,5745000
2025-07-25 16:03:00+00:00,6378.93994140625,6379.3798828125,6378.81982421875,6379.240234375,4406000
2025-07-25 16:04:00+00:00,6379.22998046875,6379.47998046875,6378.77978515625,6379.0,4963000
2025-07-25 16:05:00+00:00,6378.2998046875,6379.330078125,6378.2998046875,6379.259765625,4509000
2025-07-25 16:06:00+00:00,6379.18017578125,6379.22998046875,6378.31982421875,6378.31982421875,4557000
2025-07-25 16:07:00+00:00,6379.66015625,6379.66015625,6378.66015625,6379.22021484375,4273000
2025-07-25 16:08:00+00:00,6380.72998046875,6380.83984375,6379.66015625,6379.66015625,4911000
2025-07-25 16:09:00+00:00,6381.06982421875,6381.06982421875,6380.56982421875,6380.72998046875,4198000
2025-07-25 16:10:00+00:00,6381.5,6381.6201171875,6380.830078125,6381.02978515625,7214000
2025-07-25 16:11:00+00:00,6381.7900390625,6381.85986328125,6381.2900390625,6381.60009765625,4747000
2025-07-25 16:12:00+00:00,6383.259765625,6383.43994140625,6381.7001953125,6381.8798828125,6238000
2025-07-25 16:13:00+00:00,6384.14013671875,6384.22021484375,6383.259765625,6383.259765625,7448000
2025-07-25 16:14:00+00:00,6384.1298828125,6384.47998046875,6384.0498046875,6384.10986328125,5365000
2025-07-25 16:15:00+00:00,6384.08984375,6384.4599609375,6384.0400390625,6384.16015625,5184000
2025-07-25 16:16:00+00:00,6382.64013671875,6384.14013671875,6382.64013671875,6383.97021484375,5169000
2025-07-25 16:17:00+00:00,6382.85009765625,6383.22021484375,6382.56982421875,6382.64013671875,4394000
2025-07-25 16:18:00+00:00,6383.4501953125,6383.6201171875,6382.91015625,6382.91015625,4094000
2025-07-25 16:19:00+00:00,6383.64013671875,6383.7001953125,6383.2900390625,6383.39990234375,3980000
2025-07-25 16:20:00+00:00,6382.75,6383.830078125,6382.75,6383.52001953125,4149000
2025-07-25 16:21:00+00:00,6383.18017578125,6383.18017578125,6382.41015625,6382.7099609375,4596000
2025-07-25 16:22:00+00:00,6383.43994140625,6383.66015625,6383.10009765625,6383.18994140625,3134000
2025-07-25 16:23:00+00:00,6385.22021484375,6385.669921875,6383.39013671875,6383.39013671875,4609000
2025-07-25 16:24:00+00:00,6386.02978515625,6386.0400390625,6385.25,6385.25,4959000
2025-07-25 16:25:00+00:00,6387.41015625,6387.56982421875,6386.02001953125,6386.02001953125,4537000
2025-07-25 16:26:00+00:00,6388.22998046875,6388.25,6387.06005859375,6387.43994140625,4353000
2025-07-25 16:27:00+00:00,6388.93994140625,6389.02978515625,6388.259765625,6388.259765625,5104000
2025-07-25 16:28:00+00:00,6388.18994140625,6389.22998046875,6388.18994140625,6388.9501953125,4660000
2025-07-25 16:29:00+00:00,6388.169921875,6388.39013671875,6388.0498046875,6388.2001953125,3556000
2025-07-25 16:30:00+00:00,6388.56005859375,6388.56005859375,6388.009765625,6388.14013671875,4549000
2025-07-25 16:31:00+00:00,6389.81982421875,6389.8701171875,6388.66015625,6388.66015625,5165000
2025-07-25 16:32:00+00:00,6388.97021484375,6389.830078125,6388.89990234375,6389.7900390625,4683000
2025-07-25 16:33:00+00:00,6388.18017578125,6389.0,6387.97998046875,6389.0,3888000
2025-07-25 16:34:00+00:00,6387.58984375,6388.240234375,6387.47998046875,6388.18994140625,3886000
2025-07-25 16:35:00+00:00,6387.81982421875,6387.9501953125,6387.080078125,6387.56982421875,4622000
2025-07-25 16:36:00+00:00,6387.5400390625,6387.830078125,6387.490234375,6387.77978515625,3938000
2025-07-25 16:37:00+00:00,6388.08984375,6388.31982421875,6387.39013671875,6387.509765625,4404000
2025-07-25 16:38:00+00:00,6388.3701171875,6388.47998046875,6387.759765625,6388.080078125,3496000
2025-07-25 16:39:00+00:00,6387.330078125,6388.47998046875,6387.31982421875,6388.35009765625,4132000
2025-07-25 16:40:00+00:00,6387.08984375,6387.5,6386.2900390625,6387.2998046875,4055000
2025-07-25 16:41:00+00:00,6387.1201171875,6387.2099609375,6386.52978515625,6387.02978515625,4429000
2025-07-25 16:42:00+00:00,6387.56982421875,6387.68994140625,6386.68994140625,6387.0400390625,4566000
2025-07-25 16:43:00+00:00,6387.5,6387.7998046875,6387.4501953125,6387.580078125,3983000
2025-07-25 16:44:00+00:00,6387.740234375,6387.83984375,6387.39013671875,6387.47998046875,4422000
2025-07-25 16:45:00+00:00,6387.10009765625,6387.9501953125,6387.06982421875,6387.77001953125,4962000
2025-07-25 16:46:00+00:00,6387.1298828125,6387.509765625,6387.06982421875,6387.06982421875,3457000
2025-07-25 16:47:00+00:00,6387.56982421875,6387.56982421875,6386.97998046875,6387.14013671875,3235000
2025-07-25 16:48:00+00:00,6388.39990234375,6388.77001953125,6387.41015625,6387.58984375,4766000
2025-07-25 16:49:00+00:00,6387.81005859375,6388.39013671875,6387.56982421875,6388.39013671875,6533000
2025-07-25 16:50:00+00:00,6387.47021484375,6388.169921875,6387.41015625,6387.81005859375,5167000
2025-07-25 16:51:00+00:00,6388.740234375,6388.93994140625,6387.47998046875,6387.47998046875,3930000
2025-07-25 16:52:00+00:00,6388.81005859375,6389.080078125,6388.75,6388.77978515625,4332000
2025-07-25 16:53:00+00:00,6389.08984375,6389.41015625,6388.83984375,6388.83984375,4865000
2025-07-25 16:54:00+00:00,6389.0,6389.39013671875,6388.93017578125,6389.08984375,4284000
2025-07-25 16:55:00+00:00,6389.2900390625,6389.47021484375,6389.0,6389.02001953125,3751000
2025-07-25 16:56:00+00:00,6389.2998046875,6389.35009765625,6389.10009765625,6389.31982421875,4100000
2025-07-25 16:57:00+00:00,6389.419921875,6389.66015625,6389.1201171875,6389.27978515625,3457000
2025-07-25 16:58:00+00:00,6389.330078125,6389.43017578125,6389.1298828125,6389.39990234375,3728000
2025-07-25 16:59:00+00:00,6388.68017578125,6389.3701171875,6388.68017578125,6389.3701171875,3301000
2025-07-25 17:00:00+00:00,6388.2900390625,6388.72021484375,6387.759765625,6388.72021484375,4767000
2025-07-25 17:01:00+00:00,6388.27978515625,6388.8798828125,6388.18994140625,6388.33984375,4224000
2025-07-25 17:02:00+00:00,6388.02978515625,6388.509765625,6387.83984375,6388.259765625,4424000
2025-07-25 17:03:00+00:00,6388.25,6388.3701171875,6387.8798828125,6388.0400390625,4858000
2025-07-25 17:04:00+00:00,6388.83984375,6388.93017578125,6388.080078125,6388.169921875,4132000
2025-07-25 17:05:00+00:00,6388.77001953125,6388.91015625,6388.490234375,6388.7900390625,3323000
2025-07-25 17:06:00+00:00,6389.4599609375,6389.490234375,6388.64013671875,6388.830078125,3478000
2025-07-25 17:07:00+00:00,6389.16015625,6389.5498046875,6389.16015625,6389.4599609375,3141000
2025-07-25 17:08:00+00:00,6388.81005859375,6389.240234375,6388.7900390625,6389.14013671875,4532000
2025-07-25 17:09:00+00:00,6389.0498046875,6389.080078125,6388.6298828125,6388.7998046875,3819000
2025-07-25 17:10:00+00:00,6389.41015625,6389.43017578125,6389.06005859375,6389.080078125,3799000
2025-07-25 17:11:00+00:00,6389.68994140625,6389.68994140625,6389.240234375,6389.490234375,4683000
2025-07-25 17:12:00+00:00,6389.68994140625,6389.8701171875,6389.43017578125,6389.68994140625,3925000
2025-07-25 17:13:00+00:00,6390.47021484375,6390.52978515625,6389.39013671875,6389.7001953125,5411000
2025-07-25 17:14:00+00:00,6390.47998046875,6390.64990234375,6390.35009765625,6390.4599609375,4934000
2025-07-25 17:15:00+00:00,6389.89990234375,6390.490234375,6389.89990234375,6390.4599609375,5229000
2025-07-25 17:16:00+00:00,6389.43994140625,6390.02001953125,6389.22021484375,6389.85009765625,5443000
2025-07-25 17:17:00+00:00,6388.47021484375,6389.56005859375,6388.35009765625,6389.47021484375,5082000
2025-07-25 17:18:00+00:00,6388.52001953125,6388.830078125,6388.47998046875,6388.490234375,3944000
2025-07-25 17:19:00+00:00,6387.81982421875,6388.509765625,6387.81982421875,6388.47021484375,4107000
2025-07-25 17:20:00+00:00,6387.68017578125,6387.9599609375,6387.330078125,6387.81982421875,4816000
2025-07-25 17:21:00+00:00,6388.02978515625,6388.02978515625,6387.7001953125,6387.759765625,4321000
2025-07-25 17:22:00+00:00,6388.8701171875,6388.91015625,6387.68017578125,6388.06005859375,4842000
2025-07-25 17:23:00+00:00,6388.5498046875,6389.10009765625,6388.47021484375,6388.83984375,4366000
2025-07-25 17:24:00+00:00,6389.68017578125,6389.68017578125,6388.60986328125,6388.6201171875,4651000
2025-07-25 17:25:00+00:00,6390.35009765625,6390.68017578125,6389.60986328125,6389.68994140625,4424000
2025-07-25 17:26:00+00:00,6390.68017578125,6390.68017578125,6390.080078125,6390.35009765625,4961000
2025-07-25 17:27:00+00:00,6390.669921875,6390.8798828125,6390.35986328125,6390.7001953125,4568000
2025-07-25 17:28:00+00:00,6390.990234375,6391.14990234375,6390.509765625,6390.66015625,3823000
2025-07-25 17:29:00+00:00,6390.7998046875,6391.2001953125,6390.66015625,6391.02978515625,3371000
2025-07-25 17:30:00+00:00,6391.6298828125,6391.72021484375,6390.77978515625,6390.77978515625,5351000
2025-07-25 17:31:00+00:00,6391.6298828125,6391.740234375,6391.43017578125,6391.64990234375,3505000
2025-07-25 17:32:00+00:00,6393.25,6393.259765625,6391.47021484375,6391.60986328125,5090000
2025-07-25 17:33:00+00:00,6393.25,6393.41015625,6393.10986328125,6393.35009765625,3983000
2025-07-25 17:34:00+00:00,6393.3798828125,6393.47998046875,6393.02978515625,6393.25,4137000
2025-07-25 17:35:00+00:00,6393.5400390625,6393.5400390625,6393.0,6393.39990234375,5183000
2025-07-25 17:36:00+00:00,6393.47021484375,6393.6201171875,6392.990234375,6393.4599609375,4861000
2025-07-25 17:37:00+00:00,6393.33984375,6393.60009765625,6393.330078125,6393.4599609375,3698000
2025-07-25 17:38:00+00:00,6393.0498046875,6393.66015625,6393.0498046875,6393.25,3919000
2025-07-25 17:39:00+00:00,6392.83984375,6393.259765625,6392.83984375,6393.08984375,4086000
2025-07-25 17:40:00+00:00,6392.3798828125,6392.919921875,6392.10986328125,6392.7900390625,4305000
2025-07-25 17:41:00+00:00,6392.240234375,6392.52978515625,6392.10986328125,6392.3701171875,4557000
2025-07-25 17:42:00+00:00,6391.9599609375,6392.18017578125,6391.68994140625,6392.18017578125,3973000
2025-07-25 17:43:00+00:00,6391.759765625,6392.1201171875,6391.47998046875,6391.919921875,3533000
2025-07-25 17:44:00+00:00,6392.35009765625,6392.43017578125,6391.669921875,6391.740234375,3784000
2025-07-25 17:45:00+00:00,6392.5400390625,6392.9501953125,6392.35986328125,6392.35986328125,3985000
2025-07-25 17:46:00+00:00,6392.68017578125,6393.02978515625,6392.4501953125,6392.58984375,3660000
2025-07-25 17:47:00+00:00,6392.47998046875,6392.6201171875,6392.16015625,6392.6201171875,3150000
2025-07-25 17:48:00+00:00,6392.91015625,6392.93994140625,6392.4599609375,6392.47998046875,3460000
2025-07-25 17:49:00+00:00,6393.10009765625,6393.18994140625,6392.669921875,6392.85986328125,3226000
2025-07-25 17:50:00+00:00,6392.7998046875,6393.0,6392.47021484375,6393.0,3687000
2025-07-25 17:51:00+00:00,6392.580078125,6393.0498046875,6392.56982421875,6392.72998046875,3352000
2025-07-25 17:52:00+00:00,6392.169921875,6392.60009765625,6392.009765625,6392.60009765625,4437000
2025-07-25 17:53:00+00:00,6391.93994140625,6392.1298828125,6391.7900390625,6392.080078125,3868000
2025-07-25 17:54:00+00:00,6391.740234375,6392.009765625,6391.6298828125,6391.9501953125,4038000
2025-07-25 17:55:00+00:00,6392.68994140625,6392.7900390625,6391.72021484375,6391.72021484375,5078000
2025-07-25 17:56:00+00:00,6392.68017578125,6392.93994140625,6392.56005859375,6392.75,4060000
2025-07-25 17:57:00+00:00,6392.5,6392.740234375,6392.3798828125,6392.6298828125,3481000
2025-07-25 17:58:00+00:00,6392.6201171875,6392.85986328125,6392.509765625,6392.509765625,3375000
2025-07-25 17:59:00+00:00,6391.740234375,6392.72021484375,6391.740234375,6392.68994140625,3897000
2025-07-25 18:00:00+00:00,6391.52001953125,6392.10009765625,6391.330078125,6391.72021484375,4159000
2025-07-25 18:01:00+00:00,6391.7001953125,6391.93994140625,6391.5498046875,6391.56005859375,3608000
2025-07-25 18:02:00+00:00,6390.2001953125,6391.64013671875,6390.2001953125,6391.64013671875,5740000
2025-07-25 18:03:00+00:00,6390.52001953125,6390.6298828125,6389.830078125,6390.18017578125,4783000
2025-07-25 18:04:00+00:00,6391.27978515625,6391.3798828125,6390.5,6390.52001953125,4834000
2025-07-25 18:05:00+00:00,6391.4599609375,6391.8798828125,6391.1298828125,6391.18994140625,7184000
2025-07-25 18:06:00+00:00,6391.35009765625,6391.64013671875,6391.10986328125,6391.4599609375,4271000
2025-07-25 18:07:00+00:00,6392.66015625,6392.7998046875,6391.35986328125,6391.39990234375,5230000
2025-07-25 18:08:00+00:00,6391.7900390625,6392.77001953125,6391.080078125,6392.72021484375,5259000
2025-07-25 18:09:00+00:00,6392.02978515625,6392.10986328125,6391.77978515625,6391.7998046875,4017000
2025-07-25 18:10:00+00:00,6392.33984375,6393.169921875,6391.9599609375,6392.02978515625,4562000
2025-07-25 18:11:00+00:00,6392.64990234375,6392.990234375,6392.27001953125,6392.2998046875,3486000
2025-07-25 18:12:00+00:00,6392.93994140625,6393.06982421875,6392.58984375,6392.7099609375,3965000
2025-07-25 18:13:00+00:00,6393.990234375,6394.009765625,6392.89990234375,6392.990234375,3962000
2025-07-25 18:14:00+00:00,6394.0498046875,6394.27001953125,6393.64013671875,6393.91015625,5040000
2025-07-25 18:15:00+00:00,6394.93017578125,6395.10009765625,6393.97998046875,6394.10009765625,3850000
2025-07-25 18:16:00+00:00,6393.83984375,6394.83984375,6393.83984375,6394.83984375,3981000
2025-07-25 18:17:00+00:00,6393.77001953125,6394.240234375,6393.5498046875,6393.81005859375,3933000
2025-07-25 18:18:00+00:00,6393.6201171875,6393.91015625,6393.5400390625,6393.740234375,4120000
2025-07-25 18:19:00+00:00,6394.22998046875,6394.22998046875,6393.58984375,6393.72021484375,3881000
2025-07-25 18:20:00+00:00,6394.66015625,6394.81005859375,6394.25,6394.259765625,4539000
2025-07-25 18:21:00+00:00,6395.06982421875,6395.18994140625,6394.580078125,6394.66015625,4078000
2025-07-25 18:22:00+00:00,6395.259765625,6395.3701171875,6394.77001953125,6395.0400390625,3454000
2025-07-25 18:23:00+00:00,6394.81005859375,6395.35009765625,6394.81005859375,6395.27978515625,3876000
2025-07-25 18:24:00+00:00,6394.22021484375,6394.89013671875,6394.18017578125,6394.77978515625,4876000
2025-07-25 18:25:00+00:00,6393.7900390625,6394.52001953125,6393.77001953125,6394.31005859375,5436000
2025-07-25 18:26:00+00:00,6393.7998046875,6394.02001953125,6393.1201171875,6393.7900390625,4512000
2025-07-25 18:27:00+00:00,6393.81982421875,6394.18994140625,6393.68994140625,6393.7900390625,4237000
2025-07-25 18:28:00+00:00,6393.22021484375,6393.91015625,6393.22021484375,6393.81982421875,4303000
2025-07-25 18:29:00+00:00,6393.47021484375,6393.490234375,6393.1298828125,6393.27001953125,3600000
2025-07-25 18:30:00+00:00,6394.56982421875,6394.669921875,6393.52001953125,6393.52001953125,4347000
2025-07-25 18:31:00+00:00,6395.0498046875,6395.0498046875,6394.31005859375,6394.64013671875,4506000
2025-07-25 18:32:00+00:00,6394.33984375,6395.1201171875,6394.33984375,6395.0400390625,4271000
2025-07-25 18:33:00+00:00,6393.8701171875,6394.31982421875,6393.68017578125,6394.31982421875,3867000
2025-07-25 18:34:00+00:00,6393.83984375,6394.0498046875,6393.740234375,6393.830078125,3625000
2025-07-25 18:35:00+00:00,6394.31982421875,6394.33984375,6393.83984375,6393.89013671875,4685000
2025-07-25 18:36:00+00:00,6393.93017578125,6394.43017578125,6393.93017578125,6394.31982421875,4336000
2025-07-25 18:37:00+00:00,6394.0400390625,6394.10986328125,6393.56982421875,6393.759765625,5147000
2025-07-25 18:38:00+00:00,6394.16015625,6394.47998046875,6394.0,6394.06982421875,3905000
2025-07-25 18:39:00+00:00,6394.08984375,6394.25,6393.9501953125,6394.14013671875,3797000
2025-07-25 18:40:00+00:00,6393.85986328125,6394.1298828125,6393.72998046875,6394.06005859375,4693000
2025-07-25 18:41:00+00:00,6393.77978515625,6394.06005859375,6393.56005859375,6393.83984375,3607000
2025-07-25 18:42:00+00:00,6394.39013671875,6394.490234375,6393.7900390625,6393.89990234375,4063000
2025-07-25 18:43:00+00:00,6394.2001953125,6394.419921875,6393.97021484375,6394.419921875,3776000
2025-07-25 18:44:00+00:00,6394.4501953125,6394.68994140625,6394.22021484375,6394.22021484375,3926000
2025-07-25 18:45:00+00:00,6394.580078125,6394.6201171875,6394.08984375,6394.41015625,4558000
2025-07-25 18:46:00+00:00,6394.669921875,6394.9599609375,6394.35009765625,6394.60009765625,4382000
2025-07-25 18:47:00+00:00,6395.009765625,6395.509765625,6394.7001953125,6394.7099609375,3769000
2025-07-25 18:48:00+00:00,6394.85986328125,6395.0400390625,6394.72998046875,6395.02001953125,3301000
2025-07-25 18:49:00+00:00,6394.490234375,6394.89990234375,6394.35986328125,6394.8798828125,4089000
2025-07-25 18:50:00+00:00,6392.83984375,6394.47998046875,6392.83984375,6394.47998046875,5576000
2025-07-25 18:51:00+00:00,6393.16015625,6393.2900390625,6392.6298828125,6392.6298828125,4648000
2025-07-25 18:52:00+00:00,6393.0498046875,6393.18994140625,6392.81982421875,6393.18994140625,3971000
2025-07-25 18:53:00+00:00,6393.77001953125,6393.97021484375,6392.85009765625,6393.06005859375,5103000
2025-07-25 18:54:00+00:00,6393.27978515625,6393.81982421875,6393.22998046875,6393.7998046875,3802000
2025-07-25 18:55:00+00:00,6392.47998046875,6393.259765625,6392.2998046875,6393.259765625,4935000
2025-07-25 18:56:00+00:00,6393.419921875,6393.6298828125,6392.509765625,6392.5400390625,5469000
2025-07-25 18:57:00+00:00,6393.490234375,6393.52001953125,6393.14013671875,6393.43017578125,4790000
2025-07-25 18:58:00+00:00,6392.47021484375,6393.52001953125,6392.419921875,6393.52001953125,4812000
2025-07-25 18:59:00+00:00,6391.93017578125,6392.4599609375,6391.81982421875,6392.419921875,5063000
2025-07-25 19:00:00+00:00,6392.16015625,6392.7001953125,6391.85009765625,6391.9599609375,6608000
2025-07-25 19:01:00+00:00,6392.43017578125,6392.75,6392.14013671875,6392.14990234375,5251000
2025-07-25 19:02:00+00:00,6392.240234375,6392.7001953125,6392.1298828125,6392.39990234375,4370000
2025-07-25 19:03:00+00:00,6392.5498046875,6392.81005859375,6392.259765625,6392.31982421875,5151000
2025-07-25 19:04:00+00:00,6392.5400390625,6392.68017578125,6392.02001953125,6392.52001953125,4457000
2025-07-25 19:05:00+00:00,6392.27978515625,6392.85986328125,6392.259765625,6392.6201171875,5303000
2025-07-25 19:06:00+00:00,6392.64990234375,6392.85986328125,6392.18017578125,6392.31005859375,5013000
2025-07-25 19:07:00+00:00,6392.7900390625,6392.89990234375,6392.4501953125,6392.64990234375,4668000
2025-07-25 19:08:00+00:00,6392.64013671875,6392.97021484375,6392.52978515625,6392.77978515625,4717000
2025-07-25 19:09:00+00:00,6392.66015625,6393.0,6392.47021484375,6392.60986328125,4226000
2025-07-25 19:10:00+00:00,6394.02978515625,6394.1298828125,6392.68994140625,6392.68994140625,5728000
2025-07-25 19:11:00+00:00,6394.52001953125,6394.759765625,6393.81982421875,6393.93994140625,4948000
2025-07-25 19:12:00+00:00,6394.66015625,6394.8701171875,6394.47021484375,6394.47021484375,5128000
2025-07-25 19:13:00+00:00,6394.419921875,6394.669921875,6394.35986328125,6394.669921875,5341000
2025-07-25 19:14:00+00:00,6394.14990234375,6394.43017578125,6394.14990234375,6394.43017578125,5622000
2025-07-25 19:15:00+00:00,6394.66015625,6394.66015625,6393.83984375,6394.18994140625,4705000
2025-07-25 19:16:00+00:00,6394.5400390625,6394.77978515625,6394.39013671875,6394.669921875,4125000
2025-07-25 19:17:00+00:00,6394.91015625,6395.06005859375,6394.490234375,6394.490234375,4519000
2025-07-25 19:18:00+00:00,6394.77978515625,6394.9599609375,6394.5498046875,6394.89013671875,4720000
2025-07-25 19:19:00+00:00,6395.419921875,6395.4599609375,6394.66015625,6394.8701171875,5421000
2025-07-25 19:20:00+00:00,6395.39990234375,6395.81982421875,6395.259765625,6395.33984375,4797000
2025-07-25 19:21:00+00:00,6394.9501953125,6395.330078125,6394.7099609375,6395.31982421875,5554000
2025-07-25 19:22:00+00:00,6394.85986328125,6394.990234375,6394.60986328125,6394.990234375,5376000
2025-07-25 19:23:00+00:00,6394.419921875,6394.7998046875,6394.25,6394.77978515625,5716000
2025-07-25 19:24:00+00:00,6393.64990234375,6394.3798828125,6393.64013671875,6394.3701171875,4988000
2025-07-25 19:25:00+00:00,6393.85986328125,6394.0,6393.5400390625,6393.72021484375,6605000
2025-07-25 19:26:00+00:00,6393.52001953125,6394.33984375,6393.509765625,6393.8798828125,6106000
2025-07-25 19:27:00+00:00,6393.5,6393.7001953125,6393.18017578125,6393.52978515625,5852000
2025-07-25 19:28:00+00:00,6393.22998046875,6393.509765625,6392.85009765625,6393.35986328125,6871000
2025-07-25 19:29:00+00:00,6393.41015625,6393.41015625,6393.10986328125,6393.27978515625,6853000
2025-07-25 19:30:00+00:00,6393.7900390625,6393.85986328125,6393.0498046875,6393.3798828125,6965000
2025-07-25 19:31:00+00:00,6392.93994140625,6393.85009765625,6392.93994140625,6393.85009765625,5919000
2025-07-25 19:32:00+00:00,6393.33984375,6393.33984375,6392.85009765625,6392.93994140625,6602000
2025-07-25 19:33:00+00:00,6392.93994140625,6393.41015625,6392.93017578125,6393.3701171875,6072000
2025-07-25 19:34:00+00:00,6392.9599609375,6393.259765625,6392.72998046875,6393.009765625,6390000
2025-07-25 19:35:00+00:00,6393.18017578125,6393.33984375,6392.68017578125,6392.89013671875,7886000
2025-07-25 19:36:00+00:00,6394.4501953125,6394.47021484375,6393.06005859375,6393.18017578125,7272000
2025-07-25 19:37:00+00:00,6394.58984375,6394.64990234375,6394.31005859375,6394.39013671875,6478000
2025-07-25 19:38:00+00:00,6394.47998046875,6394.68994140625,6394.35009765625,6394.56982421875,6573000
2025-07-25 19:39:00+00:00,6394.0,6394.5498046875,6393.8798828125,6394.5498046875,7926000
2025-07-25 19:40:00+00:00,6394.43994140625,6394.68017578125,6393.89990234375,6394.02978515625,7307000
2025-07-25 19:41:00+00:00,6394.14013671875,6394.740234375,6394.14013671875,6394.47998046875,7042000
2025-07-25 19:42:00+00:00,6393.740234375,6394.08984375,6393.490234375,6394.08984375,7598000
2025-07-25 19:43:00+00:00,6393.1298828125,6393.77001953125,6393.1298828125,6393.77001953125,6764000
2025-07-25 19:44:00+00:00,6392.89013671875,6393.52001953125,6392.8798828125,6393.1201171875,7379000
2025-07-25 19:45:00+00:00,6393.16015625,6393.31005859375,6392.5,6392.89013671875,8444000
2025-07-25 19:46:00+00:00,6393.7998046875,6393.919921875,6393.10986328125,6393.10986328125,8191000
2025-07-25 19:47:00+00:00,6393.89990234375,6394.02978515625,6393.27978515625,6393.81005859375,9091000
2025-07-25 19:48:00+00:00,6393.509765625,6393.93994140625,6393.419921875,6393.93017578125,9605000
2025-07-25 19:49:00+00:00,6392.919921875,6393.5,6392.81005859375,6393.5,11309000
2025-07-25 19:50:00+00:00,6391.919921875,6392.91015625,6391.0400390625,6392.91015625,16428000
2025-07-25 19:51:00+00:00,6390.4599609375,6391.9501953125,6390.18017578125,6391.9501953125,15098000
2025-07-25 19:52:00+00:00,6389.7099609375,6390.60986328125,6389.4501953125,6390.3798828125,13995000
2025-07-25 19:53:00+00:00,6390.27978515625,6390.43994140625,6389.31005859375,6389.85009765625,14844000
2025-07-25 19:54:00+00:00,6388.8701171875,6391.080078125,6388.85009765625,6390.259765625,20585000
2025-07-25 19:55:00+00:00,6387.81005859375,6388.7998046875,6386.240234375,6388.7998046875,28999000
2025-07-25 19:56:00+00:00,6390.759765625,6390.81982421875,6387.2900390625,6387.7998046875,27651000
2025-07-25 19:57:00+00:00,6390.990234375,6391.06982421875,6389.66015625,6390.6298828125,28827000
2025-07-25 19:58:00+00:00,6389.60009765625,6391.60009765625,6389.58984375,6391.0400390625,40779000
2025-07-25 19:59:00+00:00,6389.58984375,6390.4501953125,6386.85986328125,6389.43017578125,76100000
2025-07-28 13:30:00+00:00,6399.490234375,6399.91015625,6395.89990234375,6397.68994140625,0
2025-07-28 13:31:00+00:00,6396.83984375,6400.56005859375,6395.68017578125,6399.1298828125,19523156
2025-07-28 13:32:00+00:00,6396.4501953125,6397.16015625,6395.419921875,6397.10986328125,13970388
2025-07-28 13:33:00+00:00,6397.3701171875,6398.259765625,6395.85009765625,6396.25,12457865
2025-07-28 13:34:00+00:00,6396.259765625,6397.58984375,6395.2099609375,6397.509765625,10633299
2025-07-28 13:35:00+00:00,6396.93017578125,6397.33984375,6395.31982421875,6396.259765625,10877805
2025-07-28 13:36:00+00:00,6397.27978515625,6397.52001953125,6395.43017578125,6397.0400390625,10605861
2025-07-28 13:37:00+00:00,6396.93994140625,6397.2099609375,6395.3701171875,6397.16015625,8952200
2025-07-28 13:38:00+00:00,6395.3798828125,6397.27978515625,6395.3798828125,6397.27001953125,9108910
2025-07-28 13:39:00+00:00,6394.31005859375,6395.6298828125,6393.490234375,6395.56982421875,10439842
2025-07-28 13:40:00+00:00,6393.56005859375,6394.39013671875,6392.08984375,6394.39013671875,8921002
2025-07-28 13:41:00+00:00,6394.27001953125,6394.35986328125,6392.02978515625,6393.7900390625,8874937
2025-07-28 13:42:00+00:00,6394.06982421875,6394.39013671875,6393.330078125,6394.2998046875,8331895
2025-07-28 13:43:00+00:00,6393.14990234375,6394.64013671875,6393.009765625,6394.0498046875,7824848
2025-07-28 13:44:00+00:00,6394.68017578125,6394.68017578125,6393.22021484375,6393.22021484375,8305379
2025-07-28 13:45:00+00:00,6397.0400390625,6397.27978515625,6394.35009765625,6394.6298828125,9884746
2025-07-28 13:46:00+00:00,6396.41015625,6398.02001953125,6396.35009765625,6397.10986328125,9715458
2025-07-28 13:47:00+00:00,6395.6298828125,6396.85986328125,6394.8798828125,6396.33984375,8665767
2025-07-28 13:48:00+00:00,6393.509765625,6395.60009765625,6393.4599609375,6395.60009765625,7780303
2025-07-28 13:49:00+00:00,6393.2099609375,6393.740234375,6392.740234375,6393.47998046875,9829640
2025-07-28 13:50:00+00:00,6393.31982421875,6393.85009765625,6392.68017578125,6393.3701171875,8608837
2025-07-28 13:51:00+00:00,6394.7998046875,6394.81005859375,6392.93994140625,6393.14990234375,8438663
2025-07-28 13:52:00+00:00,6394.6201171875,6394.85986328125,6393.02001953125,6394.85986328125,8196835
2025-07-28 13:53:00+00:00,6395.52978515625,6395.52978515625,6394.14013671875,6394.509765625,7397432
2025-07-28 13:54:00+00:00,6393.85986328125,6395.75,6393.85986328125,6395.60986328125,6960751
2025-07-28 13:55:00+00:00,6392.7900390625,6393.6298828125,6392.06982421875,6393.52978515625,7341564
2025-07-28 13:56:00+00:00,6392.759765625,6393.43017578125,6392.580078125,6392.8798828125,7854584
2025-07-28 13:57:00+00:00,6394.0,6394.0,6392.64990234375,6392.919921875,7614251
2025-07-28 13:58:00+00:00,6395.41015625,6395.5400390625,6393.919921875,6394.02001953125,7824640
2025-07-28 13:59:00+00:00,6396.27001953125,6396.27001953125,6394.85986328125,6395.43017578125,9994724
2025-07-28 14:00:00+00:00,6395.419921875,6396.02978515625,6394.27978515625,6395.5,11017484
2025-07-28 14:01:00+00:00,6395.580078125,6395.81982421875,6394.89990234375,6395.39990234375,9754648
2025-07-28 14:02:00+00:00,6396.10986328125,6396.18017578125,6395.10009765625,6395.60986328125,8924928
2025-07-28 14:03:00+00:00,6396.27978515625,6396.27978515625,6395.2001953125,6396.14013671875,8198678
2025-07-28 14:04:00+00:00,6396.75,6397.009765625,6396.16015625,6396.35009765625,7219632
2025-07-28 14:05:00+00:00,6398.85986328125,6399.33984375,6396.759765625,6396.89013671875,9239187
2025-07-28 14:06:00+00:00,6399.240234375,6399.830078125,6398.68017578125,6398.9599609375,8252389
2025-07-28 14:07:00+00:00,6399.0498046875,6399.509765625,6398.89013671875,6399.27001953125,8048249
2025-07-28 14:08:00+00:00,6399.4501953125,6399.9599609375,6399.0498046875,6399.10009765625,7741546
2025-07-28 14:09:00+00:00,6399.31982421875,6400.08984375,6398.830078125,6399.509765625,8033008
2025-07-28 14:10:00+00:00,6398.22998046875,6399.56005859375,6398.14013671875,6399.330078125,7562567
2025-07-28 14:11:00+00:00,6396.75,6398.27978515625,6396.72021484375,6398.2001953125,7571884
2025-07-28 14:12:00+00:00,6398.18017578125,6398.2900390625,6396.77978515625,6396.77978515625,8606497
2025-07-28 14:13:00+00:00,6398.89013671875,6399.52001953125,6398.16015625,6398.16015625,6819896
2025-07-28 14:14:00+00:00,6400.16015625,6400.259765625,6398.64990234375,6398.75,6779824
2025-07-28 14:15:00+00:00,6400.60986328125,6400.77978515625,6399.89990234375,6400.169921875,8031254
2025-07-28 14:16:00+00:00,6400.5400390625,6400.75,6400.080078125,6400.60986328125,6908438
2025-07-28 14:17:00+00:00,6400.31982421875,6401.06982421875,6400.10986328125,6400.66015625,7575864
2025-07-28 14:18:00+00:00,6399.419921875,6400.22998046875,6398.91015625,6400.22998046875,7669745
2025-07-28 14:19:00+00:00,6398.7099609375,6399.68994140625,6398.18017578125,6399.4501953125,6733516
2025-07-28 14:20:00+00:00,6399.06982421875,6399.990234375,6398.8798828125,6398.8798828125,6981123
2025-07-28 14:21:00+00:00,6394.990234375,6399.33984375,6394.740234375,6399.10009765625,8517134
2025-07-28 14:22:00+00:00,6397.2099609375,6397.419921875,6394.080078125,6394.97998046875,6792898
2025-07-28 14:23:00+00:00,6397.89990234375,6398.06982421875,6397.10986328125,6397.330078125,6492903
2025-07-28 14:24:00+00:00,6395.25,6397.85986328125,6395.18994140625,6397.85986328125,9099978
2025-07-28 14:25:00+00:00,6396.77001953125,6396.81005859375,6394.669921875,6395.22998046875,9223669
2025-07-28 14:26:00+00:00,6398.41015625,6398.68994140625,6396.85009765625,6396.85009765625,7504564
2025-07-28 14:27:00+00:00,6397.72021484375,6398.43017578125,6397.56982421875,6398.43017578125,6041919
2025-07-28 14:28:00+00:00,6397.8798828125,6398.02978515625,6397.27978515625,6397.77978515625,5152522
2025-07-28 14:29:00+00:00,6398.08984375,6398.10986328125,6397.2099609375,6398.0,5876263
2025-07-28 14:30:00+00:00,6397.22998046875,6398.89013671875,6397.0400390625,6397.990234375,8830517
2025-07-28 14:31:00+00:00,6397.5400390625,6397.759765625,6396.7900390625,6397.31005859375,6987058
2025-07-28 14:32:00+00:00,6397.83984375,6398.10986328125,6397.3798828125,6397.58984375,6319050
2025-07-28 14:33:00+00:00,6397.0498046875,6397.9501953125,6397.0498046875,6397.85009765625,6879820
2025-07-28 14:34:00+00:00,6396.9599609375,6397.580078125,6396.77001953125,6397.1201171875,6414766
2025-07-28 14:35:00+00:00,6395.81005859375,6397.08984375,6395.7900390625,6396.990234375,7644587
2025-07-28 14:36:00+00:00,6395.91015625,6396.4599609375,6395.22021484375,6395.85986328125,6297761
2025-07-28 14:37:00+00:00,6396.7001953125,6396.93994140625,6395.9501953125,6395.9501953125,6235560
2025-07-28 14:38:00+00:00,6397.35986328125,6397.35986328125,6396.39990234375,6396.75,6083788
2025-07-28 14:39:00+00:00,6397.83984375,6397.83984375,6396.9501953125,6397.240234375,5896758
2025-07-28 14:40:00+00:00,6397.5,6397.7998046875,6396.77978515625,6397.7900390625,7206120
2025-07-28 14:41:00+00:00,6398.68994140625,6398.83984375,6397.41015625,6397.6201171875,5955217
2025-07-28 14:42:00+00:00,6399.25,6399.3798828125,6398.66015625,6398.740234375,6021343
2025-07-28 14:43:00+00:00,6399.0,6399.4501953125,6398.6201171875,6399.27978515625,6245485
2025-07-28 14:44:00+00:00,6398.64990234375,6399.1298828125,6398.2099609375,6399.06005859375,6320030
2025-07-28 14:45:00+00:00,6397.77978515625,6398.83984375,6397.68017578125,6398.72998046875,5887847
2025-07-28 14:46:00+00:00,6397.18994140625,6398.22998046875,6397.14013671875,6397.9501953125,5508116
2025-07-28 14:47:00+00:00,6397.97021484375,6397.97021484375,6397.02978515625,6397.18017578125,5197657
2025-07-28 14:48:00+00:00,6397.56005859375,6397.97998046875,6397.490234375,6397.97998046875,6028749
2025-07-28 14:49:00+00:00,6397.6201171875,6397.64990234375,6397.0498046875,6397.5400390625,5514308
2025-07-28 14:50:00+00:00,6396.89990234375,6397.66015625,6396.39990234375,6397.58984375,6222160
2025-07-28 14:51:00+00:00,6396.009765625,6397.27001953125,6396.0,6396.9501953125,6244571
2025-07-28 14:52:00+00:00,6394.5400390625,6396.18017578125,6394.5400390625,6396.0,5317038
2025-07-28 14:53:00+00:00,6393.93994140625,6394.56982421875,6393.6201171875,6394.5498046875,5620660
2025-07-28 14:54:00+00:00,6393.75,6394.14013671875,6393.5,6394.02001953125,6005213
2025-07-28 14:55:00+00:00,6394.0,6394.43017578125,6393.27978515625,6393.7001953125,6112313
2025-07-28 14:56:00+00:00,6393.1201171875,6394.27978515625,6392.919921875,6393.7900390625,6030679
2025-07-28 14:57:00+00:00,6393.52978515625,6393.66015625,6392.7998046875,6393.22021484375,6049118
2025-07-28 14:58:00+00:00,6395.14013671875,6395.14013671875,6393.56982421875,6393.580078125,5338014
2025-07-28 14:59:00+00:00,6394.669921875,6395.14990234375,6394.35009765625,6395.1201171875,6228807
2025-07-28 15:00:00+00:00,6394.06005859375,6394.919921875,6394.06005859375,6394.4501953125,6315126
2025-07-28 15:01:00+00:00,6392.4599609375,6393.89990234375,6392.4599609375,6393.89990234375,6450810
2025-07-28 15:02:00+00:00,6393.27001953125,6393.9599609375,6392.5498046875,6392.60009765625,6753719
2025-07-28 15:03:00+00:00,6394.0498046875,6394.2900390625,6392.7099609375,6392.91015625,6050733
2025-07-28 15:04:00+00:00,6393.5,6394.18994140625,6393.5,6394.080078125,4582544
2025-07-28 15:05:00+00:00,6395.0498046875,6395.14990234375,6393.5400390625,6393.669921875,5662575
2025-07-28 15:06:00+00:00,6394.81005859375,6394.9501953125,6394.31005859375,6394.9501953125,5051794
2025-07-28 15:07:00+00:00,6394.72021484375,6395.080078125,6394.18017578125,6394.81982421875,4931564
2025-07-28 15:08:00+00:00,6395.22998046875,6395.330078125,6394.22021484375,6394.7900390625,4991489
2025-07-28 15:09:00+00:00,6394.7001953125,6395.259765625,6394.5498046875,6395.2001953125,5801872
2025-07-28 15:10:00+00:00,6394.16015625,6394.7998046875,6394.16015625,6394.77001953125,5335433
2025-07-28 15:11:00+00:00,6394.58984375,6394.58984375,6393.91015625,6394.22998046875,5667954
2025-07-28 15:12:00+00:00,6394.56005859375,6394.56005859375,6394.3798828125,6394.52978515625,2265985
2025-07-28 15:13:00+00:00,6393.259765625,6393.7900390625,6393.169921875,6393.66015625,8488955
2025-07-28 15:14:00+00:00,6394.169921875,6394.27978515625,6393.31982421875,6393.31982421875,5245928
2025-07-28 15:15:00+00:00,6394.0498046875,6394.56982421875,6393.740234375,6394.169921875,6049124
2025-07-28 15:16:00+00:00,6394.56982421875,6394.85986328125,6394.02001953125,6394.10009765625,5973762
2025-07-28 15:17:00+00:00,6392.169921875,6394.72998046875,6392.08984375,6394.509765625,6108610
2025-07-28 15:18:00+00:00,6390.08984375,6392.31982421875,6390.08984375,6392.31982421875,5540658
2025-07-28 15:19:00+00:00,6387.330078125,6389.7900390625,6386.35986328125,6389.72998046875,7276054
2025-07-28 15:20:00+00:00,6383.9501953125,6387.35009765625,6383.9501953125,6387.35009765625,7463000
2025-07-28 15:21:00+00:00,6386.60009765625,6386.85009765625,6383.759765625,6383.83984375,7043168
2025-07-28 15:22:00+00:00,6387.2099609375,6387.35009765625,6385.85009765625,6386.5498046875,5142662
2025-07-28 15:23:00+00:00,6388.990234375,6389.06982421875,6387.2099609375,6387.2099609375,5372293
2025-07-28 15:24:00+00:00,6389.64990234375,6389.7099609375,6388.10009765625,6388.97998046875,5912286
2025-07-28 15:25:00+00:00,6389.39990234375,6389.68994140625,6388.64013671875,6389.6298828125,5301994
2025-07-28 15:26:00+00:00,6389.35986328125,6390.27001953125,6389.10986328125,6389.56982421875,7383033
2025-07-28 15:27:00+00:00,6389.240234375,6389.740234375,6389.1201171875,6389.3701171875,5034503
2025-07-28 15:28:00+00:00,6389.64990234375,6390.009765625,6388.9501953125,6389.169921875,5138721
2025-07-28 15:29:00+00:00,6391.08984375,6391.16015625,6389.58984375,6389.60009765625,5380151
2025-07-28 15:30:00+00:00,6391.10009765625,6391.2900390625,6390.93994140625,6391.1298828125,4345063
2025-07-28 15:32:00+00:00,6392.27001953125,6392.830078125,6392.08984375,6392.08984375,10757226
2025-07-28 15:33:00+00:00,6391.43994140625,6392.4599609375,6391.43994140625,6392.1201171875,4128288
2025-07-28 15:34:00+00:00,6392.0400390625,6392.0400390625,6391.4501953125,6391.4501953125,3914238
2025-07-28 15:35:00+00:00,6393.22021484375,6393.35986328125,6391.97021484375,6391.97021484375,4216948
2025-07-28 15:36:00+00:00,6393.77978515625,6394.0498046875,6392.740234375,6393.2099609375,4406420
2025-07-28 15:37:00+00:00,6393.72021484375,6393.81005859375,6393.31005859375,6393.81005859375,4242309
2025-07-28 15:38:00+00:00,6392.9599609375,6393.7001953125,6392.93994140625,6393.7001953125,3810914
2025-07-28 15:39:00+00:00,6392.509765625,6393.7099609375,6392.509765625,6393.02001953125,6168519
2025-07-28 15:40:00+00:00,6392.39013671875,6393.31005859375,6392.2998046875,6392.47998046875,4375847
2025-07-28 15:41:00+00:00,6393.009765625,6393.39013671875,6392.330078125,6392.43017578125,4119263
2025-07-28 15:42:00+00:00,6393.18017578125,6393.4599609375,6392.9501953125,6392.9501953125,3881341
2025-07-28 15:43:00+00:00,6392.89013671875,6393.2001953125,6392.72998046875,6393.18994140625,3115000
2025-07-28 15:44:00+00:00,6393.18017578125,6393.2001953125,6392.64013671875,6392.97021484375,3899000
2025-07-28 15:45:00+00:00,6393.4501953125,6393.6298828125,6392.97998046875,6393.22998046875,3936000
2025-07-28 15:46:00+00:00,6392.89013671875,6393.47021484375,6392.89013671875,6393.39990234375,3971000
2025-07-28 15:47:00+00:00,6392.75,6392.919921875,6392.5,6392.8701171875,3608000
2025-07-28 15:48:00+00:00,6393.72021484375,6393.75,6392.18994140625,6392.77001953125,4504000
2025-07-28 15:49:00+00:00,6393.66015625,6393.9501953125,6393.169921875,6393.68017578125,4004000
2025-07-28 15:50:00+00:00,6394.56982421875,6394.60009765625,6393.2099609375,6393.64013671875,5041000
2025-07-28 15:51:00+00:00,6395.22021484375,6395.43994140625,6394.39990234375,6394.5,4150000
2025-07-28 15:52:00+00:00,6395.3701171875,6395.6298828125,6395.1298828125,6395.2001953125,3561000
2025-07-28 15:53:00+00:00,6394.85986328125,6395.3701171875,6394.58984375,6395.3701171875,4292000
2025-07-28 15:54:00+00:00,6395.5,6395.5,6394.85986328125,6394.85986328125,3942000
2025-07-28 15:55:00+00:00,6395.91015625,6396.02001953125,6395.5,6395.509765625,3780000
2025-07-28 15:56:00+00:00,6394.81982421875,6395.91015625,6394.72998046875,6395.8798828125,3924000
2025-07-28 15:57:00+00:00,6394.93017578125,6394.97998046875,6394.64013671875,6394.89990234375,4146000
2025-07-28 15:58:00+00:00,6395.0400390625,6395.14990234375,6394.47021484375,6394.93994140625,4335000
2025-07-28 15:59:00+00:00,6394.41015625,6395.009765625,6394.39013671875,6395.009765625,4816000
2025-07-28 16:00:00+00:00,6392.89013671875,6394.2998046875,6392.89013671875,6394.2998046875,4569000
2025-07-28 16:01:00+00:00,6393.16015625,6393.259765625,6392.47998046875,6392.91015625,4313000
2025-07-28 16:02:00+00:00,6393.93994140625,6393.93994140625,6393.35986328125,6393.47998046875,3913000
2025-07-28 16:03:00+00:00,6394.18994140625,6394.330078125,6393.52001953125,6393.85009765625,4090000
2025-07-28 16:04:00+00:00,6393.8701171875,6394.31982421875,6393.85986328125,6394.2001953125,4363000
2025-07-28 16:05:00+00:00,6393.81982421875,6394.06982421875,6393.68994140625,6393.8798828125,4090000
2025-07-28 16:06:00+00:00,6392.85009765625,6393.85009765625,6392.85009765625,6393.85009765625,4438000
2025-07-28 16:07:00+00:00,6393.7001953125,6393.740234375,6392.669921875,6392.830078125,5115000
2025-07-28 16:08:00+00:00,6392.4501953125,6393.75,6392.4501953125,6393.68994140625,4311000
2025-07-28 16:09:00+00:00,6391.2900390625,6392.47998046875,6391.2900390625,6392.4599609375,4116000
2025-07-28 16:10:00+00:00,6391.93017578125,6391.990234375,6391.14013671875,6391.2998046875,4986000
2025-07-28 16:11:00+00:00,6392.2900390625,6392.2900390625,6390.97998046875,6391.89013671875,3915000
2025-07-28 16:12:00+00:00,6392.22998046875,6392.52978515625,6391.830078125,6392.259765625,3398000
2025-07-28 16:13:00+00:00,6392.990234375,6393.06005859375,6391.89990234375,6392.169921875,3633000
2025-07-28 16:14:00+00:00,6393.02001953125,6393.02001953125,6392.919921875,6393.0,3760000
2025-07-28 16:15:00+00:00,6392.93017578125,6393.27001953125,6392.85986328125,6393.02001953125,4565000
2025-07-28 16:16:00+00:00,6393.259765625,6393.2900390625,6392.39990234375,6393.009765625,5656000
2025-07-28 16:17:00+00:00,6394.7900390625,6394.7900390625,6393.16015625,6393.27001953125,5344000
2025-07-28 16:18:00+00:00,6394.8701171875,6395.08984375,6394.66015625,6394.97021484375,5054000
2025-07-28 16:19:00+00:00,6394.33984375,6394.830078125,6394.06982421875,6394.81982421875,4599000
2025-07-28 16:20:00+00:00,6395.3701171875,6395.56982421875,6394.22021484375,6394.419921875,4243000
2025-07-28 16:21:00+00:00,6395.68994140625,6395.72998046875,6395.240234375,6395.39990234375,4392000
2025-07-28 16:22:00+00:00,6395.25,6396.31005859375,6395.2001953125,6395.68994140625,4172000
2025-07-28 16:23:00+00:00,6395.08984375,6395.419921875,6394.75,6395.27001953125,3737000
2025-07-28 16:24:00+00:00,6394.77978515625,6395.10009765625,6394.4599609375,6395.10009765625,3785000
2025-07-28 16:25:00+00:00,6394.7900390625,6394.8798828125,6394.2900390625,6394.759765625,3900000
2025-07-28 16:26:00+00:00,6394.60009765625,6394.9501953125,6394.5,6394.81005859375,4540000
2025-07-28 16:27:00+00:00,6393.72021484375,6394.4501953125,6393.31005859375,6394.4501953125,3570000
2025-07-28 16:28:00+00:00,6394.18017578125,6394.2099609375,6393.66015625,6393.68994140625,3542000
2025-07-28 16:29:00+00:00,6394.259765625,6394.3701171875,6393.85986328125,6394.18994140625,3951000
2025-07-28 16:30:00+00:00,6393.33984375,6394.31982421875,6393.2099609375,6394.31982421875,4086000
2025-07-28 16:31:00+00:00,6392.8701171875,6393.8701171875,6392.8701171875,6393.3798828125,3791000
2025-07-28 16:32:00+00:00,6392.5400390625,6392.89013671875,6392.27001953125,6392.89013671875,3530000
2025-07-28 16:33:00+00:00,6392.259765625,6392.5498046875,6391.9599609375,6392.5498046875,2956000
2025-07-28 16:34:00+00:00,6392.31982421875,6392.56005859375,6391.9501953125,6392.31982421875,3478000
2025-07-28 16:35:00+00:00,6392.10986328125,6392.60009765625,6392.10986328125,6392.31982421875,3403000
2025-07-28 16:36:00+00:00,6391.47021484375,6392.25,6391.47021484375,6392.10986328125,3972000
2025-07-28 16:37:00+00:00,6391.9599609375,6392.1298828125,6391.47021484375,6391.47021484375,3595000
2025-07-28 16:38:00+00:00,6391.33984375,6391.97021484375,6391.27978515625,6391.81982421875,3462000
2025-07-28 16:39:00+00:00,6391.41015625,6391.6201171875,6391.14990234375,6391.35009765625,3005000
2025-07-28 16:40:00+00:00,6392.240234375,6392.27001953125,6391.4599609375,6391.4599609375,3672000
2025-07-28 16:41:00+00:00,6392.1298828125,6392.25,6391.7001953125,6392.25,3884000
2025-07-28 16:42:00+00:00,6392.41015625,6392.75,6392.1298828125,6392.18017578125,3572000
2025-07-28 16:43:00+00:00,6392.27978515625,6392.56982421875,6392.1298828125,6392.4501953125,3733000
2025-07-28 16:44:00+00:00,6391.830078125,6392.2998046875,6391.7998046875,6392.259765625,2909000
2025-07-28 16:45:00+00:00,6390.3701171875,6391.89990234375,6390.31982421875,6391.89990234375,3919000
2025-07-28 16:46:00+00:00,6389.97021484375,6390.43017578125,6389.2099609375,6390.330078125,4802000
2025-07-28 16:47:00+00:00,6389.080078125,6390.18994140625,6389.0400390625,6389.89990234375,3320000
2025-07-28 16:48:00+00:00,6389.35009765625,6389.419921875,6388.81005859375,6389.08984375,4205000
2025-07-28 16:49:00+00:00,6389.259765625,6389.31982421875,6388.91015625,6389.31982421875,3507000
2025-07-28 16:50:00+00:00,6388.919921875,6389.52978515625,6388.8701171875,6389.27978515625,3185000
2025-07-28 16:51:00+00:00,6388.89013671875,6389.6298828125,6388.89013671875,6388.93017578125,3695000
2025-07-28 16:52:00+00:00,6388.18994140625,6388.81005859375,6388.009765625,6388.81005859375,3452000
2025-07-28 16:53:00+00:00,6388.7099609375,6388.7099609375,6387.759765625,6388.06982421875,3091000
2025-07-28 16:54:00+00:00,6388.4501953125,6388.89013671875,6388.080078125,6388.77001953125,3751000
2025-07-28 16:55:00+00:00,6389.10009765625,6389.35009765625,6388.47021484375,6388.47021484375,2942000
2025-07-28 16:56:00+00:00,6389.43994140625,6389.52001953125,6388.7099609375,6389.10009765625,3403000
2025-07-28 16:57:00+00:00,6389.39013671875,6389.47998046875,6389.06005859375,6389.39013671875,3383000
2025-07-28 16:58:00+00:00,6389.10009765625,6389.43994140625,6388.85986328125,6389.3701171875,3223000
2025-07-28 16:59:00+00:00,6389.16015625,6389.43017578125,6388.919921875,6389.18017578125,4539000
2025-07-28 17:00:00+00:00,6390.16015625,6390.669921875,6389.16015625,6389.16015625,5594000
2025-07-28 17:01:00+00:00,6389.43994140625,6390.7998046875,6389.419921875,6390.18017578125,5754000
2025-07-28 17:02:00+00:00,6390.06005859375,6390.5400390625,6388.27978515625,6389.4599609375,5511000
2025-07-28 17:03:00+00:00,6390.009765625,6390.14990234375,6388.91015625,6390.0498046875,4118000
2025-07-28 17:04:00+00:00,6390.91015625,6390.919921875,6389.83984375,6390.02001953125,4417000
2025-07-28 17:05:00+00:00,6391.25,6391.66015625,6390.43017578125,6390.91015625,5160000
2025-07-28 17:06:00+00:00,6390.52001953125,6391.580078125,6389.990234375,6391.31005859375,4723000
2025-07-28 17:07:00+00:00,6390.35009765625,6390.68994140625,6390.18017578125,6390.5,4154000
2025-07-28 17:08:00+00:00,6389.93017578125,6390.3701171875,6389.8701171875,6390.33984375,3312000
2025-07-28 17:09:00+00:00,6389.9599609375,6390.2099609375,6389.85009765625,6389.97998046875,3741000
2025-07-28 17:10:00+00:00,6390.14013671875,6390.2998046875,6389.64990234375,6389.9501953125,3990000
2025-07-28 17:11:00+00:00,6390.97998046875,6391.10009765625,6390.080078125,6390.1201171875,4390000
2025-07-28 17:12:00+00:00,6389.9501953125,6391.02978515625,6389.7900390625,6391.02001953125,4015000
2025-07-28 17:13:00+00:00,6390.10986328125,6390.35986328125,6389.9501953125,6389.9501953125,3982000
2025-07-28 17:14:00+00:00,6390.2900390625,6390.39013671875,6389.93994140625,6390.10009765625,3254000
2025-07-28 17:15:00+00:00,6389.2998046875,6390.35986328125,6389.259765625,6390.35009765625,3722000
2025-07-28 17:16:00+00:00,6389.169921875,6389.490234375,6389.169921875,6389.25,3588000
2025-07-28 17:17:00+00:00,6386.97021484375,6389.18017578125,6386.93994140625,6389.16015625,4525000
2025-07-28 17:18:00+00:00,6385.169921875,6387.06005859375,6383.669921875,6386.97021484375,5925000
2025-07-28 17:19:00+00:00,6384.72021484375,6385.33984375,6384.72021484375,6385.16015625,3353000
2025-07-28 17:20:00+00:00,6384.66015625,6384.919921875,6383.8798828125,6384.58984375,5167000
2025-07-28 17:21:00+00:00,6385.81005859375,6385.8798828125,6384.64013671875,6384.64013671875,3504000
2025-07-28 17:22:00+00:00,6384.990234375,6386.580078125,6384.990234375,6385.83984375,4009000
2025-07-28 17:23:00+00:00,6384.22021484375,6385.0,6384.06005859375,6385.0,4694000
2025-07-28 17:24:00+00:00,6382.97998046875,6384.31982421875,6382.93017578125,6384.08984375,4900000
2025-07-28 17:25:00+00:00,6382.9501953125,6383.25,6382.35009765625,6382.990234375,5585000
2025-07-28 17:26:00+00:00,6383.16015625,6383.240234375,6382.759765625,6382.9501953125,4509000
2025-07-28 17:27:00+00:00,6384.6201171875,6384.6298828125,6383.27978515625,6383.27978515625,4416000
2025-07-28 17:28:00+00:00,6384.5498046875,6385.06982421875,6384.419921875,6384.6201171875,3308000
2025-07-28 17:29:00+00:00,6383.25,6384.56005859375,6383.22998046875,6384.52978515625,3526000
2025-07-28 17:30:00+00:00,6385.02001953125,6385.02001953125,6383.06982421875,6383.1298828125,3931000
2025-07-28 17:31:00+00:00,6385.68017578125,6385.68017578125,6384.27978515625,6384.990234375,5245000
2025-07-28 17:32:00+00:00,6386.14990234375,6386.14990234375,6385.18017578125,6385.68994140625,3373000
2025-07-28 17:33:00+00:00,6386.1201171875,6386.72998046875,6386.06982421875,6386.16015625,3451000
2025-07-28 17:34:00+00:00,6385.89013671875,6386.22998046875,6385.83984375,6386.1201171875,3467000
2025-07-28 17:35:00+00:00,6386.6201171875,6386.990234375,6385.81982421875,6385.85986328125,4712000
2025-07-28 17:36:00+00:00,6386.60986328125,6386.81982421875,6386.4599609375,6386.6298828125,3700000
2025-07-28 17:37:00+00:00,6386.7099609375,6386.7099609375,6386.14013671875,6386.580078125,3400000
2025-07-28 17:38:00+00:00,6385.97021484375,6386.7998046875,6385.97021484375,6386.6201171875,3622000
2025-07-28 17:39:00+00:00,6385.77001953125,6385.97998046875,6385.39990234375,6385.97998046875,3716000
2025-07-28 17:40:00+00:00,6386.919921875,6387.14013671875,6385.68017578125,6385.72021484375,3988000
2025-07-28 17:41:00+00:00,6386.919921875,6387.02001953125,6386.669921875,6386.85009765625,3381000
2025-07-28 17:42:00+00:00,6386.8701171875,6387.14013671875,6386.64013671875,6386.919921875,3518000
2025-07-28 17:43:00+00:00,6386.0,6386.89990234375,6386.0,6386.830078125,3967000
2025-07-28 17:44:00+00:00,6386.93994140625,6386.990234375,6385.7900390625,6385.93017578125,3463000
2025-07-28 17:45:00+00:00,6386.9599609375,6387.39013671875,6386.8798828125,6386.97021484375,3314000
2025-07-28 17:46:00+00:00,6386.7001953125,6386.9599609375,6386.27001953125,6386.9599609375,3769000
2025-07-28 17:47:00+00:00,6386.81005859375,6387.009765625,6386.6298828125,6386.7001953125,3456000
2025-07-28 17:48:00+00:00,6386.60009765625,6386.93994140625,6386.52978515625,6386.75,3199000
2025-07-28 17:49:00+00:00,6384.81005859375,6386.52001953125,6384.75,6386.509765625,4013000
2025-07-28 17:50:00+00:00,6384.7001953125,6385.14013671875,6384.43017578125,6384.68994140625,3105000
2025-07-28 17:51:00+00:00,6383.81982421875,6385.0,6383.77001953125,6384.68017578125,4439000
2025-07-28 17:52:00+00:00,6383.93017578125,6384.52978515625,6383.7001953125,6383.759765625,4411000
2025-07-28 17:53:00+00:00,6383.97021484375,6384.52978515625,6383.89990234375,6383.990234375,3307000
2025-07-28 17:54:00+00:00,6383.1201171875,6384.009765625,6383.1201171875,6383.9501953125,3768000
2025-07-28 17:55:00+00:00,6383.97998046875,6384.06982421875,6383.16015625,6383.18017578125,3993000
2025-07-28 17:56:00+00:00,6383.31982421875,6384.009765625,6383.31005859375,6384.009765625,3579000
2025-07-28 17:57:00+00:00,6383.7001953125,6383.9599609375,6383.31005859375,6383.31005859375,3243000
2025-07-28 17:58:00+00:00,6381.669921875,6383.7998046875,6381.669921875,6383.740234375,5181000
2025-07-28 17:59:00+00:00,6381.22998046875,6381.52978515625,6380.9599609375,6381.52978515625,3842000
2025-07-28 18:00:00+00:00,6381.240234375,6382.16015625,6381.06982421875,6381.18994140625,4230000
2025-07-28 18:01:00+00:00,6381.18994140625,6381.5,6380.91015625,6381.22021484375,4028000
2025-07-28 18:02:00+00:00,6380.43994140625,6381.75,6380.41015625,6381.2001953125,4880000
2025-07-28 18:03:00+00:00,6379.31005859375,6380.4599609375,6379.18994140625,6380.330078125,4638000
2025-07-28 18:04:00+00:00,6379.419921875,6379.81982421875,6378.7998046875,6379.33984375,6236000
2025-07-28 18:05:00+00:00,6376.39013671875,6380.06982421875,6376.14990234375,6379.39990234375,6498000
2025-07-28 18:06:00+00:00,6377.02978515625,6377.31005859375,6375.7900390625,6376.330078125,5659000
2025-07-28 18:07:00+00:00,6377.39013671875,6377.83984375,6377.1298828125,6377.1298828125,4441000
2025-07-28 18:08:00+00:00,6378.009765625,6378.52978515625,6377.60986328125,6377.60986328125,4818000
2025-07-28 18:09:00+00:00,6377.93017578125,6378.2001953125,6377.6201171875,6378.009765625,4530000
2025-07-28 18:10:00+00:00,6377.81005859375,6377.91015625,6376.580078125,6377.89013671875,4643000
2025-07-28 18:11:00+00:00,6378.47998046875,6378.580078125,6377.60986328125,6377.7998046875,4591000
2025-07-28 18:12:00+00:00,6378.2099609375,6378.47998046875,6377.7998046875,6378.47998046875,3744000
2025-07-28 18:13:00+00:00,6379.27978515625,6379.41015625,6378.22021484375,6378.22998046875,3959000
2025-07-28 18:14:00+00:00,6379.75,6379.97998046875,6379.33984375,6379.33984375,5139000
2025-07-28 18:15:00+00:00,6381.18017578125,6381.18994140625,6379.740234375,6379.740234375,4327000
2025-07-28 18:16:00+00:00,6380.93017578125,6381.2998046875,6380.6201171875,6381.22998046875,3691000
2025-07-28 18:17:00+00:00,6381.10009765625,6381.47998046875,6380.5400390625,6380.93994140625,3492000
2025-07-28 18:18:00+00:00,6379.89013671875,6381.18017578125,6379.89013671875,6381.1201171875,4529000
2025-07-28 18:19:00+00:00,6379.35009765625,6380.14013671875,6379.31005859375,6379.97998046875,3279000
2025-07-28 18:20:00+00:00,6377.83984375,6379.43017578125,6377.68994140625,6379.35986328125,3851000
2025-07-28 18:21:00+00:00,6377.81005859375,6378.47021484375,6377.740234375,6377.93017578125,3499000
2025-07-28 18:22:00+00:00,6378.0,6378.169921875,6377.64990234375,6377.759765625,4212000
2025-07-28 18:23:00+00:00,6378.08984375,6378.259765625,6377.64013671875,6377.97021484375,3298000
2025-07-28 18:24:00+00:00,6377.66015625,6378.10986328125,6377.490234375,6378.10986328125,4093000
2025-07-28 18:25:00+00:00,6377.77978515625,6378.0498046875,6377.2099609375,6377.7001953125,4349000
2025-07-28 18:26:00+00:00,6378.419921875,6378.5,6377.18994140625,6377.68994140625,4826000
2025-07-28 18:27:00+00:00,6378.89013671875,6379.2900390625,6378.41015625,6378.41015625,4254000
2025-07-28 18:28:00+00:00,6378.919921875,6379.31982421875,6378.8798828125,6378.8798828125,3837000
2025-07-28 18:29:00+00:00,6380.10986328125,6380.27978515625,6379.10009765625,6379.10009765625,4081000
2025-07-28 18:30:00+00:00,6379.75,6380.7099609375,6379.72021484375,6380.080078125,4182000
2025-07-28 18:31:00+00:00,6380.18994140625,6380.18994140625,6379.60009765625,6379.85009765625,4712000
2025-07-28 18:32:00+00:00,6380.27978515625,6380.35986328125,6379.7001953125,6380.08984375,4329000
2025-07-28 18:33:00+00:00,6379.18994140625,6380.240234375,6379.18994140625,6380.240234375,4067000
2025-07-28 18:34:00+00:00,6379.330078125,6379.43017578125,6378.830078125,6379.169921875,3431000
2025-07-28 18:35:00+00:00,6379.02978515625,6379.56005859375,6378.60009765625,6379.35986328125,3856000
2025-07-28 18:36:00+00:00,6379.14013671875,6379.259765625,6378.89990234375,6379.080078125,5922000
2025-07-28 18:37:00+00:00,6378.47998046875,6379.580078125,6378.43017578125,6379.25,4045000
2025-07-28 18:38:00+00:00,6379.919921875,6380.02001953125,6378.39013671875,6378.47021484375,4504000
2025-07-28 18:39:00+00:00,6380.41015625,6380.85009765625,6379.93017578125,6379.93017578125,3545000
2025-07-28 18:40:00+00:00,6380.990234375,6381.22998046875,6380.3701171875,6380.3701171875,3733000
2025-07-28 18:41:00+00:00,6380.1201171875,6381.08984375,6380.080078125,6380.97998046875,4271000
2025-07-28 18:42:00+00:00,6380.41015625,6380.5,6379.7900390625,6380.18017578125,4399000
2025-07-28 18:43:00+00:00,6379.58984375,6380.5,6379.5400390625,6380.33984375,4356000
2025-07-28 18:44:00+00:00,6379.89990234375,6380.06005859375,6379.4599609375,6379.6201171875,3586000
2025-07-28 18:45:00+00:00,6380.1298828125,6380.18017578125,6379.64013671875,6379.93017578125,4700000
2025-07-28 18:46:00+00:00,6379.89013671875,6380.1298828125,6379.31982421875,6380.1298828125,4288000
2025-07-28 18:47:00+00:00,6380.41015625,6380.41015625,6379.81982421875,6379.89990234375,3864000
2025-07-28 18:48:00+00:00,6381.240234375,6381.240234375,6380.35009765625,6380.43017578125,4013000
2025-07-28 18:49:00+00:00,6380.68994140625,6381.41015625,6380.68994140625,6381.22998046875,3986000
2025-07-28 18:50:00+00:00,6382.22998046875,6382.240234375,6380.68994140625,6380.68994140625,4433000
2025-07-28 18:51:00+00:00,6382.509765625,6382.66015625,6381.919921875,6382.16015625,5801000
2025-07-28 18:52:00+00:00,6382.89013671875,6382.89013671875,6382.3798828125,6382.47998046875,4968000
2025-07-28 18:53:00+00:00,6382.009765625,6382.91015625,6381.91015625,6382.81982421875,4404000
2025-07-28 18:54:00+00:00,6381.81005859375,6382.1201171875,6381.58984375,6382.0498046875,4918000
2025-07-28 18:55:00+00:00,6381.39990234375,6381.7998046875,6381.08984375,6381.7998046875,4419000
2025-07-28 18:56:00+00:00,6382.080078125,6382.14990234375,6381.419921875,6381.419921875,4397000
2025-07-28 18:57:00+00:00,6381.52978515625,6382.47021484375,6381.52978515625,6382.0400390625,3851000
2025-07-28 18:58:00+00:00,6380.31982421875,6381.52001953125,6380.31982421875,6381.47021484375,4573000
2025-07-28 18:59:00+00:00,6380.52001953125,6380.89013671875,6380.27001953125,6380.31005859375,7167000
2025-07-28 19:00:00+00:00,6380.759765625,6381.1201171875,6380.31982421875,6380.580078125,4926000
2025-07-28 19:01:00+00:00,6380.08984375,6380.85009765625,6379.740234375,6380.740234375,4561000
2025-07-28 19:02:00+00:00,6379.75,6380.14013671875,6379.60009765625,6380.10009765625,4093000
2025-07-28 19:03:00+00:00,6380.02001953125,6380.22021484375,6379.740234375,6379.740234375,4070000
2025-07-28 19:04:00+00:00,6379.56982421875,6379.97021484375,6379.18017578125,6379.97021484375,5148000
2025-07-28 19:05:00+00:00,6379.2900390625,6379.919921875,6379.2900390625,6379.60986328125,3991000
2025-07-28 19:06:00+00:00,6378.43994140625,6379.18017578125,6377.7998046875,6379.10009765625,6661000
2025-07-28 19:07:00+00:00,6378.97998046875,6379.009765625,6377.9501953125,6378.4599609375,5301000
2025-07-28 19:08:00+00:00,6378.89013671875,6379.0,6378.56005859375,6379.0,3573000
2025-07-28 19:09:00+00:00,6378.330078125,6379.009765625,6378.259765625,6378.91015625,3750000
2025-07-28 19:10:00+00:00,6378.169921875,6378.4501953125,6377.7998046875,6378.2998046875,4445000
2025-07-28 19:11:00+00:00,6378.4599609375,6378.58984375,6377.91015625,6378.22021484375,4805000
2025-07-28 19:12:00+00:00,6378.1298828125,6378.64013671875,6377.89990234375,6378.490234375,4602000
2025-07-28 19:13:00+00:00,6379.2099609375,6379.7001953125,6378.0400390625,6378.0400390625,6904000
2025-07-28 19:14:00+00:00,6379.56982421875,6379.6298828125,6378.89013671875,6379.080078125,4814000
2025-07-28 19:15:00+00:00,6378.85986328125,6379.7900390625,6378.58984375,6379.56982421875,5443000
2025-07-28 19:16:00+00:00,6378.2998046875,6378.919921875,6377.9599609375,6378.85009765625,5215000
2025-07-28 19:17:00+00:00,6379.47998046875,6379.52978515625,6378.18994140625,6378.27001953125,5688000
2025-07-28 19:18:00+00:00,6378.97021484375,6379.56005859375,6378.97021484375,6379.4599609375,5135000
2025-07-28 19:19:00+00:00,6379.31005859375,6379.39013671875,6378.97998046875,6379.009765625,5345000
2025-07-28 19:20:00+00:00,6380.68017578125,6380.68017578125,6379.330078125,6379.330078125,4825000
2025-07-28 19:21:00+00:00,6381.0400390625,6381.10009765625,6380.58984375,6380.740234375,4680000
2025-07-28 19:22:00+00:00,6380.72021484375,6381.39990234375,6380.58984375,6381.0400390625,5730000
2025-07-28 19:23:00+00:00,6380.14990234375,6380.490234375,6379.9501953125,6380.490234375,6173000
2025-07-28 19:24:00+00:00,6380.490234375,6380.52978515625,6380.06005859375,6380.14013671875,6042000
2025-07-28 19:25:00+00:00,6380.14990234375,6380.64013671875,6380.1201171875,6380.47998046875,5360000
2025-07-28 19:26:00+00:00,6379.81005859375,6380.330078125,6379.68017578125,6380.10009765625,5997000
2025-07-28 19:27:00+00:00,6380.240234375,6380.25,6379.60009765625,6379.81005859375,6630000
2025-07-28 19:28:00+00:00,6379.83984375,6380.2900390625,6379.75,6380.2099609375,6022000
2025-07-28 19:29:00+00:00,6380.39990234375,6380.419921875,6379.7900390625,6379.89990234375,6520000
2025-07-28 19:30:00+00:00,6381.06982421875,6381.14990234375,6380.41015625,6380.41015625,7549000
2025-07-28 19:31:00+00:00,6380.75,6381.330078125,6380.68994140625,6381.02978515625,7440000
2025-07-28 19:32:00+00:00,6380.990234375,6381.10009765625,6380.60986328125,6380.7900390625,6488000
2025-07-28 19:33:00+00:00,6378.4501953125,6380.97998046875,6378.330078125,6380.97998046875,10529000
2025-07-28 19:34:00+00:00,6378.91015625,6378.91015625,6378.52001953125,6378.56005859375,6140000
2025-07-28 19:35:00+00:00,6378.85009765625,6379.39013671875,6378.81982421875,6379.02978515625,9189000
2025-07-28 19:36:00+00:00,6379.4501953125,6379.66015625,6378.93017578125,6378.990234375,7412000
2025-07-28 19:37:00+00:00,6380.3701171875,6380.3701171875,6379.5,6379.5,7191000
2025-07-28 19:38:00+00:00,6381.14013671875,6381.14013671875,6380.259765625,6380.3798828125,6222000
2025-07-28 19:39:00+00:00,6379.8701171875,6381.10009765625,6379.81005859375,6381.06005859375,6748000
2025-07-28 19:40:00+00:00,6381.10986328125,6381.10986328125,6379.919921875,6380.02978515625,8192000
2025-07-28 19:41:00+00:00,6381.43994140625,6381.66015625,6381.06005859375,6381.080078125,7233000
2025-07-28 19:42:00+00:00,6381.31982421875,6381.6201171875,6381.1201171875,6381.43017578125,6986000
2025-07-28 19:43:00+00:00,6381.919921875,6381.919921875,6381.259765625,6381.31005859375,7291000
2025-07-28 19:44:00+00:00,6382.669921875,6382.669921875,6381.85986328125,6381.8701171875,7214000
2025-07-28 19:45:00+00:00,6381.990234375,6382.72021484375,6381.72998046875,6382.72021484375,8113000
2025-07-28 19:46:00+00:00,6382.27001953125,6382.2900390625,6381.93994140625,6381.97998046875,7967000
2025-07-28 19:47:00+00:00,6382.81982421875,6382.93994140625,6382.169921875,6382.27978515625,9854000
2025-07-28 19:48:00+00:00,6383.27001953125,6383.27001953125,6382.56982421875,6382.75,10282000
2025-07-28 19:49:00+00:00,6384.27978515625,6384.72021484375,6383.2001953125,6383.2001953125,12193000
2025-07-28 19:50:00+00:00,6383.6201171875,6385.4501953125,6383.6201171875,6384.2099609375,16427000
2025-07-28 19:51:00+00:00,6383.0400390625,6383.58984375,6382.66015625,6383.58984375,13265000
2025-07-28 19:52:00+00:00,6384.7900390625,6384.91015625,6383.02978515625,6383.02978515625,12939000
2025-07-28 19:53:00+00:00,6386.9501953125,6386.9501953125,6384.7998046875,6384.7998046875,14171000
2025-07-28 19:54:00+00:00,6386.77978515625,6387.31005859375,6385.419921875,6386.9599609375,20438000
2025-07-28 19:55:00+00:00,6388.27978515625,6388.85009765625,6386.75,6386.75,27302000
2025-07-28 19:56:00+00:00,6387.39013671875,6388.22998046875,6387.009765625,6388.22998046875,25034000
2025-07-28 19:57:00+00:00,6387.7998046875,6387.919921875,6387.1298828125,6387.43994140625,29464000
2025-07-28 19:58:00+00:00,6389.0400390625,6389.0400390625,6387.83984375,6387.91015625,40149000
2025-07-28 19:59:00+00:00,6389.580078125,6390.10986328125,6387.740234375,6389.0400390625,71892000
2025-07-29 13:30:00+00:00,6409.259765625,6409.259765625,6404.91015625,6405.6201171875,0
2025-07-29 13:31:00+00:00,6403.919921875,6408.3701171875,6402.919921875,6408.240234375,19068524
2025-07-29 13:32:00+00:00,6402.4599609375,6403.52001953125,6399.8798828125,6403.52001953125,17965900
2025-07-29 13:33:00+00:00,6402.9599609375,6403.02001953125,6401.35009765625,6403.009765625,13263458
2025-07-29 13:34:00+00:00,6403.009765625,6403.22021484375,6401.85009765625,6402.990234375,12439261
2025-07-29 13:35:00+00:00,6403.2099609375,6403.43994140625,6401.6201171875,6402.52978515625,13707508
2025-07-29 13:36:00+00:00,6404.9501953125,6405.6298828125,6402.35009765625,6403.22021484375,12819431
2025-07-29 13:37:00+00:00,6403.5498046875,6405.1298828125,6403.5,6404.97021484375,11461558
2025-07-29 13:38:00+00:00,6405.41015625,6405.9501953125,6403.4501953125,6403.4501953125,11056614
2025-07-29 13:39:00+00:00,6405.72998046875,6405.93017578125,6404.97998046875,6405.52001953125,10075756
2025-07-29 13:40:00+00:00,6404.72998046875,6405.990234375,6404.669921875,6405.740234375,11628789
2025-07-29 13:41:00+00:00,6404.2099609375,6405.43994140625,6403.89013671875,6404.72998046875,9828979
2025-07-29 13:42:00+00:00,6402.93994140625,6404.68994140625,6402.85986328125,6404.10009765625,8948439
2025-07-29 13:43:00+00:00,6399.60986328125,6403.18017578125,6399.60986328125,6402.7900390625,10735653
2025-07-29 13:44:00+00:00,6400.85986328125,6401.14990234375,6399.31005859375,6399.75,9436851
2025-07-29 13:45:00+00:00,6401.1298828125,6401.89013671875,6400.77978515625,6400.77978515625,12445991
2025-07-29 13:46:00+00:00,6401.2900390625,6401.56005859375,6400.4599609375,6400.9501953125,9827575
2025-07-29 13:47:00+00:00,6400.509765625,6401.77978515625,6400.27978515625,6401.02978515625,9263735
2025-07-29 13:48:00+00:00,6398.7900390625,6400.66015625,6398.31005859375,6400.66015625,10964191
2025-07-29 13:49:00+00:00,6396.89013671875,6398.97998046875,6394.85009765625,6398.81982421875,11803418
2025-07-29 13:50:00+00:00,6394.1298828125,6397.3798828125,6392.759765625,6396.81982421875,11222982
2025-07-29 13:51:00+00:00,6395.5400390625,6396.56982421875,6393.5498046875,6393.990234375,10829509
2025-07-29 13:52:00+00:00,6397.7001953125,6398.16015625,6395.1201171875,6395.740234375,9065995
2025-07-29 13:53:00+00:00,6397.18017578125,6398.14990234375,6397.10986328125,6397.89990234375,8351467
2025-07-29 13:54:00+00:00,6398.669921875,6398.89013671875,6396.39990234375,6397.18017578125,8443054
2025-07-29 13:55:00+00:00,6396.759765625,6398.91015625,6396.14990234375,6398.91015625,8873122
2025-07-29 13:56:00+00:00,6396.56005859375,6397.72021484375,6396.27978515625,6396.9599609375,7934576
2025-07-29 13:57:00+00:00,6400.47998046875,6401.43994140625,6396.39013671875,6396.6298828125,10868503
2025-07-29 13:58:00+00:00,6400.77978515625,6401.330078125,6400.31982421875,6400.39990234375,8189963
2025-07-29 13:59:00+00:00,6400.7099609375,6400.93994140625,6400.18994140625,6400.91015625,8041506
2025-07-29 14:00:00+00:00,6400.6201171875,6401.6298828125,6400.10986328125,6400.47998046875,10482307
2025-07-29 14:01:00+00:00,6399.14990234375,6401.22021484375,6398.85986328125,6400.72998046875,9810092
2025-07-29 14:02:00+00:00,6399.89013671875,6399.919921875,6398.419921875,6399.22998046875,9019655
2025-07-29 14:03:00+00:00,6397.60009765625,6399.93017578125,6397.60009765625,6399.91015625,10462695
2025-07-29 14:04:00+00:00,6397.52978515625,6398.10986328125,6396.93994140625,6397.68994140625,8250635
2025-07-29 14:05:00+00:00,6398.91015625,6399.18994140625,6397.64013671875,6397.8798828125,8428863
2025-07-29 14:06:00+00:00,6397.2998046875,6399.1201171875,6397.1201171875,6399.0,8608648
2025-07-29 14:07:00+00:00,6397.33984375,6397.93994140625,6396.740234375,6397.25,8247324
2025-07-29 14:08:00+00:00,6398.2001953125,6399.02001953125,6397.1298828125,6397.22021484375,9007291
2025-07-29 14:09:00+00:00,6398.0498046875,6398.75,6397.89990234375,6398.259765625,8779825
2025-07-29 14:10:00+00:00,6398.7099609375,6398.7099609375,6396.72021484375,6398.02978515625,8262709
2025-07-29 14:11:00+00:00,6398.97021484375,6400.169921875,6398.18994140625,6398.52978515625,9311883
2025-07-29 14:12:00+00:00,6399.990234375,6399.990234375,6398.7998046875,6398.7998046875,7979980
2025-07-29 14:14:00+00:00,6399.66015625,6399.66015625,6399.47021484375,6399.47021484375,15409206
2025-07-29 14:15:00+00:00,6400.27978515625,6400.91015625,6399.64013671875,6399.64013671875,8018890
2025-07-29 14:16:00+00:00,6399.08984375,6400.39013671875,6398.85009765625,6400.2998046875,7690904
2025-07-29 14:17:00+00:00,6397.4501953125,6399.2998046875,6397.4501953125,6399.0,7548671
2025-07-29 14:18:00+00:00,6398.240234375,6398.39013671875,6397.3701171875,6397.5,8043672
2025-07-29 14:19:00+00:00,6399.580078125,6399.68994140625,6397.9501953125,6398.47998046875,7786411
2025-07-29 14:20:00+00:00,6399.1201171875,6400.330078125,6398.4501953125,6399.81005859375,8535669
2025-07-29 14:21:00+00:00,6397.47998046875,6399.2099609375,6396.8701171875,6399.10009765625,8271286
2025-07-29 14:22:00+00:00,6398.16015625,6398.169921875,6396.27001953125,6397.5400390625,8099948
2025-07-29 14:23:00+00:00,6398.06005859375,6399.22021484375,6397.93994140625,6398.10986328125,7836616
2025-07-29 14:24:00+00:00,6397.97998046875,6399.009765625,6397.77001953125,6397.93017578125,8285605
2025-07-29 14:25:00+00:00,6396.41015625,6398.22998046875,6396.330078125,6398.0400390625,8262284
2025-07-29 14:26:00+00:00,6396.0,6396.9599609375,6396.0,6396.580078125,8327173
2025-07-29 14:27:00+00:00,6395.27001953125,6395.990234375,6393.990234375,6395.990234375,9748667
2025-07-29 14:28:00+00:00,6396.85009765625,6396.9599609375,6394.8798828125,6395.240234375,8193387
2025-07-29 14:29:00+00:00,6397.240234375,6397.919921875,6396.6201171875,6396.830078125,8235984
2025-07-29 14:30:00+00:00,6397.5498046875,6398.02978515625,6397.31982421875,6397.35986328125,7684091
2025-07-29 14:31:00+00:00,6397.10986328125,6397.85009765625,6396.080078125,6397.5400390625,7704274
2025-07-29 14:32:00+00:00,6397.2099609375,6397.47998046875,6396.43017578125,6397.14990234375,6985521
2025-07-29 14:33:00+00:00,6395.39013671875,6397.2099609375,6395.02978515625,6397.2099609375,7451893
2025-07-29 14:34:00+00:00,6394.89013671875,6395.3798828125,6394.5400390625,6395.33984375,7353064
2025-07-29 14:35:00+00:00,6396.81982421875,6396.81982421875,6394.85009765625,6394.919921875,8264016
2025-07-29 14:36:00+00:00,6395.14990234375,6396.97998046875,6395.06982421875,6396.89013671875,8646561
2025-07-29 14:37:00+00:00,6394.89013671875,6395.43994140625,6394.27001953125,6395.06005859375,7549022
2025-07-29 14:38:00+00:00,6395.5498046875,6395.919921875,6394.77001953125,6394.8798828125,7191320
2025-07-29 14:39:00+00:00,6395.43017578125,6395.66015625,6395.08984375,6395.4501953125,6054623
2025-07-29 14:40:00+00:00,6396.25,6396.2900390625,6395.0400390625,6395.35986328125,6714876
2025-07-29 14:41:00+00:00,6396.27978515625,6396.68994140625,6396.259765625,6396.31982421875,6784500
2025-07-29 14:42:00+00:00,6395.02978515625,6396.31982421875,6395.02978515625,6396.27978515625,7227494
2025-07-29 14:43:00+00:00,6393.75,6395.33984375,6393.330078125,6395.06982421875,7534589
2025-07-29 14:44:00+00:00,6392.68994140625,6393.9599609375,6392.3701171875,6393.81005859375,7051088
2025-07-29 14:45:00+00:00,6392.240234375,6393.52978515625,6392.16015625,6392.419921875,7305258
2025-07-29 14:46:00+00:00,6393.1201171875,6393.31982421875,6392.2900390625,6392.2900390625,7107860
2025-07-29 14:47:00+00:00,6393.2099609375,6393.47021484375,6392.77978515625,6393.1201171875,6740561
2025-07-29 14:48:00+00:00,6392.02978515625,6393.27001953125,6391.72998046875,6393.27001953125,6269328
2025-07-29 14:49:00+00:00,6391.9501953125,6392.10009765625,6391.18017578125,6392.0,6196382
2025-07-29 14:50:00+00:00,6391.2900390625,6392.240234375,6390.72021484375,6391.97998046875,8396808
2025-07-29 14:51:00+00:00,6390.06982421875,6391.330078125,6390.06982421875,6391.10009765625,6992353
2025-07-29 14:52:00+00:00,6388.22021484375,6390.2900390625,6388.02001953125,6389.72021484375,7903595
2025-07-29 14:53:00+00:00,6386.7001953125,6388.080078125,6385.93017578125,6388.080078125,8440105
2025-07-29 14:54:00+00:00,6387.240234375,6387.8798828125,6386.64013671875,6386.669921875,7344685
2025-07-29 14:55:00+00:00,6387.3701171875,6387.68017578125,6386.0,6387.16015625,8602887
2025-07-29 14:56:00+00:00,6386.91015625,6387.43994140625,6385.66015625,6387.3798828125,7050057
2025-07-29 14:57:00+00:00,6386.85986328125,6387.06982421875,6386.10009765625,6387.06982421875,6137419
2025-07-29 14:58:00+00:00,6388.06982421875,6388.25,6386.06982421875,6386.85009765625,7136605
2025-07-29 14:59:00+00:00,6387.10009765625,6388.1298828125,6386.77001953125,6388.1298828125,6091903
2025-07-29 15:00:00+00:00,6389.77978515625,6389.919921875,6386.93994140625,6387.33984375,7679711
2025-07-29 15:01:00+00:00,6389.02001953125,6390.22998046875,6389.02001953125,6389.77978515625,6498935
2025-07-29 15:02:00+00:00,6387.1201171875,6388.9599609375,6387.08984375,6388.919921875,6199875
2025-07-29 15:03:00+00:00,6386.41015625,6387.1298828125,6385.68017578125,6387.1298828125,5607856
2025-07-29 15:04:00+00:00,6385.89990234375,6386.43017578125,6385.08984375,6386.43017578125,6104429
2025-07-29 15:05:00+00:00,6385.0,6386.18017578125,6385.0,6385.77978515625,7799302
2025-07-29 15:06:00+00:00,6384.990234375,6385.8798828125,6384.080078125,6385.02001953125,8268364
2025-07-29 15:07:00+00:00,6384.56005859375,6385.14013671875,6384.2900390625,6384.97021484375,6017975
2025-07-29 15:09:00+00:00,6384.72021484375,6384.81005859375,6384.3798828125,6384.3798828125,11579071
2025-07-29 15:10:00+00:00,6386.39990234375,6386.39990234375,6384.3701171875,6384.68994140625,6341715
2025-07-29 15:11:00+00:00,6387.08984375,6387.419921875,6385.25,6386.39990234375,6708427
2025-07-29 15:12:00+00:00,6384.9501953125,6387.47021484375,6384.759765625,6387.14990234375,6299586
2025-07-29 15:13:00+00:00,6385.10009765625,6385.990234375,6384.56982421875,6384.97998046875,5262000
2025-07-29 15:14:00+00:00,6383.990234375,6385.0400390625,6383.81005859375,6385.0400390625,6322000
2025-07-29 15:15:00+00:00,6382.3798828125,6384.18994140625,6382.259765625,6384.009765625,7475000
2025-07-29 15:16:00+00:00,6383.43017578125,6383.7099609375,6381.77001953125,6382.33984375,7879000
2025-07-29 15:17:00+00:00,6382.83984375,6383.43994140625,6382.3798828125,6383.43994140625,6271000
2025-07-29 15:18:00+00:00,6382.1201171875,6383.18994140625,6381.77001953125,6382.77978515625,6725000
2025-07-29 15:19:00+00:00,6381.740234375,6382.5498046875,6381.5498046875,6382.0400390625,5180000
2025-07-29 15:20:00+00:00,6382.75,6383.14990234375,6381.4501953125,6381.8701171875,7044000
2025-07-29 15:21:00+00:00,6380.33984375,6382.77978515625,6380.10009765625,6382.740234375,6990000
2025-07-29 15:22:00+00:00,6379.33984375,6380.85986328125,6379.33984375,6380.27001953125,6044000
2025-07-29 15:23:00+00:00,6380.7900390625,6380.7900390625,6378.35009765625,6379.5,7866000
2025-07-29 15:24:00+00:00,6379.35986328125,6380.93017578125,6379.2001953125,6380.81005859375,7206000
2025-07-29 15:25:00+00:00,6377.35009765625,6379.60009765625,6377.2001953125,6379.330078125,8998000
2025-07-29 15:26:00+00:00,6376.7001953125,6377.81005859375,6376.3798828125,6377.169921875,7401000
2025-07-29 15:27:00+00:00,6376.3701171875,6377.759765625,6376.1298828125,6376.66015625,7448000
2025-07-29 15:28:00+00:00,6374.5498046875,6376.5,6374.5498046875,6376.330078125,9418000
2025-07-29 15:29:00+00:00,6372.85986328125,6374.080078125,6372.14990234375,6374.080078125,10239000
2025-07-29 15:30:00+00:00,6375.27978515625,6376.06982421875,6372.43994140625,6372.7001953125,9706000
2025-07-29 15:31:00+00:00,6371.759765625,6375.22998046875,6371.64990234375,6375.22998046875,7484000
2025-07-29 15:32:00+00:00,6375.14990234375,6375.14990234375,6371.7099609375,6371.72021484375,7755000
2025-07-29 15:33:00+00:00,6376.7099609375,6376.7099609375,6375.06982421875,6375.22021484375,7169000
2025-07-29 15:34:00+00:00,6376.1298828125,6377.06982421875,6376.1298828125,6376.7099609375,5893000
2025-07-29 15:35:00+00:00,6375.259765625,6375.919921875,6374.39990234375,6375.8701171875,6389000
2025-07-29 15:36:00+00:00,6374.8798828125,6375.43017578125,6374.240234375,6375.2900390625,7595000
2025-07-29 15:37:00+00:00,6375.7998046875,6375.7998046875,6374.1201171875,6374.85009765625,5823000
2025-07-29 15:38:00+00:00,6375.35986328125,6376.16015625,6375.10009765625,6376.1298828125,5612000
2025-07-29 15:39:00+00:00,6373.22998046875,6375.25,6373.22998046875,6375.25,5207000
2025-07-29 15:40:00+00:00,6373.02978515625,6373.68017578125,6372.56982421875,6373.16015625,5285000
2025-07-29 15:41:00+00:00,6369.2001953125,6372.9501953125,6369.2001953125,6372.93994140625,7358000
2025-07-29 15:42:00+00:00,6368.009765625,6369.60986328125,6367.43994140625,6369.06005859375,7194000
2025-07-29 15:43:00+00:00,6368.740234375,6369.31005859375,6367.43017578125,6367.83984375,7598000
2025-07-29 15:44:00+00:00,6371.39990234375,6371.91015625,6368.2001953125,6368.47998046875,7055000
2025-07-29 15:45:00+00:00,6374.6201171875,6374.669921875,6371.35009765625,6371.35009765625,6260000
2025-07-29 15:46:00+00:00,6373.93994140625,6375.06982421875,6373.89013671875,6374.64013671875,5833000
2025-07-29 15:47:00+00:00,6376.33984375,6376.5,6372.85009765625,6373.3798828125,6167000
2025-07-29 15:48:00+00:00,6377.31005859375,6377.31005859375,6376.0,6376.7099609375,6027000
2025-07-29 15:49:00+00:00,6378.740234375,6379.06005859375,6376.830078125,6377.0498046875,7791000
2025-07-29 15:50:00+00:00,6380.43017578125,6380.8798828125,6377.93994140625,6378.7099609375,6590000
2025-07-29 15:51:00+00:00,6381.60986328125,6381.9501953125,6380.259765625,6380.52001953125,6107000
2025-07-29 15:52:00+00:00,6380.14013671875,6381.7998046875,6380.08984375,6381.56005859375,5978000
2025-07-29 15:53:00+00:00,6381.56982421875,6381.56982421875,6379.990234375,6379.990234375,6101000
2025-07-29 15:54:00+00:00,6381.2998046875,6381.93017578125,6380.89013671875,6381.68994140625,5316000
2025-07-29 15:55:00+00:00,6381.6201171875,6382.0,6381.22021484375,6381.43017578125,6303000
2025-07-29 15:56:00+00:00,6381.33984375,6382.2900390625,6381.14013671875,6381.64013671875,5894000
2025-07-29 15:57:00+00:00,6380.39013671875,6381.4501953125,6379.18017578125,6381.33984375,5479000
2025-07-29 15:58:00+00:00,6380.41015625,6380.97021484375,6380.33984375,6380.35009765625,4279000
2025-07-29 15:59:00+00:00,6379.4501953125,6380.4501953125,6379.4501953125,6380.4501953125,5220000
2025-07-29 16:00:00+00:00,6380.169921875,6380.580078125,6379.22998046875,6379.4501953125,7186000
2025-07-29 16:01:00+00:00,6380.0498046875,6380.31005859375,6379.68994140625,6380.22021484375,5932000
2025-07-29 16:02:00+00:00,6379.81005859375,6380.47998046875,6378.85009765625,6379.93994140625,4768000
2025-07-29 16:03:00+00:00,6378.27001953125,6380.10009765625,6378.18994140625,6379.68017578125,5420000
2025-07-29 16:04:00+00:00,6379.85986328125,6379.89013671875,6377.56982421875,6378.18994140625,5594000
2025-07-29 16:05:00+00:00,6380.22021484375,6380.6298828125,6379.52001953125,6379.8798828125,4729000
2025-07-29 16:06:00+00:00,6380.0,6380.4599609375,6379.89990234375,6380.2099609375,4899000
2025-07-29 16:07:00+00:00,6377.52001953125,6379.97021484375,6377.22021484375,6379.97021484375,5465000
2025-07-29 16:08:00+00:00,6377.27978515625,6377.7001953125,6377.06982421875,6377.509765625,3961000
2025-07-29 16:09:00+00:00,6377.7900390625,6378.419921875,6377.2001953125,6377.2001953125,4629000
2025-07-29 16:10:00+00:00,6377.47998046875,6379.06982421875,6377.419921875,6377.7900390625,4568000
2025-07-29 16:11:00+00:00,6376.3701171875,6378.31982421875,6375.83984375,6377.47021484375,6091000
2025-07-29 16:12:00+00:00,6376.080078125,6376.990234375,6376.009765625,6376.47021484375,4531000
2025-07-29 16:13:00+00:00,6376.5400390625,6376.580078125,6375.7099609375,6375.97021484375,5716000
2025-07-29 16:14:00+00:00,6376.3798828125,6376.81982421875,6376.14990234375,6376.6201171875,5548000
2025-07-29 16:15:00+00:00,6376.72021484375,6377.56005859375,6376.22021484375,6376.35009765625,5726000
2025-07-29 16:16:00+00:00,6377.1201171875,6377.8701171875,6376.490234375,6376.490234375,7326000
2025-07-29 16:17:00+00:00,6376.919921875,6377.75,6376.669921875,6377.06982421875,4701000
2025-07-29 16:18:00+00:00,6377.2099609375,6377.2099609375,6376.10986328125,6376.9599609375,4726000
2025-07-29 16:19:00+00:00,6377.56982421875,6377.89013671875,6376.60009765625,6377.06982421875,5022000
2025-07-29 16:20:00+00:00,6377.0,6378.2099609375,6376.43994140625,6377.509765625,4693000
2025-07-29 16:21:00+00:00,6376.7900390625,6377.1298828125,6376.27978515625,6377.0400390625,4114000
2025-07-29 16:22:00+00:00,6377.02001953125,6377.5400390625,6376.56982421875,6376.77978515625,3866000
2025-07-29 16:23:00+00:00,6377.06005859375,6377.259765625,6376.2900390625,6377.06005859375,3831000
2025-07-29 16:24:00+00:00,6376.2001953125,6377.1298828125,6376.2001953125,6377.06982421875,4023000
2025-07-29 16:25:00+00:00,6375.990234375,6376.580078125,6375.8701171875,6376.2001953125,4195000
2025-07-29 16:26:00+00:00,6377.68017578125,6377.68017578125,6375.56982421875,6375.77001953125,5057000
2025-07-29 16:27:00+00:00,6374.9501953125,6377.7900390625,6374.9501953125,6377.7900390625,5209000
2025-07-29 16:28:00+00:00,6375.35986328125,6376.81005859375,6374.830078125,6374.93017578125,5099000
2025-07-29 16:29:00+00:00,6376.31982421875,6376.5,6375.3701171875,6375.3701171875,4188000
2025-07-29 16:30:00+00:00,6378.580078125,6378.580078125,6375.830078125,6376.31982421875,4563000
2025-07-29 16:31:00+00:00,6377.7099609375,6378.60009765625,6377.68994140625,6378.60009765625,4433000
2025-07-29 16:32:00+00:00,6376.990234375,6377.97998046875,6376.6201171875,6377.56982421875,3915000
2025-07-29 16:33:00+00:00,6375.740234375,6376.830078125,6375.64990234375,6376.77978515625,3222000
2025-07-29 16:34:00+00:00,6375.33984375,6375.77001953125,6375.06982421875,6375.68994140625,5086000
2025-07-29 16:35:00+00:00,6375.43994140625,6375.6298828125,6374.3701171875,6375.259765625,4520000
2025-07-29 16:36:00+00:00,6375.43994140625,6375.5400390625,6374.2900390625,6375.3701171875,4061000
2025-07-29 16:37:00+00:00,6374.06982421875,6375.43017578125,6374.0498046875,6375.43017578125,3913000
2025-07-29 16:38:00+00:00,6372.1201171875,6374.2001953125,6372.1201171875,6373.89990234375,4648000
2025-07-29 16:39:00+00:00,6371.72021484375,6372.7900390625,6370.9599609375,6371.89990234375,4755000
2025-07-29 16:40:00+00:00,6373.18994140625,6373.240234375,6371.7099609375,6371.7099609375,4086000
2025-07-29 16:41:00+00:00,6375.990234375,6376.08984375,6373.18017578125,6373.18017578125,5006000
2025-07-29 16:42:00+00:00,6376.52001953125,6376.5400390625,6375.580078125,6376.10986328125,4500000
2025-07-29 16:43:00+00:00,6376.2900390625,6376.58984375,6375.60009765625,6376.43017578125,4835000
2025-07-29 16:44:00+00:00,6377.14013671875,6377.25,6375.830078125,6376.169921875,3936000
2025-07-29 16:45:00+00:00,6375.89013671875,6377.14990234375,6375.5498046875,6377.1298828125,3472000
2025-07-29 16:46:00+00:00,6376.7998046875,6376.8701171875,6375.81005859375,6375.9501953125,3465000
2025-07-29 16:47:00+00:00,6377.22998046875,6377.56005859375,6376.89013671875,6376.89013671875,4275000
2025-07-29 16:48:00+00:00,6376.31982421875,6377.72998046875,6376.31982421875,6377.2900390625,4003000
2025-07-29 16:49:00+00:00,6376.0,6376.35009765625,6375.75,6376.35009765625,3553000
2025-07-29 16:50:00+00:00,6377.0498046875,6377.33984375,6376.02978515625,6376.02978515625,4109000
2025-07-29 16:51:00+00:00,6376.72021484375,6377.08984375,6376.60986328125,6377.02001953125,3588000
2025-07-29 16:52:00+00:00,6376.9599609375,6377.02001953125,6376.4501953125,6376.740234375,3552000
2025-07-29 16:53:00+00:00,6378.2998046875,6378.2998046875,6376.8701171875,6376.919921875,3906000
2025-07-29 16:54:00+00:00,6378.52978515625,6378.5400390625,6378.169921875,6378.31982421875,4076000
2025-07-29 16:55:00+00:00,6380.43994140625,6380.5498046875,6378.56005859375,6378.56005859375,3753000
2025-07-29 16:56:00+00:00,6380.43017578125,6380.47998046875,6380.0400390625,6380.4599609375,3974000
2025-07-29 16:57:00+00:00,6381.33984375,6381.3798828125,6380.27001953125,6380.56005859375,4002000
2025-07-29 16:58:00+00:00,6381.81982421875,6382.1298828125,6381.27001953125,6381.27001953125,4052000
2025-07-29 16:59:00+00:00,6382.35986328125,6382.419921875,6381.60009765625,6381.81005859375,4310000
2025-07-29 17:00:00+00:00,6381.64990234375,6382.43017578125,6381.4501953125,6382.43017578125,4722000
2025-07-29 17:01:00+00:00,6382.3798828125,6382.56005859375,6381.47021484375,6381.56982421875,3377000
2025-07-29 17:02:00+00:00,6384.41015625,6384.41015625,6381.85986328125,6382.27978515625,6220000
2025-07-29 17:03:00+00:00,6384.85986328125,6385.0498046875,6384.419921875,6384.43017578125,4294000
2025-07-29 17:04:00+00:00,6384.93994140625,6385.43017578125,6384.7099609375,6384.7099609375,3687000
2025-07-29 17:05:00+00:00,6384.43994140625,6385.3701171875,6384.43994140625,6384.7998046875,3521000
2025-07-29 17:06:00+00:00,6384.60009765625,6384.7001953125,6383.64990234375,6384.47021484375,3499000
2025-07-29 17:07:00+00:00,6384.27001953125,6385.22021484375,6383.10009765625,6384.60986328125,5221000
2025-07-29 17:08:00+00:00,6384.2001953125,6384.5498046875,6383.9501953125,6384.33984375,3094000
2025-07-29 17:09:00+00:00,6383.72998046875,6384.27001953125,6383.5,6384.02978515625,3588000
2025-07-29 17:10:00+00:00,6384.58984375,6384.7001953125,6383.68017578125,6383.7001953125,3422000
2025-07-29 17:11:00+00:00,6385.02001953125,6385.16015625,6384.39990234375,6384.5400390625,4043000
2025-07-29 17:12:00+00:00,6384.919921875,6385.08984375,6384.60986328125,6385.02978515625,4017000
2025-07-29 17:13:00+00:00,6384.97021484375,6385.31005859375,6384.7900390625,6384.93994140625,2937000
2025-07-29 17:14:00+00:00,6385.009765625,6385.02001953125,6384.31005859375,6384.93994140625,3522000
2025-07-29 17:15:00+00:00,6385.75,6385.81005859375,6384.7001953125,6385.009765625,3632000
2025-07-29 17:16:00+00:00,6385.919921875,6385.93994140625,6385.5,6385.83984375,3689000
2025-07-29 17:17:00+00:00,6385.35986328125,6385.990234375,6385.240234375,6385.91015625,3783000
2025-07-29 17:18:00+00:00,6384.16015625,6385.5400390625,6384.16015625,6385.47021484375,4224000
2025-07-29 17:19:00+00:00,6384.27978515625,6384.66015625,6384.0498046875,6384.16015625,3891000
2025-07-29 17:20:00+00:00,6383.66015625,6384.22021484375,6383.2001953125,6384.22021484375,3619000
2025-07-29 17:21:00+00:00,6382.93994140625,6383.81005859375,6382.4599609375,6383.81005859375,3749000
2025-07-29 17:22:00+00:00,6383.25,6383.25,6382.56005859375,6382.93994140625,3173000
2025-07-29 17:23:00+00:00,6383.08984375,6383.16015625,6382.60986328125,6383.16015625,3344000
2025-07-29 17:24:00+00:00,6382.83984375,6383.4501953125,6382.490234375,6383.2001953125,4361000
2025-07-29 17:25:00+00:00,6383.5,6383.85986328125,6382.83984375,6382.8701171875,4059000
2025-07-29 17:26:00+00:00,6382.75,6383.64990234375,6382.6201171875,6383.58984375,4352000
2025-07-29 17:27:00+00:00,6382.6201171875,6382.77001953125,6382.18994140625,6382.72998046875,4204000
2025-07-29 17:28:00+00:00,6382.1298828125,6384.47021484375,6381.47998046875,6382.60986328125,6247000
2025-07-29 17:29:00+00:00,6382.4599609375,6383.0,6382.1298828125,6382.14013671875,3422000
2025-07-29 17:30:00+00:00,6383.490234375,6384.02001953125,6382.39013671875,6382.47021484375,4216000
2025-07-29 17:31:00+00:00,6383.35009765625,6383.669921875,6382.97021484375,6383.52001953125,3144000
2025-07-29 17:32:00+00:00,6383.06005859375,6383.35009765625,6382.89990234375,6383.33984375,3207000
2025-07-29 17:33:00+00:00,6382.35986328125,6383.31005859375,6382.2001953125,6383.02001953125,3492000
2025-07-29 17:34:00+00:00,6381.9599609375,6382.60009765625,6381.93994140625,6382.39013671875,3779000
2025-07-29 17:35:00+00:00,6380.72021484375,6382.08984375,6380.72021484375,6382.06982421875,4801000
2025-07-29 17:36:00+00:00,6381.7001953125,6381.7001953125,6380.77978515625,6380.77978515625,3802000
2025-07-29 17:37:00+00:00,6380.02978515625,6381.68994140625,6379.990234375,6381.68994140625,4160000
2025-07-29 17:38:00+00:00,6378.10009765625,6380.14013671875,6374.919921875,6380.02001953125,7993000
2025-07-29 17:39:00+00:00,6377.31005859375,6378.02001953125,6377.2998046875,6378.0,3011000
2025-07-29 17:40:00+00:00,6377.0498046875,6377.2998046875,6376.490234375,6377.2998046875,3802000
2025-07-29 17:41:00+00:00,6375.52978515625,6377.5400390625,6375.52978515625,6377.0400390625,4588000
2025-07-29 17:42:00+00:00,6373.18994140625,6375.56005859375,6373.18994140625,6375.56005859375,4853000
2025-07-29 17:43:00+00:00,6372.080078125,6373.0498046875,6371.1201171875,6373.0498046875,4734000
2025-07-29 17:44:00+00:00,6372.81982421875,6372.830078125,6372.0400390625,6372.14990234375,3579000
2025-07-29 17:45:00+00:00,6373.31005859375,6373.89990234375,6372.490234375,6372.83984375,4670000
2025-07-29 17:46:00+00:00,6372.18017578125,6373.830078125,6372.18017578125,6373.240234375,4164000
2025-07-29 17:47:00+00:00,6373.35009765625,6373.39013671875,6372.06005859375,6372.2001953125,4427000
2025-07-29 17:48:00+00:00,6373.02978515625,6373.47998046875,6373.009765625,6373.35009765625,3681000
2025-07-29 17:49:00+00:00,6371.47021484375,6373.18017578125,6371.06982421875,6373.08984375,4713000
2025-07-29 17:50:00+00:00,6370.25,6371.56982421875,6370.25,6371.4599609375,4235000
2025-07-29 17:51:00+00:00,6372.18017578125,6372.52978515625,6370.10986328125,6370.330078125,4725000
2025-07-29 17:52:00+00:00,6371.0498046875,6372.2900390625,6371.0498046875,6372.22998046875,4184000
2025-07-29 17:53:00+00:00,6372.39013671875,6372.39990234375,6370.93994140625,6370.990234375,4177000
2025-07-29 17:54:00+00:00,6373.25,6373.509765625,6372.419921875,6372.419921875,3794000
2025-07-29 17:55:00+00:00,6375.6298828125,6375.75,6373.22021484375,6373.27001953125,4485000
2025-07-29 17:56:00+00:00,6375.89013671875,6375.89013671875,6375.4501953125,6375.56982421875,4978000
2025-07-29 17:57:00+00:00,6376.06982421875,6376.490234375,6375.77001953125,6375.91015625,4362000
2025-07-29 17:58:00+00:00,6376.6201171875,6376.8798828125,6376.06005859375,6376.080078125,4255000
2025-07-29 17:59:00+00:00,6376.56982421875,6376.8701171875,6376.080078125,6376.60986328125,4003000
2025-07-29 18:00:00+00:00,6376.759765625,6376.759765625,6375.68994140625,6376.60009765625,4235000
2025-07-29 18:01:00+00:00,6377.43017578125,6377.58984375,6376.72021484375,6376.72021484375,4820000
2025-07-29 18:02:00+00:00,6377.25,6377.9599609375,6377.22998046875,6377.3701171875,4470000
2025-07-29 18:03:00+00:00,6377.669921875,6378.0400390625,6376.919921875,6377.259765625,4939000
2025-07-29 18:04:00+00:00,6378.080078125,6378.1201171875,6377.39990234375,6377.64990234375,5023000
2025-07-29 18:05:00+00:00,6377.490234375,6378.3701171875,6376.1298828125,6378.10009765625,6033000
2025-07-29 18:06:00+00:00,6377.06982421875,6377.919921875,6377.0498046875,6377.509765625,4496000
2025-07-29 18:07:00+00:00,6377.64013671875,6377.66015625,6376.81005859375,6377.169921875,4462000
2025-07-29 18:08:00+00:00,6376.66015625,6377.740234375,6376.66015625,6377.68017578125,4477000
2025-07-29 18:09:00+00:00,6374.8701171875,6376.60986328125,6374.830078125,6376.60986328125,4474000
2025-07-29 18:10:00+00:00,6374.75,6374.97998046875,6374.169921875,6374.81982421875,4496000
2025-07-29 18:11:00+00:00,6374.47998046875,6375.0498046875,6374.35986328125,6374.85986328125,5107000
2025-07-29 18:12:00+00:00,6373.7998046875,6374.47021484375,6373.669921875,6374.41015625,4422000
2025-07-29 18:13:00+00:00,6375.009765625,6375.1201171875,6373.68994140625,6373.72998046875,3493000
2025-07-29 18:14:00+00:00,6375.419921875,6375.43017578125,6374.759765625,6374.9599609375,3810000
2025-07-29 18:15:00+00:00,6375.5,6375.60986328125,6375.1298828125,6375.41015625,4217000
2025-07-29 18:16:00+00:00,6375.93994140625,6376.35986328125,6374.89013671875,6375.39990234375,4318000
2025-07-29 18:17:00+00:00,6377.27001953125,6377.419921875,6376.009765625,6376.009765625,4262000
2025-07-29 18:18:00+00:00,6376.7900390625,6377.2900390625,6376.740234375,6377.25,4002000
2025-07-29 18:19:00+00:00,6376.83984375,6376.91015625,6376.2099609375,6376.77001953125,4054000
2025-07-29 18:20:00+00:00,6374.41015625,6377.16015625,6374.41015625,6376.85986328125,6739000
2025-07-29 18:21:00+00:00,6374.52978515625,6374.77978515625,6374.2001953125,6374.39990234375,4554000
2025-07-29 18:22:00+00:00,6373.85009765625,6375.14013671875,6373.85009765625,6374.5498046875,4308000
2025-07-29 18:23:00+00:00,6372.490234375,6373.52978515625,6372.43017578125,6373.52978515625,3904000
2025-07-29 18:24:00+00:00,6373.0,6373.6298828125,6372.35986328125,6372.509765625,4772000
2025-07-29 18:25:00+00:00,6372.41015625,6373.47998046875,6372.080078125,6372.97021484375,4329000
2025-07-29 18:26:00+00:00,6372.43994140625,6372.77001953125,6372.3798828125,6372.4501953125,4119000
2025-07-29 18:27:00+00:00,6372.4501953125,6372.56982421875,6371.85009765625,6372.5,4431000
2025-07-29 18:28:00+00:00,6373.0498046875,6373.5,6372.5,6372.5,4197000
2025-07-29 18:29:00+00:00,6373.47021484375,6373.7998046875,6373.0498046875,6373.0498046875,4262000
2025-07-29 18:30:00+00:00,6375.06982421875,6375.27978515625,6373.41015625,6373.47021484375,5004000
2025-07-29 18:31:00+00:00,6376.0498046875,6376.0498046875,6375.009765625,6375.080078125,4663000
2025-07-29 18:32:00+00:00,6376.7998046875,6376.83984375,6376.02001953125,6376.02001953125,4216000
2025-07-29 18:33:00+00:00,6376.93017578125,6377.14990234375,6376.6201171875,6376.75,3549000
2025-07-29 18:34:00+00:00,6376.47021484375,6377.009765625,6376.4501953125,6376.919921875,3564000
2025-07-29 18:35:00+00:00,6375.89990234375,6376.419921875,6375.7099609375,6376.419921875,5591000
2025-07-29 18:36:00+00:00,6376.27001953125,6376.33984375,6375.580078125,6375.89990234375,3883000
2025-07-29 18:37:00+00:00,6376.8798828125,6376.93017578125,6376.240234375,6376.330078125,4017000
2025-07-29 18:38:00+00:00,6377.89990234375,6377.89990234375,6376.93017578125,6376.9501953125,4367000
2025-07-29 18:39:00+00:00,6377.93017578125,6378.1298828125,6377.7001953125,6377.93994140625,4297000
2025-07-29 18:40:00+00:00,6379.0,6379.16015625,6377.89990234375,6377.89990234375,4155000
2025-07-29 18:41:00+00:00,6377.81005859375,6379.14990234375,6377.68994140625,6378.97998046875,5386000
2025-07-29 18:42:00+00:00,6376.72998046875,6377.8701171875,6376.64013671875,6377.77978515625,4819000
2025-07-29 18:43:00+00:00,6376.81005859375,6376.89013671875,6376.3701171875,6376.740234375,5106000
2025-07-29 18:44:00+00:00,6377.06982421875,6377.72021484375,6376.52978515625,6376.75,4704000
2025-07-29 18:45:00+00:00,6377.3701171875,6377.72998046875,6376.97021484375,6377.02001953125,5804000
2025-07-29 18:46:00+00:00,6376.75,6377.5,6376.72998046875,6377.3798828125,3586000
2025-07-29 18:47:00+00:00,6375.85986328125,6376.77001953125,6375.56982421875,6376.77001953125,3990000
2025-07-29 18:48:00+00:00,6375.4501953125,6375.81982421875,6375.0498046875,6375.81982421875,4025000
2025-07-29 18:49:00+00:00,6375.66015625,6375.66015625,6375.22998046875,6375.39013671875,3914000
2025-07-29 18:50:00+00:00,6375.740234375,6376.7001953125,6375.509765625,6375.64013671875,5316000
2025-07-29 18:51:00+00:00,6375.85986328125,6376.08984375,6375.10009765625,6375.66015625,5057000
2025-07-29 18:52:00+00:00,6374.83984375,6375.830078125,6374.75,6375.830078125,4576000
2025-07-29 18:53:00+00:00,6375.0498046875,6375.2001953125,6374.64990234375,6374.75,4383000
2025-07-29 18:54:00+00:00,6374.9501953125,6375.06982421875,6374.72021484375,6375.0498046875,4677000
2025-07-29 18:55:00+00:00,6374.509765625,6375.169921875,6374.43994140625,6375.0400390625,5121000
2025-07-29 18:56:00+00:00,6372.72998046875,6374.72998046875,6372.6298828125,6374.60986328125,5202000
2025-07-29 18:57:00+00:00,6373.0498046875,6373.68994140625,6372.56982421875,6372.60009765625,4545000
2025-07-29 18:58:00+00:00,6373.81982421875,6374.009765625,6372.91015625,6372.97021484375,4843000
2025-07-29 18:59:00+00:00,6373.58984375,6374.08984375,6373.5,6373.8798828125,4541000
2025-07-29 19:00:00+00:00,6373.39990234375,6373.990234375,6373.16015625,6373.58984375,5446000
2025-07-29 19:01:00+00:00,6374.16015625,6374.240234375,6373.22998046875,6373.35986328125,6085000
2025-07-29 19:02:00+00:00,6374.419921875,6374.81005859375,6374.18017578125,6374.18017578125,4540000
2025-07-29 19:03:00+00:00,6374.2099609375,6374.77001953125,6373.7998046875,6374.39013671875,4822000
2025-07-29 19:04:00+00:00,6374.330078125,6374.66015625,6374.10986328125,6374.22021484375,5114000
2025-07-29 19:05:00+00:00,6374.89013671875,6375.06005859375,6374.259765625,6374.330078125,5444000
2025-07-29 19:06:00+00:00,6375.330078125,6375.39990234375,6374.580078125,6374.97021484375,5978000
2025-07-29 19:07:00+00:00,6375.91015625,6375.93017578125,6375.06005859375,6375.22998046875,4265000
2025-07-29 19:08:00+00:00,6375.7001953125,6375.93017578125,6375.1298828125,6375.89990234375,4667000
2025-07-29 19:09:00+00:00,6374.919921875,6375.7099609375,6374.6201171875,6375.7099609375,5111000
2025-07-29 19:10:00+00:00,6374.509765625,6375.41015625,6374.31982421875,6374.89013671875,5298000
2025-07-29 19:11:00+00:00,6373.7900390625,6374.8798828125,6373.490234375,6374.5498046875,5825000
2025-07-29 19:12:00+00:00,6374.7900390625,6374.83984375,6373.759765625,6373.81005859375,5149000
2025-07-29 19:13:00+00:00,6375.60986328125,6375.60986328125,6374.6201171875,6374.7900390625,5468000
2025-07-29 19:14:00+00:00,6376.18017578125,6376.2099609375,6375.580078125,6375.580078125,5379000
2025-07-29 19:15:00+00:00,6375.89013671875,6376.3701171875,6375.66015625,6376.18994140625,5931000
2025-07-29 19:16:00+00:00,6376.1298828125,6376.3798828125,6375.72998046875,6375.81005859375,6121000
2025-07-29 19:17:00+00:00,6374.580078125,6376.5,6374.580078125,6376.14990234375,6351000
2025-07-29 19:18:00+00:00,6373.8798828125,6374.7001953125,6373.60009765625,6374.6298828125,6143000
2025-07-29 19:19:00+00:00,6374.490234375,6374.81982421875,6373.7998046875,6373.83984375,5807000
2025-07-29 19:20:00+00:00,6375.169921875,6375.2900390625,6374.39990234375,6374.47998046875,6522000
2025-07-29 19:21:00+00:00,6374.56005859375,6375.3701171875,6373.91015625,6375.06982421875,5654000
2025-07-29 19:22:00+00:00,6373.240234375,6374.419921875,6373.10009765625,6374.419921875,5599000
2025-07-29 19:23:00+00:00,6373.06982421875,6373.31982421875,6373.0,6373.259765625,5300000
2025-07-29 19:24:00+00:00,6373.47021484375,6373.72998046875,6373.10009765625,6373.10009765625,6211000
2025-07-29 19:25:00+00:00,6372.64990234375,6373.3701171875,6372.64013671875,6373.3701171875,5965000
2025-07-29 19:26:00+00:00,6372.43994140625,6372.759765625,6372.3798828125,6372.7099609375,5823000
2025-07-29 19:27:00+00:00,6371.58984375,6372.43017578125,6371.419921875,6372.43017578125,6389000
2025-07-29 19:28:00+00:00,6371.2998046875,6371.75,6371.259765625,6371.6298828125,7680000
2025-07-29 19:29:00+00:00,6371.169921875,6371.7099609375,6371.169921875,6371.35009765625,7296000
2025-07-29 19:30:00+00:00,6371.41015625,6371.7099609375,6371.2099609375,6371.2099609375,3441000
2025-07-29 19:31:00+00:00,6371.81982421875,6372.7099609375,6371.81982421875,6372.52978515625,11735000
2025-07-29 19:32:00+00:00,6371.68017578125,6372.58984375,6371.5498046875,6371.77978515625,7249000
2025-07-29 19:33:00+00:00,6371.75,6372.0498046875,6371.5498046875,6371.580078125,6790000
2025-07-29 19:34:00+00:00,6370.669921875,6372.2998046875,6370.66015625,6371.72021484375,7676000
2025-07-29 19:35:00+00:00,6368.6298828125,6370.81982421875,6368.35986328125,6370.6298828125,9880000
2025-07-29 19:36:00+00:00,6367.02001953125,6368.60986328125,6366.3798828125,6368.60986328125,9995000
2025-07-29 19:37:00+00:00,6367.10986328125,6368.91015625,6366.990234375,6366.990234375,7298000
2025-07-29 19:38:00+00:00,6365.6298828125,6367.1201171875,6365.6298828125,6367.0,8901000
2025-07-29 19:39:00+00:00,6364.2900390625,6365.5,6363.919921875,6365.5,9476000
2025-07-29 19:40:00+00:00,6366.4501953125,6366.4501953125,6364.02001953125,6364.259765625,7332000
2025-07-29 19:42:00+00:00,6365.18017578125,6366.06982421875,6365.18017578125,6365.72021484375,17494000
2025-07-29 19:43:00+00:00,6365.419921875,6365.81982421875,6364.83984375,6365.06005859375,8521000
2025-07-29 19:44:00+00:00,6367.75,6367.75,6365.35009765625,6365.47998046875,9348000
2025-07-29 19:45:00+00:00,6369.18994140625,6369.18994140625,6367.64990234375,6367.740234375,10206000
2025-07-29 19:46:00+00:00,6369.18994140625,6369.7099609375,6369.18994140625,6369.22021484375,10479000
2025-07-29 19:47:00+00:00,6370.2001953125,6370.39013671875,6369.1298828125,6369.18017578125,9611000
2025-07-29 19:48:00+00:00,6370.31005859375,6370.740234375,6369.8798828125,6370.169921875,10136000
2025-07-29 19:49:00+00:00,6371.580078125,6371.68017578125,6370.259765625,6370.33984375,12297000
2025-07-29 19:50:00+00:00,6371.10986328125,6371.8701171875,6368.7998046875,6371.52001953125,19121000
2025-07-29 19:51:00+00:00,6370.0400390625,6371.14013671875,6369.5,6371.02001953125,13797000
2025-07-29 19:52:00+00:00,6369.22998046875,6370.330078125,6369.22998046875,6369.97021484375,15771000
2025-07-29 19:53:00+00:00,6371.169921875,6371.490234375,6369.14013671875,6369.14013671875,15684000
2025-07-29 19:54:00+00:00,6371.18017578125,6371.97998046875,6370.43017578125,6371.25,19808000
2025-07-29 19:55:00+00:00,6370.22998046875,6371.16015625,6368.39013671875,6371.16015625,30178000
2025-07-29 19:56:00+00:00,6369.2099609375,6370.27001953125,6368.52001953125,6370.27001953125,28823000
2025-07-29 19:57:00+00:00,6369.56005859375,6369.919921875,6368.3798828125,6369.080078125,30863000
2025-07-29 19:58:00+00:00,6369.4501953125,6370.509765625,6369.4501953125,6369.580078125,42700000
2025-07-29 19:59:00+00:00,6371.6298828125,6372.93994140625,6369.419921875,6369.68994140625,87098000
2025-07-30 13:30:00+00:00,6373.9599609375,6381.22998046875,6373.81005859375,6381.22998046875,0
2025-07-30 13:31:00+00:00,6375.91015625,6377.56005859375,6373.22998046875,6373.759765625,16897419
2025-07-30 13:32:00+00:00,6374.18017578125,6377.4599609375,6372.60009765625,6376.14013671875,15332509
2025-07-30 13:33:00+00:00,6379.10009765625,6379.580078125,6373.89990234375,6374.259765625,11545542
2025-07-30 13:34:00+00:00,6377.68994140625,6379.77978515625,6376.89013671875,6379.08984375,12031707
2025-07-30 13:35:00+00:00,6379.4501953125,6380.5400390625,6377.490234375,6377.7998046875,10090162
2025-07-30 13:36:00+00:00,6379.06005859375,6380.240234375,6377.7900390625,6379.2998046875,10346402
2025-07-30 13:37:00+00:00,6381.0,6381.259765625,6378.56005859375,6378.7099609375,9371017
2025-07-30 13:38:00+00:00,6377.580078125,6380.81982421875,6377.10986328125,6380.81982421875,9383922
2025-07-30 13:39:00+00:00,6377.830078125,6378.81005859375,6377.43017578125,6377.52978515625,9022456
2025-07-30 13:40:00+00:00,6378.509765625,6378.75,6376.77978515625,6377.93994140625,9834529
2025-07-30 13:41:00+00:00,6377.97998046875,6379.08984375,6377.43994140625,6378.68017578125,9251474
2025-07-30 13:42:00+00:00,6376.740234375,6378.66015625,6376.35009765625,6378.0400390625,8857863
2025-07-30 13:43:00+00:00,6379.39990234375,6379.7001953125,6376.4501953125,6376.7001953125,8010942
2025-07-30 13:44:00+00:00,6380.56005859375,6380.64990234375,6378.7001953125,6379.4501953125,7726378
2025-07-30 13:45:00+00:00,6381.6201171875,6382.31982421875,6380.39013671875,6380.5,10376676
2025-07-30 13:46:00+00:00,6380.81005859375,6382.31005859375,6380.72021484375,6381.6298828125,8924868
2025-07-30 13:47:00+00:00,6377.89990234375,6382.18017578125,6377.740234375,6380.9501953125,10900645
2025-07-30 13:48:00+00:00,6378.60986328125,6379.08984375,6377.6201171875,6377.75,7833069
2025-07-30 13:49:00+00:00,6376.33984375,6378.58984375,6376.2001953125,6378.58984375,9198286
2025-07-30 13:50:00+00:00,6375.419921875,6376.35009765625,6374.93994140625,6376.14013671875,8426605
2025-07-30 13:51:00+00:00,6375.4501953125,6375.81005859375,6374.97998046875,6375.39990234375,8247754
2025-07-30 13:52:00+00:00,6375.81005859375,6376.02001953125,6373.7099609375,6375.4501953125,7351377
2025-07-30 13:53:00+00:00,6374.97021484375,6375.990234375,6374.31982421875,6375.68017578125,8198469
2025-07-30 13:54:00+00:00,6375.43017578125,6375.43017578125,6374.5,6374.990234375,7912864
2025-07-30 13:55:00+00:00,6375.4501953125,6376.18017578125,6375.3701171875,6375.580078125,7997098
2025-07-30 13:56:00+00:00,6374.06982421875,6375.669921875,6373.5498046875,6375.47998046875,7975835
2025-07-30 13:57:00+00:00,6377.41015625,6377.669921875,6373.91015625,6374.25,8136527
2025-07-30 13:58:00+00:00,6378.2001953125,6378.35986328125,6376.4599609375,6377.43994140625,6663539
2025-07-30 13:59:00+00:00,6377.509765625,6378.27978515625,6376.58984375,6378.009765625,6958864
2025-07-30 14:00:00+00:00,6376.5400390625,6378.419921875,6376.5400390625,6377.60986328125,8653579
2025-07-30 14:01:00+00:00,6376.85009765625,6377.4501953125,6375.64013671875,6376.41015625,8644274
2025-07-30 14:02:00+00:00,6375.14990234375,6377.18017578125,6375.14990234375,6377.02978515625,8022571
2025-07-30 14:03:00+00:00,6375.22021484375,6376.18017578125,6374.81982421875,6375.08984375,7254878
2025-07-30 14:04:00+00:00,6375.31982421875,6375.740234375,6374.7099609375,6375.18017578125,7687281
2025-07-30 14:05:00+00:00,6377.02978515625,6377.18017578125,6374.68994140625,6375.2998046875,9495960
2025-07-30 14:06:00+00:00,6377.39990234375,6377.52001953125,6376.77978515625,6377.14013671875,8884195
2025-07-30 14:07:00+00:00,6377.8701171875,6378.81005859375,6376.9501953125,6377.35986328125,10180314
2025-07-30 14:08:00+00:00,6377.81005859375,6378.22021484375,6377.35986328125,6377.68994140625,9332856
2025-07-30 14:09:00+00:00,6376.2998046875,6377.990234375,6376.18017578125,6377.8798828125,7738181
2025-07-30 14:10:00+00:00,6376.22021484375,6376.7001953125,6375.919921875,6376.31005859375,7621336
2025-07-30 14:11:00+00:00,6375.7099609375,6376.669921875,6375.7001953125,6376.14013671875,7675252
2025-07-30 14:12:00+00:00,6376.9599609375,6376.990234375,6375.5498046875,6375.77001953125,7619116
2025-07-30 14:13:00+00:00,6377.66015625,6378.0,6376.68017578125,6376.9501953125,6934530
2025-07-30 14:14:00+00:00,6377.58984375,6377.85986328125,6376.77978515625,6377.830078125,7236045
2025-07-30 14:15:00+00:00,6378.6298828125,6379.22021484375,6377.22998046875,6377.6298828125,7116641
2025-07-30 14:16:00+00:00,6378.43994140625,6378.89990234375,6378.0498046875,6378.580078125,6902012
2025-07-30 14:17:00+00:00,6378.5,6378.81005859375,6378.31005859375,6378.58984375,6450376
2025-07-30 14:18:00+00:00,6379.85986328125,6379.85986328125,6377.85986328125,6378.3701171875,7553319
2025-07-30 14:19:00+00:00,6381.2099609375,6381.25,6379.77978515625,6379.81982421875,7624848
2025-07-30 14:20:00+00:00,6381.68017578125,6381.81982421875,6380.68017578125,6381.22998046875,6492318
2025-07-30 14:21:00+00:00,6383.41015625,6383.5498046875,6381.580078125,6381.6201171875,8053767
2025-07-30 14:22:00+00:00,6384.93994140625,6384.93994140625,6383.0,6383.39013671875,6569323
2025-07-30 14:23:00+00:00,6386.35986328125,6386.35986328125,6383.52978515625,6384.77978515625,7411340
2025-07-30 14:24:00+00:00,6385.89990234375,6386.7900390625,6385.7900390625,6386.2900390625,6549615
2025-07-30 14:25:00+00:00,6384.16015625,6385.9501953125,6384.16015625,6385.8798828125,7007567
2025-07-30 14:26:00+00:00,6384.25,6384.8798828125,6384.02978515625,6384.18017578125,6706175
2025-07-30 14:27:00+00:00,6384.39990234375,6384.60986328125,6383.81982421875,6384.240234375,6199613
2025-07-30 14:28:00+00:00,6383.83984375,6385.2001953125,6383.83984375,6384.39990234375,6622187
2025-07-30 14:29:00+00:00,6383.16015625,6383.81982421875,6382.4501953125,6383.81982421875,6376377
2025-07-30 14:30:00+00:00,6385.830078125,6385.97998046875,6383.27001953125,6383.27001953125,7107934
2025-07-30 14:31:00+00:00,6387.0,6387.009765625,6385.0498046875,6385.66015625,7074476
2025-07-30 14:32:00+00:00,6386.509765625,6387.7998046875,6386.3798828125,6386.9599609375,6473374
2025-07-30 14:33:00+00:00,6386.6298828125,6386.8798828125,6385.75,6386.5,5937621
2025-07-30 14:34:00+00:00,6385.89013671875,6386.669921875,6385.77001953125,6386.56005859375,5931031
2025-07-30 14:35:00+00:00,6385.10009765625,6385.9599609375,6384.93994140625,6385.68017578125,6484003
2025-07-30 14:36:00+00:00,6385.759765625,6386.27978515625,6384.9501953125,6385.0,6030534
2025-07-30 14:37:00+00:00,6386.6201171875,6386.97998046875,6386.1201171875,6386.1201171875,6573879
2025-07-30 14:38:00+00:00,6385.990234375,6386.8798828125,6385.93017578125,6386.58984375,6034140
2025-07-30 14:39:00+00:00,6385.5,6386.06005859375,6385.14013671875,6386.06005859375,6344559
2025-07-30 14:40:00+00:00,6385.89013671875,6385.89013671875,6385.1298828125,6385.52978515625,6289874
2025-07-30 14:41:00+00:00,6385.7900390625,6385.89013671875,6385.669921875,6385.669921875,6342175
2025-07-30 14:42:00+00:00,6385.72021484375,6385.81005859375,6384.919921875,6385.77978515625,6321766
2025-07-30 14:43:00+00:00,6385.4599609375,6386.16015625,6385.4599609375,6385.72998046875,6003215
2025-07-30 14:44:00+00:00,6385.10986328125,6385.60986328125,6384.919921875,6385.47998046875,5704583
2025-07-30 14:45:00+00:00,6385.56005859375,6385.56005859375,6384.9501953125,6385.18017578125,5942782
2025-07-30 14:46:00+00:00,6386.14990234375,6386.669921875,6385.56982421875,6385.66015625,6767959
2025-07-30 14:47:00+00:00,6385.68017578125,6386.18994140625,6385.5498046875,6386.18994140625,6240354
2025-07-30 14:48:00+00:00,6385.0,6385.89990234375,6384.75,6385.7900390625,6429064
2025-07-30 14:49:00+00:00,6383.669921875,6385.14013671875,6383.6201171875,6385.14013671875,6272771
2025-07-30 14:50:00+00:00,6385.10986328125,6385.60986328125,6383.56982421875,6383.7001953125,5247009
2025-07-30 14:51:00+00:00,6386.16015625,6386.35009765625,6385.14990234375,6385.14990234375,5789496
2025-07-30 14:52:00+00:00,6385.6201171875,6386.10986328125,6385.080078125,6386.10986328125,6094580
2025-07-30 14:53:00+00:00,6386.14990234375,6386.169921875,6385.14990234375,6385.6201171875,5564726
2025-07-30 14:54:00+00:00,6385.10009765625,6386.169921875,6385.10009765625,6386.08984375,6599128
2025-07-30 14:55:00+00:00,6386.02978515625,6386.02978515625,6384.89990234375,6385.02978515625,6348954
2025-07-30 14:56:00+00:00,6385.97998046875,6386.5400390625,6385.669921875,6385.990234375,6538579
2025-07-30 14:57:00+00:00,6384.330078125,6385.91015625,6384.009765625,6385.89013671875,10100289
2025-07-30 14:58:00+00:00,6383.419921875,6384.27978515625,6383.259765625,6384.27978515625,6367190
2025-07-30 14:59:00+00:00,6382.64990234375,6383.419921875,6382.16015625,6383.419921875,6166024
2025-07-30 15:00:00+00:00,6383.4599609375,6383.93017578125,6382.64013671875,6382.64013671875,5947332
2025-07-30 15:01:00+00:00,6381.93017578125,6383.2900390625,6381.93017578125,6383.27001953125,6301795
2025-07-30 15:02:00+00:00,6381.58984375,6382.56005859375,6381.47021484375,6381.91015625,6477448
2025-07-30 15:03:00+00:00,6379.39013671875,6381.509765625,6379.2099609375,6381.509765625,6687925
2025-07-30 15:04:00+00:00,6379.330078125,6380.68017578125,6379.22998046875,6379.47021484375,5881540
2025-07-30 15:05:00+00:00,6379.31982421875,6379.81982421875,6379.2001953125,6379.3798828125,6271149
2025-07-30 15:06:00+00:00,6378.93017578125,6379.39990234375,6378.31005859375,6379.18994140625,6085192
2025-07-30 15:07:00+00:00,6378.97021484375,6379.7099609375,6378.85009765625,6379.0400390625,6251904
2025-07-30 15:08:00+00:00,6378.8701171875,6379.66015625,6378.830078125,6378.93994140625,6512918
2025-07-30 15:09:00+00:00,6377.64990234375,6378.85009765625,6377.3701171875,6378.85009765625,4569848
2025-07-30 15:10:00+00:00,6376.85009765625,6377.02978515625,6376.02001953125,6376.68017578125,7386527
2025-07-30 15:11:00+00:00,6374.14990234375,6376.7998046875,6373.830078125,6376.7900390625,7797946
2025-07-30 15:12:00+00:00,6373.97021484375,6374.43994140625,6372.33984375,6373.85986328125,6939414
2025-07-30 15:13:00+00:00,6372.52001953125,6374.31005859375,6372.43994140625,6373.93994140625,6102440
2025-07-30 15:14:00+00:00,6371.89990234375,6372.52001953125,6371.580078125,6372.39013671875,6068053
2025-07-30 15:15:00+00:00,6372.7998046875,6372.9501953125,6370.6201171875,6371.9599609375,6591612
2025-07-30 15:16:00+00:00,6373.64990234375,6374.2001953125,6372.64990234375,6372.85986328125,6079617
2025-07-30 15:17:00+00:00,6375.1201171875,6375.1201171875,6373.4599609375,6373.64990234375,5329608
2025-07-30 15:18:00+00:00,6374.0,6375.18017578125,6373.47021484375,6375.18017578125,4991360
2025-07-30 15:19:00+00:00,6374.02001953125,6374.169921875,6373.60009765625,6374.080078125,4719262
2025-07-30 15:20:00+00:00,6373.990234375,6374.240234375,6373.14990234375,6373.9501953125,4951347
2025-07-30 15:21:00+00:00,6375.259765625,6375.6201171875,6373.8701171875,6374.02001953125,5124484
2025-07-30 15:22:00+00:00,6374.509765625,6375.3798828125,6374.509765625,6375.3798828125,5070803
2025-07-30 15:23:00+00:00,6375.93017578125,6376.4599609375,6374.52001953125,6374.52001953125,4908500
2025-07-30 15:24:00+00:00,6376.509765625,6376.68994140625,6375.919921875,6375.919921875,6495014
2025-07-30 15:25:00+00:00,6376.490234375,6377.0498046875,6376.25,6376.5,5488803
2025-07-30 15:26:00+00:00,6374.89990234375,6376.81982421875,6374.89990234375,6376.47998046875,5309693
2025-07-30 15:27:00+00:00,6373.7099609375,6374.759765625,6373.6201171875,6374.759765625,5391207
2025-07-30 15:28:00+00:00,6373.64990234375,6374.169921875,6373.2998046875,6373.68994140625,5229366
2025-07-30 15:29:00+00:00,6373.39990234375,6373.89990234375,6372.93994140625,6373.58984375,5948924
2025-07-30 15:30:00+00:00,6373.75,6374.2001953125,6372.81982421875,6373.47021484375,6052304
2025-07-30 15:31:00+00:00,6372.4501953125,6374.330078125,6372.4501953125,6373.9599609375,5280467
2025-07-30 15:32:00+00:00,6372.259765625,6372.52001953125,6371.4501953125,6371.9599609375,5229901
2025-07-30 15:33:00+00:00,6372.740234375,6373.0,6372.02978515625,6372.35986328125,4664840
2025-07-30 15:34:00+00:00,6372.60009765625,6373.080078125,6372.35986328125,6372.759765625,5088351
2025-07-30 15:35:00+00:00,6374.08984375,6374.10986328125,6372.52001953125,6372.6298828125,5316760
2025-07-30 15:36:00+00:00,6374.5498046875,6374.97021484375,6374.0498046875,6374.10986328125,5866988
2025-07-30 15:37:00+00:00,6373.75,6374.66015625,6373.6298828125,6374.5400390625,5178844
2025-07-30 15:38:00+00:00,6374.18994140625,6374.3701171875,6373.47998046875,6373.740234375,4867198
2025-07-30 15:39:00+00:00,6373.740234375,6374.259765625,6373.2998046875,6374.240234375,5464252
2025-07-30 15:40:00+00:00,6374.52001953125,6375.14013671875,6373.72021484375,6373.740234375,4964073
2025-07-30 15:41:00+00:00,6375.0498046875,6375.14013671875,6373.8701171875,6374.56982421875,4920213
2025-07-30 15:42:00+00:00,6375.31982421875,6375.64990234375,6375.0,6375.0498046875,5816000
2025-07-30 15:43:00+00:00,6376.06005859375,6376.22998046875,6375.330078125,6375.3701171875,4881000
2025-07-30 15:44:00+00:00,6376.66015625,6377.14013671875,6376.06005859375,6376.080078125,5169000
2025-07-30 15:45:00+00:00,6375.93994140625,6376.64990234375,6375.6201171875,6376.64990234375,4293000
2025-07-30 15:46:00+00:00,6376.830078125,6377.1298828125,6375.759765625,6376.009765625,5236000
2025-07-30 15:47:00+00:00,6376.72998046875,6376.89990234375,6375.93994140625,6376.85986328125,4256000
2025-07-30 15:48:00+00:00,6376.990234375,6377.0,6376.5400390625,6376.6298828125,4510000
2025-07-30 15:49:00+00:00,6377.169921875,6377.56005859375,6376.81005859375,6377.0498046875,4989000
2025-07-30 15:50:00+00:00,6376.93994140625,6377.52978515625,6376.93017578125,6377.18994140625,4400000
2025-07-30 15:51:00+00:00,6377.52001953125,6377.52001953125,6376.740234375,6376.97998046875,4676000
2025-07-30 15:52:00+00:00,6377.3701171875,6377.56005859375,6376.77978515625,6377.56005859375,5058000
2025-07-30 15:53:00+00:00,6377.4599609375,6377.509765625,6377.14013671875,6377.41015625,4977000
2025-07-30 15:54:00+00:00,6378.990234375,6378.990234375,6377.31005859375,6377.31005859375,5250000
2025-07-30 15:55:00+00:00,6379.2998046875,6379.5,6378.4599609375,6379.0400390625,4385000
2025-07-30 15:56:00+00:00,6379.64013671875,6379.740234375,6378.990234375,6379.27001953125,5272000
2025-07-30 15:57:00+00:00,6380.72998046875,6381.06005859375,6379.85009765625,6379.8701171875,5326000
2025-07-30 15:58:00+00:00,6381.2998046875,6381.580078125,6380.75,6380.75,4937000
2025-07-30 15:59:00+00:00,6381.4501953125,6381.60986328125,6381.02978515625,6381.22998046875,4798000
2025-07-30 16:00:00+00:00,6380.56005859375,6381.6201171875,6380.3701171875,6381.58984375,4968000
2025-07-30 16:01:00+00:00,6381.6298828125,6381.81982421875,6380.47021484375,6380.5400390625,5497000
2025-07-30 16:02:00+00:00,6380.240234375,6381.68994140625,6380.240234375,6381.56982421875,5124000
2025-07-30 16:03:00+00:00,6380.77001953125,6380.81982421875,6379.919921875,6380.27001953125,3895000
2025-07-30 16:04:00+00:00,6381.2001953125,6381.39013671875,6380.830078125,6380.830078125,4043000
2025-07-30 16:05:00+00:00,6381.47998046875,6381.85986328125,6380.81005859375,6381.2001953125,4303000
2025-07-30 16:06:00+00:00,6381.06005859375,6381.5400390625,6380.93994140625,6381.4501953125,4258000
2025-07-30 16:07:00+00:00,6380.97021484375,6381.4501953125,6380.93017578125,6381.14013671875,4273000
2025-07-30 16:08:00+00:00,6381.14013671875,6381.72021484375,6380.919921875,6380.97021484375,4328000
2025-07-30 16:09:00+00:00,6381.31005859375,6381.39990234375,6381.080078125,6381.14013671875,4986000
2025-07-30 16:12:00+00:00,6381.60009765625,6381.60009765625,6380.830078125,6380.89990234375,12858000
2025-07-30 16:13:00+00:00,6382.58984375,6382.6201171875,6381.77978515625,6381.77978515625,3911000
2025-07-30 16:14:00+00:00,6383.02001953125,6383.06982421875,6382.6298828125,6382.6298828125,3943000
2025-07-30 16:15:00+00:00,6383.330078125,6383.330078125,6382.740234375,6383.02978515625,4975000
2025-07-30 16:16:00+00:00,6385.08984375,6385.18017578125,6383.35009765625,6383.35009765625,4779000
2025-07-30 16:17:00+00:00,6384.7900390625,6385.81982421875,6384.75,6385.18994140625,5569000
2025-07-30 16:18:00+00:00,6384.490234375,6385.169921875,6384.490234375,6384.77978515625,4001000
2025-07-30 16:19:00+00:00,6384.759765625,6384.7998046875,6384.33984375,6384.4599609375,3638000
2025-07-30 16:20:00+00:00,6386.22998046875,6386.33984375,6384.75,6384.75,4611000
2025-07-30 16:21:00+00:00,6386.18994140625,6386.740234375,6385.89990234375,6386.22021484375,4316000
2025-07-30 16:22:00+00:00,6386.81005859375,6386.91015625,6386.259765625,6386.27978515625,4626000
2025-07-30 16:23:00+00:00,6386.81005859375,6387.08984375,6386.4599609375,6386.830078125,3753000
2025-07-30 16:24:00+00:00,6386.2998046875,6386.77978515625,6386.2998046875,6386.77001953125,3827000
2025-07-30 16:25:00+00:00,6385.169921875,6386.2900390625,6385.169921875,6386.2900390625,4436000
2025-07-30 16:26:00+00:00,6385.35009765625,6385.4501953125,6384.33984375,6385.10009765625,4710000
2025-07-30 16:27:00+00:00,6385.68994140625,6386.16015625,6385.080078125,6385.33984375,3680000
2025-07-30 16:28:00+00:00,6385.10009765625,6385.77978515625,6384.89990234375,6385.72021484375,3941000
2025-07-30 16:29:00+00:00,6385.97021484375,6385.97021484375,6385.10009765625,6385.10009765625,3858000
2025-07-30 16:30:00+00:00,6385.7001953125,6386.68994140625,6385.7001953125,6385.919921875,4369000
2025-07-30 16:31:00+00:00,6385.75,6385.89990234375,6385.18017578125,6385.5,3380000
2025-07-30 16:32:00+00:00,6385.2900390625,6385.72021484375,6384.91015625,6385.72021484375,3670000
2025-07-30 16:33:00+00:00,6385.5400390625,6385.60986328125,6385.169921875,6385.2001953125,3526000
2025-07-30 16:34:00+00:00,6385.89990234375,6386.06982421875,6385.3701171875,6385.72998046875,4112000
2025-07-30 16:35:00+00:00,6385.33984375,6386.009765625,6385.33984375,6385.8701171875,3407000
2025-07-30 16:36:00+00:00,6385.27001953125,6385.759765625,6385.2099609375,6385.39013671875,3876000
2025-07-30 16:37:00+00:00,6384.85986328125,6385.64990234375,6384.56005859375,6385.22021484375,4031000
2025-07-30 16:38:00+00:00,6384.2001953125,6384.9599609375,6383.93017578125,6384.9599609375,3585000
2025-07-30 16:39:00+00:00,6384.77978515625,6384.77978515625,6384.2001953125,6384.2001953125,3899000
2025-07-30 16:40:00+00:00,6383.81005859375,6384.85009765625,6383.81005859375,6384.7099609375,5765000
2025-07-30 16:41:00+00:00,6383.0400390625,6384.1298828125,6382.93017578125,6383.85986328125,4827000
2025-07-30 16:42:00+00:00,6383.60986328125,6383.75,6382.93017578125,6383.06005859375,4392000
2025-07-30 16:43:00+00:00,6384.2998046875,6384.5400390625,6383.64990234375,6383.64990234375,3922000
2025-07-30 16:44:00+00:00,6383.58984375,6384.5400390625,6383.419921875,6384.27978515625,3832000
2025-07-30 16:45:00+00:00,6383.58984375,6383.83984375,6383.43017578125,6383.580078125,4172000
2025-07-30 16:46:00+00:00,6384.64990234375,6384.64990234375,6383.72021484375,6383.740234375,3850000
2025-07-30 16:47:00+00:00,6384.2099609375,6384.72021484375,6384.14013671875,6384.64013671875,4387000
2025-07-30 16:48:00+00:00,6384.0400390625,6384.22998046875,6383.85986328125,6384.08984375,3415000
2025-07-30 16:49:00+00:00,6384.330078125,6384.52978515625,6383.89013671875,6384.08984375,4511000
2025-07-30 16:50:00+00:00,6384.669921875,6384.81005859375,6384.169921875,6384.25,4712000
2025-07-30 16:51:00+00:00,6385.2900390625,6385.60009765625,6384.68994140625,6384.7099609375,4189000
2025-07-30 16:52:00+00:00,6386.08984375,6386.08984375,6384.9501953125,6385.31005859375,4630000
2025-07-30 16:53:00+00:00,6385.3701171875,6386.22021484375,6385.33984375,6386.10009765625,4336000
2025-07-30 16:54:00+00:00,6385.08984375,6385.52978515625,6385.08984375,6385.35986328125,3185000
2025-07-30 16:55:00+00:00,6384.1298828125,6385.4599609375,6384.1298828125,6385.080078125,3258000
2025-07-30 16:56:00+00:00,6384.93017578125,6384.990234375,6383.9599609375,6384.22998046875,3819000
2025-07-30 16:57:00+00:00,6384.02001953125,6385.0400390625,6384.02001953125,6384.9501953125,4441000
2025-07-30 16:58:00+00:00,6384.7099609375,6384.7099609375,6383.85009765625,6383.97998046875,4016000
2025-07-30 16:59:00+00:00,6384.8798828125,6384.990234375,6384.64990234375,6384.64990234375,3599000
2025-07-30 17:00:00+00:00,6385.56982421875,6385.56982421875,6384.740234375,6384.89990234375,3947000
2025-07-30 17:01:00+00:00,6386.02978515625,6386.06005859375,6385.580078125,6385.580078125,3793000
2025-07-30 17:02:00+00:00,6386.47021484375,6386.6201171875,6385.6201171875,6386.06982421875,4320000
2025-07-30 17:03:00+00:00,6386.60009765625,6386.60009765625,6386.10009765625,6386.4599609375,4355000
2025-07-30 17:04:00+00:00,6386.27001953125,6386.8701171875,6386.259765625,6386.56982421875,4175000
2025-07-30 17:05:00+00:00,6386.4599609375,6386.509765625,6385.97998046875,6386.25,3317000
2025-07-30 17:06:00+00:00,6385.419921875,6386.47998046875,6385.3701171875,6386.47998046875,3982000
2025-07-30 17:07:00+00:00,6384.41015625,6385.41015625,6384.35986328125,6385.41015625,3759000
2025-07-30 17:08:00+00:00,6384.2099609375,6384.39990234375,6384.10009765625,6384.39990234375,3655000
2025-07-30 17:09:00+00:00,6383.759765625,6384.2001953125,6383.66015625,6384.2001953125,3390000
2025-07-30 17:10:00+00:00,6383.31982421875,6383.7900390625,6383.18017578125,6383.7099609375,3295000
2025-07-30 17:11:00+00:00,6384.60009765625,6384.60009765625,6383.259765625,6383.259765625,3831000
2025-07-30 17:12:00+00:00,6383.85009765625,6384.8701171875,6383.68994140625,6384.66015625,4194000
2025-07-30 17:13:00+00:00,6384.39990234375,6384.4599609375,6383.8701171875,6383.8701171875,3436000
2025-07-30 17:14:00+00:00,6383.58984375,6384.33984375,6383.58984375,6384.33984375,3200000
2025-07-30 17:15:00+00:00,6383.35009765625,6383.83984375,6383.330078125,6383.56005859375,3963000
2025-07-30 17:16:00+00:00,6384.02001953125,6384.06982421875,6383.2001953125,6383.2001953125,4006000
2025-07-30 17:17:00+00:00,6383.3798828125,6383.990234375,6382.93994140625,6383.97998046875,4048000
2025-07-30 17:18:00+00:00,6383.81005859375,6384.10986328125,6383.39013671875,6383.39013671875,3645000
2025-07-30 17:19:00+00:00,6383.60986328125,6383.7900390625,6382.9599609375,6383.72998046875,4034000
2025-07-30 17:20:00+00:00,6383.6298828125,6384.080078125,6383.41015625,6383.580078125,3610000
2025-07-30 17:21:00+00:00,6383.31005859375,6383.60986328125,6383.0498046875,6383.56005859375,3663000
2025-07-30 17:22:00+00:00,6383.240234375,6383.31982421875,6382.97021484375,6383.31982421875,2963000
2025-07-30 17:23:00+00:00,6382.39990234375,6383.18017578125,6382.3798828125,6383.18017578125,3440000
2025-07-30 17:24:00+00:00,6382.43994140625,6382.85009765625,6382.2900390625,6382.31982421875,3414000
2025-07-30 17:25:00+00:00,6383.3798828125,6383.3798828125,6382.330078125,6382.43994140625,3602000
2025-07-30 17:26:00+00:00,6383.509765625,6383.93994140625,6383.25,6383.419921875,3688000
2025-07-30 17:27:00+00:00,6383.60986328125,6383.77001953125,6382.93017578125,6383.5498046875,4500000
2025-07-30 17:28:00+00:00,6383.2099609375,6383.60009765625,6382.9501953125,6383.58984375,3028000
2025-07-30 17:29:00+00:00,6382.4599609375,6383.240234375,6382.31005859375,6383.18994140625,3584000
2025-07-30 17:30:00+00:00,6382.8798828125,6383.1298828125,6382.240234375,6382.4599609375,3902000
2025-07-30 17:31:00+00:00,6382.10009765625,6382.89013671875,6382.0400390625,6382.89013671875,3903000
2025-07-30 17:32:00+00:00,6382.1201171875,6382.2900390625,6381.8798828125,6382.06005859375,4351000
2025-07-30 17:33:00+00:00,6383.5498046875,6383.5498046875,6382.10986328125,6382.14990234375,4119000
2025-07-30 17:34:00+00:00,6384.64990234375,6384.72998046875,6383.5400390625,6383.5400390625,3531000
2025-07-30 17:35:00+00:00,6384.18994140625,6384.56982421875,6383.8798828125,6384.56982421875,3584000
2025-07-30 17:36:00+00:00,6384.27001953125,6384.6298828125,6384.169921875,6384.22998046875,3697000
2025-07-30 17:37:00+00:00,6385.509765625,6385.52001953125,6384.33984375,6384.33984375,3776000
2025-07-30 17:38:00+00:00,6385.93017578125,6386.1201171875,6385.47021484375,6385.5498046875,3576000
2025-07-30 17:39:00+00:00,6386.85009765625,6386.85009765625,6385.77001953125,6385.9501953125,4190000
2025-07-30 17:40:00+00:00,6388.22021484375,6388.240234375,6386.8798828125,6386.8798828125,5144000
2025-07-30 17:41:00+00:00,6388.3701171875,6388.39013671875,6387.97021484375,6388.27978515625,3762000
2025-07-30 17:42:00+00:00,6388.39013671875,6388.56982421875,6388.2998046875,6388.41015625,3230000
2025-07-30 17:43:00+00:00,6389.16015625,6389.2998046875,6388.25,6388.4599609375,4951000
2025-07-30 17:44:00+00:00,6389.0400390625,6389.22021484375,6388.7998046875,6389.18017578125,3651000
2025-07-30 17:45:00+00:00,6387.93994140625,6389.10986328125,6387.89013671875,6389.0498046875,4302000
2025-07-30 17:46:00+00:00,6388.0,6388.14990234375,6387.02978515625,6387.91015625,4869000
2025-07-30 17:47:00+00:00,6386.81982421875,6388.009765625,6386.81982421875,6388.009765625,3817000
2025-07-30 17:48:00+00:00,6386.7001953125,6386.919921875,6386.35009765625,6386.6298828125,3348000
2025-07-30 17:49:00+00:00,6385.91015625,6386.60986328125,6385.91015625,6386.580078125,3322000
2025-07-30 17:50:00+00:00,6385.419921875,6385.93017578125,6385.31005859375,6385.93017578125,4230000
2025-07-30 17:51:00+00:00,6385.47998046875,6385.5400390625,6384.77978515625,6385.5,4566000
2025-07-30 17:52:00+00:00,6385.169921875,6385.5,6385.080078125,6385.43994140625,3699000
2025-07-30 17:53:00+00:00,6386.97998046875,6387.14990234375,6385.2001953125,6385.2001953125,4443000
2025-07-30 17:54:00+00:00,6386.7900390625,6387.35009765625,6386.7900390625,6387.02001953125,3417000
2025-07-30 17:55:00+00:00,6386.22021484375,6386.89013671875,6386.22021484375,6386.740234375,3261000
2025-07-30 17:56:00+00:00,6387.1298828125,6387.1298828125,6385.93017578125,6386.2001953125,3265000
2025-07-30 17:57:00+00:00,6387.5,6387.509765625,6387.06005859375,6387.16015625,3050000
2025-07-30 17:58:00+00:00,6387.18017578125,6387.58984375,6387.16015625,6387.4501953125,4213000
2025-07-30 17:59:00+00:00,6386.56982421875,6387.14013671875,6386.10009765625,6387.14013671875,5867000
2025-07-30 18:00:00+00:00,6389.41015625,6390.25,6386.2099609375,6386.6298828125,8748000
2025-07-30 18:01:00+00:00,6385.10009765625,6389.39013671875,6385.10009765625,6389.39013671875,7218000
2025-07-30 18:02:00+00:00,6381.39013671875,6384.56982421875,6381.009765625,6384.56982421875,9854000
2025-07-30 18:03:00+00:00,6383.419921875,6383.43994140625,6381.1298828125,6381.39990234375,7067000
2025-07-30 18:04:00+00:00,6384.06005859375,6384.169921875,6382.9501953125,6383.41015625,5314000
2025-07-30 18:05:00+00:00,6384.60009765625,6386.18994140625,6383.93017578125,6383.93017578125,7377000
2025-07-30 18:06:00+00:00,6385.06005859375,6385.35009765625,6383.7099609375,6384.5,6817000
2025-07-30 18:07:00+00:00,6385.72998046875,6385.9501953125,6384.7900390625,6385.18994140625,6271000
2025-07-30 18:08:00+00:00,6385.0498046875,6386.2099609375,6384.7099609375,6385.740234375,6195000
2025-07-30 18:09:00+00:00,6385.4501953125,6385.4501953125,6384.47998046875,6385.1298828125,5932000
2025-07-30 18:10:00+00:00,6386.93994140625,6388.10009765625,6385.58984375,6385.58984375,6416000
2025-07-30 18:11:00+00:00,6386.5,6387.0,6386.31982421875,6386.919921875,5896000
2025-07-30 18:12:00+00:00,6386.02001953125,6386.830078125,6384.990234375,6386.490234375,6024000
2025-07-30 18:13:00+00:00,6385.56005859375,6386.58984375,6385.5,6385.990234375,6197000
2025-07-30 18:14:00+00:00,6383.66015625,6385.8701171875,6383.18017578125,6385.5,6495000
2025-07-30 18:15:00+00:00,6384.490234375,6384.68994140625,6383.4599609375,6383.6201171875,4732000
2025-07-30 18:16:00+00:00,6383.2900390625,6384.66015625,6383.02001953125,6384.509765625,5699000
2025-07-30 18:17:00+00:00,6383.56982421875,6383.6201171875,6382.77001953125,6383.2998046875,5048000
2025-07-30 18:18:00+00:00,6383.1201171875,6383.68017578125,6382.580078125,6383.580078125,5745000
2025-07-30 18:19:00+00:00,6383.0400390625,6383.240234375,6382.5400390625,6383.16015625,5613000
2025-07-30 18:20:00+00:00,6383.9501953125,6384.080078125,6382.3798828125,6383.06005859375,6200000
2025-07-30 18:21:00+00:00,6382.5,6383.9501953125,6382.5,6383.9501953125,4867000
2025-07-30 18:22:00+00:00,6383.14013671875,6383.14013671875,6381.4501953125,6382.2900390625,6241000
2025-07-30 18:23:00+00:00,6385.2900390625,6385.39013671875,6383.009765625,6383.14013671875,6698000
2025-07-30 18:24:00+00:00,6384.83984375,6385.56005859375,6384.77001953125,6385.240234375,4638000
2025-07-30 18:25:00+00:00,6386.1298828125,6386.1298828125,6384.83984375,6384.93994140625,4709000
2025-07-30 18:26:00+00:00,6387.169921875,6387.169921875,6385.8701171875,6386.0498046875,4751000
2025-07-30 18:27:00+00:00,6387.52978515625,6387.81982421875,6387.1201171875,6387.18994140625,4605000
2025-07-30 18:28:00+00:00,6387.39013671875,6387.91015625,6387.1201171875,6387.3798828125,4497000
2025-07-30 18:29:00+00:00,6387.91015625,6388.02978515625,6387.0,6387.490234375,4091000
2025-07-30 18:30:00+00:00,6387.97021484375,6388.18017578125,6387.3798828125,6387.89013671875,5337000
2025-07-30 18:31:00+00:00,6391.8798828125,6392.009765625,6388.009765625,6388.009765625,8233000
2025-07-30 18:32:00+00:00,6391.240234375,6392.2900390625,6390.89013671875,6391.89013671875,5414000
2025-07-30 18:33:00+00:00,6390.4599609375,6392.35986328125,6390.06982421875,6391.3701171875,5765000
2025-07-30 18:34:00+00:00,6393.25,6394.43017578125,6390.47998046875,6390.52978515625,8181000
2025-07-30 18:35:00+00:00,6395.9501953125,6396.080078125,6392.8701171875,6393.2900390625,6567000
2025-07-30 18:36:00+00:00,6388.8798828125,6396.5400390625,6388.330078125,6396.18017578125,9726000
2025-07-30 18:37:00+00:00,6386.52001953125,6392.81005859375,6386.419921875,6389.10009765625,11661000
2025-07-30 18:38:00+00:00,6383.31005859375,6388.35986328125,6383.18017578125,6386.68994140625,6676000
2025-07-30 18:39:00+00:00,6383.669921875,6385.85986328125,6382.080078125,6383.7099609375,7793000
2025-07-30 18:40:00+00:00,6380.97021484375,6383.52001953125,6380.06005859375,6383.52001953125,6990000
2025-07-30 18:41:00+00:00,6379.3798828125,6380.8701171875,6376.3701171875,6380.8701171875,9204000
2025-07-30 18:42:00+00:00,6381.27978515625,6381.68994140625,6378.14990234375,6379.1201171875,6244000
2025-07-30 18:43:00+00:00,6383.16015625,6383.64013671875,6381.259765625,6381.259765625,6115000
2025-07-30 18:44:00+00:00,6384.240234375,6384.97998046875,6382.6201171875,6383.22998046875,5424000
2025-07-30 18:45:00+00:00,6385.33984375,6386.43017578125,6383.68017578125,6384.22998046875,5388000
2025-07-30 18:46:00+00:00,6382.68994140625,6386.77978515625,6382.27001953125,6385.52978515625,6645000
2025-07-30 18:47:00+00:00,6383.0,6383.669921875,6381.35986328125,6382.81005859375,7359000
2025-07-30 18:48:00+00:00,6376.0498046875,6382.81005859375,6375.97998046875,6382.81005859375,8321000
2025-07-30 18:49:00+00:00,6375.75,6377.10009765625,6374.66015625,6375.9599609375,8997000
2025-07-30 18:50:00+00:00,6367.2998046875,6375.5498046875,6366.580078125,6375.5498046875,11919000
2025-07-30 18:51:00+00:00,6372.7998046875,6373.18017578125,6367.06005859375,6367.2099609375,9045000
2025-07-30 18:52:00+00:00,6370.259765625,6372.72998046875,6370.18994140625,6372.72998046875,6511000
2025-07-30 18:53:00+00:00,6369.27978515625,6370.33984375,6366.06005859375,6370.33984375,7532000
2025-07-30 18:54:00+00:00,6366.68017578125,6371.83984375,6366.580078125,6369.4599609375,7143000
2025-07-30 18:55:00+00:00,6364.0,6368.10009765625,6363.5400390625,6366.39990234375,7676000
2025-07-30 18:56:00+00:00,6357.509765625,6363.89013671875,6355.5498046875,6363.89013671875,9977000
2025-07-30 18:57:00+00:00,6355.97021484375,6357.56005859375,6354.10009765625,6357.56005859375,8779000
2025-07-30 18:58:00+00:00,6354.080078125,6357.89990234375,6353.009765625,6355.97021484375,8850000
2025-07-30 18:59:00+00:00,6348.18017578125,6354.240234375,6346.5498046875,6354.240234375,11000000
2025-07-30 19:00:00+00:00,6343.43994140625,6348.080078125,6338.4599609375,6348.080078125,14783000
2025-07-30 19:01:00+00:00,6345.27978515625,6345.27978515625,6339.7001953125,6343.64990234375,10719000
2025-07-30 19:02:00+00:00,6350.18017578125,6350.5400390625,6342.490234375,6345.25,9963000
2025-07-30 19:03:00+00:00,6344.72998046875,6350.35009765625,6344.72998046875,6350.35009765625,8988000
2025-07-30 19:04:00+00:00,6341.25,6344.60986328125,6340.10009765625,6344.509765625,8521000
2025-07-30 19:05:00+00:00,6338.47998046875,6342.89013671875,6337.64990234375,6341.2099609375,9518000
2025-07-30 19:06:00+00:00,6343.16015625,6343.16015625,6336.3798828125,6338.47998046875,9807000
2025-07-30 19:07:00+00:00,6344.7001953125,6346.72021484375,6342.10009765625,6342.89013671875,8143000
2025-07-30 19:08:00+00:00,6343.6298828125,6345.0400390625,6339.18994140625,6344.58984375,9808000
2025-07-30 19:09:00+00:00,6348.02978515625,6348.77978515625,6344.2099609375,6344.2099609375,8302000
2025-07-30 19:10:00+00:00,6346.77978515625,6348.10009765625,6345.81982421875,6348.10009765625,7282000
2025-07-30 19:11:00+00:00,6350.39990234375,6352.7099609375,6345.39013671875,6346.81982421875,9219000
2025-07-30 19:12:00+00:00,6352.52978515625,6353.56005859375,6350.35009765625,6350.35009765625,8001000
2025-07-30 19:13:00+00:00,6355.5,6355.5,6350.8798828125,6352.2900390625,8169000
2025-07-30 19:14:00+00:00,6353.8798828125,6359.85986328125,6353.8798828125,6355.4599609375,11408000
2025-07-30 19:15:00+00:00,6355.60009765625,6355.60009765625,6352.97021484375,6353.919921875,7856000
2025-07-30 19:16:00+00:00,6346.97021484375,6355.35009765625,6346.97021484375,6355.35009765625,9513000
2025-07-30 19:17:00+00:00,6349.259765625,6349.259765625,6345.6298828125,6346.85009765625,8518000
2025-07-30 19:18:00+00:00,6348.68017578125,6351.7099609375,6348.669921875,6349.169921875,7448000
2025-07-30 19:19:00+00:00,6348.3798828125,6348.83984375,6347.16015625,6348.5400390625,6746000
2025-07-30 19:20:00+00:00,6350.7099609375,6350.75,6346.77978515625,6348.3701171875,7950000
2025-07-30 19:21:00+00:00,6347.18017578125,6351.740234375,6347.18017578125,6350.66015625,9541000
2025-07-30 19:22:00+00:00,6343.47021484375,6347.419921875,6343.47021484375,6347.06005859375,8185000
2025-07-30 19:23:00+00:00,6340.740234375,6343.33984375,6340.6298828125,6342.60986328125,8014000
2025-07-30 19:24:00+00:00,6340.3701171875,6342.16015625,6339.8701171875,6340.52978515625,9081000
2025-07-30 19:25:00+00:00,6342.93017578125,6343.009765625,6340.31982421875,6340.31982421875,7566000
2025-07-30 19:26:00+00:00,6341.2001953125,6343.56005859375,6339.4599609375,6342.9501953125,7962000
2025-07-30 19:27:00+00:00,6341.419921875,6341.47021484375,6339.72998046875,6341.02978515625,7840000
2025-07-30 19:28:00+00:00,6337.22021484375,6341.3701171875,6337.22021484375,6341.2900390625,9141000
2025-07-30 19:29:00+00:00,6340.60009765625,6340.60009765625,6337.39990234375,6337.39990234375,8680000
2025-07-30 19:30:00+00:00,6344.990234375,6344.990234375,6340.60986328125,6340.60986328125,10365000
2025-07-30 19:31:00+00:00,6346.490234375,6348.22021484375,6344.740234375,6344.81982421875,10125000
2025-07-30 19:33:00+00:00,6342.330078125,6345.64990234375,6342.330078125,6344.14013671875,18076000
2025-07-30 19:34:00+00:00,6343.3798828125,6343.3798828125,6341.72021484375,6342.169921875,8272000
2025-07-30 19:35:00+00:00,6345.52001953125,6345.58984375,6341.39013671875,6343.27001953125,10315000
2025-07-30 19:36:00+00:00,6341.97021484375,6345.6201171875,6341.81982421875,6345.56005859375,9907000
2025-07-30 19:37:00+00:00,6339.47021484375,6341.8798828125,6339.10986328125,6341.81005859375,9125000
2025-07-30 19:38:00+00:00,6340.7900390625,6341.85986328125,6339.25,6339.41015625,9419000
2025-07-30 19:39:00+00:00,6339.02978515625,6341.0,6338.60009765625,6340.830078125,8977000
2025-07-30 19:40:00+00:00,6338.89013671875,6339.14013671875,6337.0,6338.72998046875,11058000
2025-07-30 19:41:00+00:00,6342.740234375,6343.169921875,6338.990234375,6339.0,10053000
2025-07-30 19:42:00+00:00,6338.77978515625,6344.080078125,6338.77978515625,6342.919921875,11606000
2025-07-30 19:43:00+00:00,6338.66015625,6338.75,6337.2900390625,6338.75,9648000
2025-07-30 19:44:00+00:00,6339.2900390625,6339.72998046875,6338.39990234375,6338.85986328125,9058000
2025-07-30 19:45:00+00:00,6343.990234375,6343.990234375,6339.18017578125,6339.18017578125,12817000
2025-07-30 19:46:00+00:00,6347.43017578125,6347.56982421875,6343.89990234375,6343.89990234375,11912000
2025-07-30 19:47:00+00:00,6347.8701171875,6348.16015625,6346.68017578125,6347.47021484375,11342000
2025-07-30 19:48:00+00:00,6345.740234375,6349.39013671875,6345.740234375,6347.81982421875,13661000
2025-07-30 19:49:00+00:00,6347.02001953125,6348.7900390625,6345.2001953125,6345.60986328125,13848000
2025-07-30 19:50:00+00:00,6352.56982421875,6354.759765625,6346.990234375,6346.990234375,21323000
2025-07-30 19:51:00+00:00,6353.68017578125,6354.6298828125,6350.6201171875,6352.60986328125,16899000
2025-07-30 19:52:00+00:00,6351.6298828125,6353.669921875,6350.41015625,6353.669921875,16155000
2025-07-30 19:53:00+00:00,6352.240234375,6352.3701171875,6349.0,6351.64013671875,18255000
2025-07-30 19:54:00+00:00,6354.25,6355.77001953125,6352.4501953125,6352.4501953125,22112000
2025-07-30 19:55:00+00:00,6355.72021484375,6355.740234375,6350.35009765625,6354.240234375,30824000
2025-07-30 19:56:00+00:00,6359.60009765625,6359.60009765625,6355.91015625,6355.91015625,29745000
2025-07-30 19:57:00+00:00,6362.0,6364.419921875,6359.43994140625,6359.509765625,33481000
2025-07-30 19:58:00+00:00,6364.75,6364.81005859375,6361.83984375,6361.83984375,42185000
2025-07-30 19:59:00+00:00,6364.830078125,6366.08984375,6360.009765625,6364.6298828125,83864000
